"第1層","第2層","第3層","第4層","UID","H28対応項目"
"プロフェッショナリズム","信頼","誠実さ","患者や社会に対して誠実である行動とはどのようなものかを考え、そのように行動する。","JkxiJUs","A-01-03-na-01"
"プロフェッショナリズム","信頼","誠実さ","社会から信頼される専門職集団の一員であるためにはどのように行動すべきかを考え、そのように行動することができる。
","JkxiJUw","A-01-03-na-01"
"プロフェッショナリズム","信頼","省察","自分自身の限界を適切に認識し行動する。","JkxiJU4","A-01-03-na-04"
"プロフェッショナリズム","信頼","省察","他者からのフィードバックを適切に受け入れる。","JkxiJU8",""
"プロフェッショナリズム","思いやり","思いやり","患者を含めた他者に思いやりをもって接する。","JkxiJVI","A-01-02-na-01"
"プロフェッショナリズム","思いやり","思いやり","他者に思いやりをもって接することができない場合の原因・背景を考える。","JkxiJVM",""
"プロフェッショナリズム","思いやり","他者理解と自己理解","自身の想像力の限界を認識した上で、他者を理解することに努める。","JkxiJVU","A-01-02-na-01,A-01-03-na-02"
"プロフェッショナリズム","思いやり","他者理解と自己理解","他者を適切に理解するための妨げとなる自分や自集団の偏見とはどのようなものか考え、それらを意識して行動する。","JkxiJVY","A-01-03-na-02, A-01-02-na-01"
"プロフェッショナリズム","思いやり","品格・礼儀","医師に求められる品格とはどのようなものかを考え、それを備えるように努める。","Jk3v49g",""
"プロフェッショナリズム","思いやり","品格・礼儀","礼儀正しく振る舞う。","JkxiJVc",""
"プロフェッショナリズム","社会正義","医療資源の公平な分配","医療資源を公平に分配するとはどういうことか考え、自らの意見を述べる。","JkxiJVg",""
"プロフェッショナリズム","教養","教養","人の生命に深く関わる医師に相応しい教養を身につける","Jli6cfw",""
"プロフェッショナリズム","教養","教養","答えのない問いについて考え続ける","Jli6cf4",""
"総合的に患者・生活者をみる姿勢","全人的な視点とアプローチ","臓器横断的な診療","臓器横断的に医学的課題を捉えることができる。","JkxpsrE",""
"総合的に患者・生活者をみる姿勢","全人的な視点とアプローチ","臓器横断的な診療","適切な医療機関や診療科につなぐ重要性を理解している。","JkxpsrI",""
"総合的に患者・生活者をみる姿勢","全人的な視点とアプローチ","臓器横断的な診療","基本的なフレームワーク（頻度・重症度・緊急度、解剖学的アプローチ、病態生理学的アプローチ、二重過程理論、事前確率等）を用いて臨床推論を行うことができる。","JkxpsrM","F-02-01-na-02,F-02-01-na-03,F-02-01-na-04"
"総合的に患者・生活者をみる姿勢","全人的な視点とアプローチ","臓器横断的な診療","主訴に応じて必要な医療面接・身体診察・検査を実施することができる。","JkxpsrQ","A-03-01-na-02,G-01-01-03-01,G-04-01-06-01,F-02-01-na-02"
"総合的に患者・生活者をみる姿勢","全人的な視点とアプローチ","臓器横断的な診療","診断がつかない健康問題やその介入方法を理解している。","JkxpsrU",""
"総合的に患者・生活者をみる姿勢","全人的な視点とアプローチ","臓器横断的な診療","多疾患が併存した状態および複数臓器にまたがる疾患について、その介入方法を理解している。","JkxpsrY",""
"総合的に患者・生活者をみる姿勢","全人的な視点とアプローチ","臓器横断的な診療","ポリファーマシーとその介入方法を理解している。","Jkxpsrc","E-08-01-na-09,F-02-08-na-14"
"総合的に患者・生活者をみる姿勢","全人的な視点とアプローチ","生物・心理・社会的な問題への包括的な視点","身体・心理・社会の問題を統合したアプローチを理解している。","Jkxpsrg","A-04-02-na-03,G-04-01-06-03"
"総合的に患者・生活者をみる姿勢","全人的な視点とアプローチ","生物・心理・社会的な問題への包括的な視点","個人・家族の双方への影響を踏まえたアプローチを理解している。","Jkxpsrk","G-04-01-06-03"
"総合的に患者・生活者をみる姿勢","全人的な視点とアプローチ","生物・心理・社会的な問題への包括的な視点","削除:トラウマインフォームドケアの対応について概説できる。：コンテクストを確認（春田先生）","Jkxpsrs",""
"総合的に患者・生活者をみる姿勢","全人的な視点とアプローチ","患者中心の医療","個々の患者の医療への期待、解釈モデル、健康観を聞き出すことができる。","Jkxpsrw","A-01-02-na-03"
"総合的に患者・生活者をみる姿勢","全人的な視点とアプローチ","患者中心の医療","患者の社会的背景（経済的・制度的側面等）が病いに及ぼす影響を理解している。","Jkxpsr0","A-01-03-na-02,A-04-02-na-03"
"総合的に患者・生活者をみる姿勢","全人的な視点とアプローチ","患者中心の医療","医療の継続性（時間・情報・関係等）がもたらす影響を理解している。","JkxpssA",""
"総合的に患者・生活者をみる姿勢","全人的な視点とアプローチ","根拠に基づいた医療<EBM>","根拠に基づいた医療（EBM）の5つのステップを列挙できる。","JkxpssE","B-01-03-na-01,F-02-02-na-01"
"総合的に患者・生活者をみる姿勢","全人的な視点とアプローチ","根拠に基づいた医療<EBM>","PICO（PECO）を用いた問題の定式化ができる。","JkxpssI","B-01-03-na-02,F-02-02-na-02"
"総合的に患者・生活者をみる姿勢","全人的な視点とアプローチ","根拠に基づいた医療<EBM>","データベースや二次文献からのエビデンス、診療ガイドラインを検索することができる。","JkxpssM","B-01-03-na-04,F-02-02-na-04"
"総合的に患者・生活者をみる姿勢","全人的な視点とアプローチ","根拠に基づいた医療<EBM>","得られたエビデンスの批判的吟味ができる。","JkxpssQ","B-01-03-na-05,F-02-02-na-05"
"総合的に患者・生活者をみる姿勢","全人的な視点とアプローチ","根拠に基づいた医療<EBM>","診療ガイドラインの種類、推奨の強さ、使用上の注意を理解している。","JkxpssU","B-01-03-na-06,F-02-02-na-06"
"総合的に患者・生活者をみる姿勢","全人的な視点とアプローチ","根拠に基づいた医療<EBM>","エビデンスを患者に適用する計画を立てられる。","Jkxpssc",""
"総合的に患者・生活者をみる姿勢","全人的な視点とアプローチ","行動科学","行動科学に関する知識・理論・面接法を予防医療、診断、治療、ケアに適用することができる。","Jkxpssg","B-04-01-na-01,C-05-08-na-01,C-05-08-na-02, C-05-08-na-03, C-05-08-na-05"
"総合的に患者・生活者をみる姿勢","全人的な視点とアプローチ","行動科学","適切な環境調整や認知行動療法を提案できる。","Jkxpssk","C-05-08-na-03,C-05-08-na-04"
"総合的に患者・生活者をみる姿勢","全人的な視点とアプローチ","行動科学","健康に関する行動経済学の知識を活用できる。","Jkxpsss",""
"総合的に患者・生活者をみる姿勢","全人的な視点とアプローチ","緩和ケア","緩和ケアの概念を理解した上で、全人的苦痛（身体的苦痛、心理社会的苦痛、スピリチュアルペイン）を評価できる。","Jli5nRk","F-02-16-na-02、F-02-16-na-01、F-02-16-na-03"
"総合的に患者・生活者をみる姿勢","全人的な視点とアプローチ","緩和ケア","がん・非がんの疼痛緩和の薬物療法や非薬物療法について理解している。","Jli5nRs","F-02-16-na-04"
"総合的に患者・生活者をみる姿勢","全人的な視点とアプローチ","緩和ケア","慢性疾患や慢性疼痛の病態、経過、治療を理解した上で、その対処法・ケアを計画できる。","Jli5nRw","A-03-01-na-07"
"総合的に患者・生活者をみる姿勢","全人的な視点とアプローチ","緩和ケア","患者の苦痛や不安感に配慮しながら、就学・就労、育児・介護等との両立支援を含め患者と家族に対して誠実で適切な支援を計画できる。","Jli5nR4","A-03-01-na-08"
"総合的に患者・生活者をみる姿勢","地域の視点とアプローチ","プライマリ・ケアにおける基本概念","地域の健康格差を理解し、医療へのアクセス障害等の医療システム上の課題を適切に判断できる。","Jkxpss0",""
"総合的に患者・生活者をみる姿勢","地域の視点とアプローチ","プライマリ・ケアにおける基本概念","患者の所属する地域や文化的な背景が健康に関連することを理解している。","Jkxpss4",""
"総合的に患者・生活者をみる姿勢","地域の視点とアプローチ","地域におけるプライマリ・ケア","地域（都会・郊外・へき地・離島を含む）の実情に応じた医療と医師の偏在（地域、診療科及び臨床・非臨床）の現状を理解している。","JkxpstA","B-01-07-na-01,A-07-01-na-01"
"総合的に患者・生活者をみる姿勢","地域の視点とアプローチ","地域におけるプライマリ・ケア","地域の医療体制や診療機関の規模・役割に応じて、医療者として柔軟に対応できる。","JkxpstE",""
"総合的に患者・生活者をみる姿勢","地域の視点とアプローチ","地域におけるプライマリ・ケア","患者の居住する地域における各疾患の罹患率、有病率などの指標を用い、臨床推論で活用できる。","JkxpstI",""
"総合的に患者・生活者をみる姿勢","地域の視点とアプローチ","地域におけるプライマリ・ケア","地域の量的指標（人口構成等）や質的情報（地理的・歴史的・経済的・文化的背景）を収集し、地域の健康課題を説明できる。","JkxpstM",""
"総合的に患者・生活者をみる姿勢","地域の視点とアプローチ","地域におけるプライマリ・ケア","地域の住民や専門職と協働した地域の健康増進活動の意義を理解している。","JkxpstQ","B-01-04-na-05"
"総合的に患者・生活者をみる姿勢","地域の視点とアプローチ","医療資源に応じたプライマリ・ケア","地域の人的・物的資源に応じた医療・サービスを提案できる。","Jkxpstg",""
"総合的に患者・生活者をみる姿勢","地域の視点とアプローチ","医療資源に応じたプライマリ・ケア","離島・へき地や医師不足地域等の医療資源が限られた状況での医療提供体制及び介護・保健・福祉の体制を理解している。","Jkxpstk","A-07-01-na-01,A-07-01-na-05,B-01-07-na-01,B-01-07-na-05"
"総合的に患者・生活者をみる姿勢","地域の視点とアプローチ","在宅におけるプライマリ・ケア","在宅医療の現状と適応を踏まえて、その必要性や課題を理解している。","Jli5nR8","F-02-15-na-01"
"総合的に患者・生活者をみる姿勢","地域の視点とアプローチ","在宅におけるプライマリ・ケア","在宅における人生の最終段階における医療、看取りの在り方と課題を理解している。","Jli5nSE","F-02-15-na-04"
"総合的に患者・生活者をみる姿勢","人生の視点とアプローチ","人生のプロセス","ライフサイクル（胎児期・新生児期・乳幼児期・学童期・思春期・青年期・成人期・壮年期・老年期・終末期）の視点で、患者の課題を検討できる。","Jkxpstw","C-05-05-na-02"
"総合的に患者・生活者をみる姿勢","人生の視点とアプローチ","人生のプロセス","ライフステージやライフイベントの視点で、健康管理と環境・生活習慣改善を検討できる。","Jkxpst0","B-01-05-na-06,B-01-06-na-04"
"総合的に患者・生活者をみる姿勢","人生の視点とアプローチ","人生のプロセス","家族ライフサイクル・家族成員間関係・家族システムの視点で、患者・家族間の問題（虐待・ネグレクト等）を指摘できる。","Jkxpst4","C-05-05-na-02"
"総合的に患者・生活者をみる姿勢","人生の視点とアプローチ","小児期全般","小児期の生理機能の発達について理解している。","Jkxpst8","E-07-02-na-01"
"総合的に患者・生活者をみる姿勢","人生の視点とアプローチ","小児期全般","小児期の正常な精神運動発達について理解している。","JkxpsuA","E-07-02-na-02, C-05-05-na-01, 
C-05-05-na-02, C-05-05-na-03, C-05-06-na-03"
"総合的に患者・生活者をみる姿勢","人生の視点とアプローチ","小児期全般","小児期の愛着形成や保育法・栄養法について理解している。","JkxpsuE","E-07-02-na-03"
"総合的に患者・生活者をみる姿勢","人生の視点とアプローチ","小児期全般","小児期の栄養面での特性や食育について理解している。","JkxpsuI","E-07-03-na-02"
"総合的に患者・生活者をみる姿勢","人生の視点とアプローチ","小児期全般","小児期の免疫発達と感染症の関係について理解している。","JkxpsuM","E-07-03-na-03"
"総合的に患者・生活者をみる姿勢","人生の視点とアプローチ","小児期全般","小児期から成人期への医療の移行について、現状と課題を理解している。","JkxpsuU","E-07-04-na-03"
"総合的に患者・生活者をみる姿勢","人生の視点とアプローチ","胎児期・新生児期・乳幼児期","胎児の循環・呼吸の生理的特徴と出生時の変化について理解している。","JkxpsuY","E-07-01-na-01"
"総合的に患者・生活者をみる姿勢","人生の視点とアプローチ","胎児期・新生児期・乳幼児期","新生児・乳幼児の生理的特徴について理解している。","Jkxpsuc","E-07-01-na-03,E-07-02-na-01"
"総合的に患者・生活者をみる姿勢","人生の視点とアプローチ","学童期・思春期・青年期・成人期","思春期発現の機序と性徴について理解している。","Jkxpsuk","E-07-04-na-01"
"総合的に患者・生活者をみる姿勢","人生の視点とアプローチ","学童期・思春期・青年期・成人期","学童期・思春期と関連する課題（学業、友達等に関わる課題）について理解している。","Jkxpsuo","E-07-04-na-02"
"総合的に患者・生活者をみる姿勢","人生の視点とアプローチ","学童期・思春期・青年期・成人期","思春期・青年期と関連する課題（生殖、いのち等に関わる課題）について理解している。","Jkxpsus","E-07-04-na-02"
"総合的に患者・生活者をみる姿勢","人生の視点とアプローチ","学童期・思春期・青年期・成人期","成人期と関連する課題（メンタルヘルス、仕事、不妊等に関わる課題）について理解している。","Jkxpsuw","E-07-04-na-02"
"総合的に患者・生活者をみる姿勢","人生の視点とアプローチ","壮年期・老年期","加齢に伴う臓器や身体機能の変化、それに伴う生理的変化について理解している。","Jkxpsu0","E-08-01-na-01, C-05-06-na-03"
"総合的に患者・生活者をみる姿勢","人生の視点とアプローチ","壮年期・老年期","高齢者総合機能評価（CGA）を実施できる。","Jkxpsu4","E-08-01-na-02"
"総合的に患者・生活者をみる姿勢","人生の視点とアプローチ","壮年期・老年期","老年症候群（歩行障害・転倒、認知機能障害、排泄障害、栄養障害、摂食・嚥下障害等）について理解している。","Jkxpsu8","E-08-01-na-03"
"総合的に患者・生活者をみる姿勢","人生の視点とアプローチ","壮年期・老年期","フレイル、サルコペニア、ロコモティブ・シンドロームの概念、その対処法、予防について理解している。","JkxpsvA","E-08-01-na-04"
"総合的に患者・生活者をみる姿勢","人生の視点とアプローチ","壮年期・老年期","国際生活機能分類（ICF）について理解している。","JkxpsvE","E-08-01-na-06,E-08-01-na-07,E-08-01-na-10"
"総合的に患者・生活者をみる姿勢","人生の視点とアプローチ","壮年期・老年期","高齢者の栄養マネジメントについて理解している。","JkxpsvI","E-08-01-na-08"
"総合的に患者・生活者をみる姿勢","人生の視点とアプローチ","壮年期・老年期","日常生活動作（ADL）※に応じた介護と環境整備について理解している。","",""
"総合的に患者・生活者をみる姿勢","人生の視点とアプローチ","終末期","死の概念と定義や生物学的な個体の死について理解している。","JkxpsvQ","E-09-01-na-01"
"総合的に患者・生活者をみる姿勢","人生の視点とアプローチ","終末期","死に至る身体と心の過程の知識を活用して、患者や家族がもつ死生観を配慮できる。","JkxpsvY","E-09-01-na-06"
"総合的に患者・生活者をみる姿勢","人生の視点とアプローチ","終末期","人生の最終段階における医療（エンド・オブ・ライフ・ケア）について理解している。","Jkxpsvc","E-09-01-na-07"
"総合的に患者・生活者をみる姿勢","人生の視点とアプローチ","終末期","小児の終末期の特殊性について理解している。","Jkxpsvg","E-09-01-na-08"
"総合的に患者・生活者をみる姿勢","人生の視点とアプローチ","終末期","意思決定（ACP）、事前指示書遵守（AD）、延命治療、DNAR、尊厳死と安楽死、治療の中止と差し控え等について理解している。","Jkxpsvk","E-09-01-na-09"
"総合的に患者・生活者をみる姿勢","人生の視点とアプローチ","終末期","悲嘆のケア（グリーフケア）について理解している。","Jkxpsvo","E-09-01-na-10"
"総合的に患者・生活者をみる姿勢","社会の視点とアプローチ","医学的・文化的・社会的文脈における健康","患者の健康観や病いに対する価値観を理解したうえで、健康に関する知識※を活用し、健康問題に対する包括的アプローチを実践できる。","Jkxpsvs","B-04-01-na-02"
"総合的に患者・生活者をみる姿勢","社会の視点とアプローチ","医学的・文化的・社会的文脈における健康","患者が受療に至るまでにどのような過程があるかを生活者の視点から説明できる。","Jkxpsvw",""
"総合的に患者・生活者をみる姿勢","社会の視点とアプローチ","医学的・文化的・社会的文脈における健康","栄養やエネルギー代謝に関する知識や統計情報をもとに個人の栄養状態を評価でき、本人や家族の生活や価値観もふまえたうえで食生活の支援を計画できる。","Jkxpsv0","B-01-05-na-02"
"総合的に患者・生活者をみる姿勢","社会の視点とアプローチ","医学的・文化的・社会的文脈における健康","身体活動・運動の知識や統計情報をもとに個人の生活活動を評価でき、本人や家族の生活や価値観も踏まえたうえで活動や運動の支援を計画できる。","Jkxpsv4","B-01-05-na-03"
"総合的に患者・生活者をみる姿勢","社会の視点とアプローチ","医学的・文化的・社会的文脈における健康","休養や心の健康について知識や統計情報をもとに評価し、本人や家族の生活や価値観も踏まえたうえで支援を計画できる。","Jkxpsv8","B-01-05-na-04"
"総合的に患者・生活者をみる姿勢","社会の視点とアプローチ","医学的・文化的・社会的文脈における健康","喫煙や飲酒に関して、喫煙や飲酒による健康影響の知識や統計情報をもとに、本人や家族の生活や価値観を踏まえた評価や支援を計画できる。","JkxpswA","B-01-05-na-05"
"総合的に患者・生活者をみる姿勢","社会の視点とアプローチ","医学的・文化的・社会的文脈における健康","健康の社会的決定要因とアドボカシーについて理解している。","JkxpswE","B-01-06-na-02"
"総合的に患者・生活者をみる姿勢","社会の視点とアプローチ","社会科学","人の言動の意味をその人の人生史・生活史や社会関係の文脈の中において検討することができる。","JkxpswI","B-04-01-na-05"
"総合的に患者・生活者をみる姿勢","社会の視点とアプローチ","社会科学","文化人類学・社会学(主に医療人類学・医療社会学)の視点で、患者やその家族と生活環境・地域社会・医療機関等との関係について説明できる。","JkxpswM","B-04-01-na-01,B-04-01-na-02,B-04-01-na-03,B-04-01-na-04"
"総合的に患者・生活者をみる姿勢","社会の視点とアプローチ","社会科学","文化人類学・社会学(主に医療人類学・医療社会学)の理論や概念を用いて、患者の判断や行動に関わる諸事象を説明できる。","JkxpswQ","B-04-01-na-04, C-05-06-04 "
"生涯にわたって共に学ぶ姿勢","医療者教育","医療者教育の実践","後輩や同僚等と協働して学修できる","JkxoFEk",""
"生涯にわたって共に学ぶ姿勢","医療者教育","医療者教育の実践","後輩や同僚等に対して、適切にフィードバックできる","JkxoFEs",""
"生涯にわたって共に学ぶ姿勢","医療者教育","医療者教育の実践","成人学習理論を活用し、後輩や同僚等に対して教育を実践できる。","JkxoFEw",""
"生涯にわたって共に学ぶ姿勢","生涯学習","生涯学習の実践","医学知識が常に変わりゆくことを認識し、現時点での最善の医学情報にアクセスできる。","JkxoFEQ","A-09-01-na-01"
"生涯にわたって共に学ぶ姿勢","生涯学習","生涯学習の実践","学修・経験したことを省察し、自己の課題を明確にすることができる。","JkxoFEY","A-09-01-na-05"
"生涯にわたって共に学ぶ姿勢","生涯学習","キャリア開発","自身の職業観を涵養しながら、主体的にキャリアを構築していくことができる","JkxoFEc","A-09-01-na-03"
"科学的探究","リサーチマインド","能動的姿勢 ","常識を疑う","JkxpmiQ",""
"科学的探究","リサーチマインド","探究心","ロールモデルとしての研究者の生き方に触れる","Jkxpmic","A-08-01-na-01"
"科学的探究","既知の知","医学と医療","医療の実践が基礎医学・臨床医学・社会医学の研究に基づいていることを理解する。","Jkxpmig",""
"科学的探究","既知の知","論文読解","医学論文（英語）を読んで内容を理解する。","Jkxpmio",""
"科学的探究","研究の実施","問い","自身の関心を問いにすることができる。","Jkxpmi8","A-08-01-na-04"
"科学的探究","研究の実施","研究計画","研究計画の素案を作ることができる。","JkxpmjA","B-01-03-na-03"
"科学的探究","研究の実施","研究手法","基礎医学（解剖学、生化学、生理学、薬理学、病理学、微生物学、免疫学等）の実習から基本的な実験手技を体得する。","JkxpmjE","A-08-01-na-02"
"科学的探究","研究の実施","研究手法","社会医学（行動科学を含む）の実習から基本的な研究方法論を体得する。","Jk2L__4","A-08-01-na-02"
"科学的探究","研究の実施","研究手法","研究室配属等で医学研究の基本的な研究手法を習得する。","JkxpmjI","A-08-01-na-02"
"科学的探究","研究の実施","研究結果","研究データを適切に記録、管理することができる。","JkxpmjM",""
"科学的探究","研究の発信","研究発表","自身の行った研究内容を論文や報告書・学会発表などの形にまとめる","JkxpmjQ","A-02-02-na-03"
"科学的探究","研究の発信","研究発表","他の研究者の発表に対して質問や意見を述べることができる。","JkxpmjY","B-01-03-na-05"
"科学的探究","研究倫理","適切な研究遂行","捏造、改ざん、盗用などを含め研究不正の類型を説明することが出来、研究不正を行わない。","Jkxpmjc","B-03-01-na-01"
"科学的探究","研究倫理","対象者の保護","人を対象とした研究（治験、特定臨床研究を含む）に関するルールの概要を説明でき、遵守する。","Jkxpmjg","A-08-01-na-01, B-03-01-na-01,B-03-01-na-03,B-03-01-na-03, A-08-01-na-01"
"科学的探究","研究倫理","対象者の保護","利益相反や動物・遺伝子組み換え実験に関するルールを概説でき、遵守する。","Jkxpmjk","B-03-01-na-01"
"専門知識に基づいた問題解決能力","基礎医学","生命現象の科学","細胞の観察法について理解している。","JkxnuHs","C-01-01-01-01"
"専門知識に基づいた問題解決能力","基礎医学","生命現象の科学","細胞の全体像を図示できる。","JkxnuHw","C-01-01-01-02"
"専門知識に基づいた問題解決能力","基礎医学","生命現象の科学","核とリボソーム、小胞体、ゴルジ体、リソソーム等の細胞内膜系、ミトコンドリア、葉緑体、細胞骨格の種類とその構造と機能について理解している。","JkxnuH0","C-01-01-01-03,C-01-01-01-04,C-01-01-01-05,C-01-01-01-06"
"専門知識に基づいた問題解決能力","基礎医学","生命現象の科学","細胞膜の構造と機能、細胞同士の接着と結合様式について理解している。","JkxnuH4","C-01-01-01-07"
"専門知識に基づいた問題解決能力","基礎医学","生命現象の科学","原核細胞と真核細胞の特徴について理解している。","JkxnuH8","C-01-01-01-08"
"専門知識に基づいた問題解決能力","基礎医学","生命現象の科学","メンデルの法則、ミトコンドリア遺伝、インプリンティング及び多因子遺伝について理解している。","JkxnuIA","C-01-01-02-01"
"専門知識に基づいた問題解決能力","基礎医学","生命現象の科学","遺伝型と表現型の関係について理解している。","JkxnuIE","C-01-01-02-02"
"専門知識に基づいた問題解決能力","基礎医学","生命現象の科学","染色体の構造を理解し、ゲノムと染色体及び遺伝子の構造と関係性、体細胞分裂及び減数分裂における染色体の挙動について理解している。","JkxnuII","C-01-01-02-03"
"専門知識に基づいた問題解決能力","基礎医学","生命現象の科学","DNAの複製と修復、DNAからRNAへの転写、タンパク質合成に至る翻訳を含む遺伝情報の発現及び調節（セントラルドグマ）について理解している。","JkxnuIM","C-01-01-02-04,C-01-01-02-05,C-03-01-01-03"
"専門知識に基づいた問題解決能力","基礎医学","生命現象の科学","染色体分析・DNA配列決定を含むゲノム解析技術について理解している。","JkxnuIQ","C-01-01-02-06"
"専門知識に基づいた問題解決能力","基礎医学","生命現象の科学","ゲノム編集技術とその応用について理解している。","JkxnuIU",""
"専門知識に基づいた問題解決能力","基礎医学","生命現象の科学","進化の基本的な考え方について理解している。","JkxnuIY","C-01-02-01-01"
"専門知識に基づいた問題解決能力","基礎医学","生命現象の科学","生物種とその系統関係について理解している。","JkxnuIc","C-01-02-01-02"
"専門知識に基づいた問題解決能力","基礎医学","生命現象の科学","アミノ酸配列や塩基配列の比較による分子系統樹について理解している。","JkxnuIg","C-01-02-01-03"
"専門知識に基づいた問題解決能力","基礎医学","個体の構成と機能","細胞内液・外液のイオン組成、および浸透圧と（静止）膜電位の形成機構について理解している。","JkxnuIk","C-02-01-01-01"
"専門知識に基づいた問題解決能力","基礎医学","個体の構成と機能","細胞膜のイオンチャネル、ポンプ、および膜を介する物質の能動・受動輸送過程について理解している。","JkxnuIo","C-02-01-01-02,C-02-01-01-03,C-02-01-01-04"
"専門知識に基づいた問題解決能力","基礎医学","個体の構成と機能","活動電位の発生機構と伝導、シナプス（神経筋接合部を含む）の形態とシナプス伝達の機能（興奮性、抑制性）と可塑性について理解している。","JkxnuIs","C-02-03-02-01,C-02-03-02-02"
"専門知識に基づいた問題解決能力","基礎医学","個体の構成と機能","情報伝達の種類と機能について理解している。","JkxnuIw","C-02-03-01-01"
"専門知識に基づいた問題解決能力","基礎医学","個体の構成と機能","受容体の種類・細胞内局在・機能、受容体による細胞内シグナル伝達過程について理解している。","JkxnuI0","C-02-03-01-02,C-02-03-01-03"
"専門知識に基づいた問題解決能力","基礎医学","個体の構成と機能","液性因子による細胞間情報伝達（自己分泌、傍分泌、内分泌）について理解している。","JkxnuI4",""
"専門知識に基づいた問題解決能力","基礎医学","個体の構成と機能","細胞骨格を構成するタンパク質とその機能、アクチンフィラメント系による細胞運動について理解している。","JkxnuI8","C-02-01-02-01,C-02-01-02-02"
"専門知識に基づいた問題解決能力","基礎医学","個体の構成と機能","細胞膜を介する分泌と吸収の過程と細胞内輸送システム、微小管の役割や機能について理解している。","JkxnuJA","C-02-01-02-03, C-02-01-02-04, C-02-01-02-05"
"専門知識に基づいた問題解決能力","基礎医学","個体の構成と機能","軸索輸送、軸索の変性と再生について理解している。","JkxnuJE","C-02-03-02-03"
"専門知識に基づいた問題解決能力","基礎医学","個体の構成と機能","上皮組織と腺の構造と機能について理解している。","JkxnuJI","C-02-02-01-01"
"専門知識に基づいた問題解決能力","基礎医学","個体の構成と機能","支持組織を構成する細胞と細胞間質（線維成分と基質）について理解している。","JkxnuJM","C-02-02-01-02"
"専門知識に基づいた問題解決能力","基礎医学","個体の構成と機能","血管とリンパ管の微細構造と機能について理解している。","JkxnuJQ","C-02-02-01-03"
"専門知識に基づいた問題解決能力","基礎医学","個体の構成と機能","神経組織の微細構造について理解している。","JkxnuJU","C-02-02-01-04"
"専門知識に基づいた問題解決能力","基礎医学","個体の構成と機能","筋組織について、骨格筋、心筋、平滑筋の構造と機能を対比して理解している。","JkxnuJY","C-02-02-01-05"
"専門知識に基づいた問題解決能力","基礎医学","個体の構成と機能","組織の再生の機序について理解している。","JkxnuJc","C-02-02-01-06"
"専門知識に基づいた問題解決能力","基礎医学","個体の構成と機能","位置関係を方向用語（上下、前後、内・外側、浅深、頭・尾側、背・腹側、近位・遠位、内転・外転）で理解している。","JkxnuJg","C-02-02-02-01"
"専門知識に基づいた問題解決能力","基礎医学","個体の構成と機能","刺激に対する感覚受容の種類と機序について理解している。","JkxnuJk","C-02-03-02-04"
"専門知識に基づいた問題解決能力","基礎医学","個体の構成と機能","反射について理解している。","JkxnuJo","C-02-03-02-05"
"専門知識に基づいた問題解決能力","基礎医学","個体の構成と機能","生体の恒常性維持と適応、恒常性維持のための調節機構（フィードバック調節）について理解している。","JkxnuJs","C-02-03-04-01,C-02-03-04-02"
"専門知識に基づいた問題解決能力","基礎医学","個体の構成と機能","生体機能や体内環境のリズム性変化について理解している。","JkxnuJw","C-02-03-04-03"
"専門知識に基づいた問題解決能力","基礎医学","個体の構成と機能","生体の恒常性維持における常在菌・腸内細菌と宿主との相互作用の重要性について理解している。","JkxnuJ0","C-02-03-04-04"
"専門知識に基づいた問題解決能力","基礎医学","個体の構成と機能","配偶子の形成から出生に至る一連の経過と胚形成の全体像、胚内体腔の形成過程について理解している。","JkxnuJ8","C-02-04-na-01,C-02-04-na-07"
"専門知識に基づいた問題解決能力","基礎医学","個体の構成と機能","体節の形成と分化、鰓弓・鰓嚢の分化と頭・頸部と顔面・口腔の形成過程について理解している。","JkxnuKA","C-02-04-na-02,C-02-04-na-08"
"専門知識に基づいた問題解決能力","基礎医学","個体の構成と機能","体幹と四肢の骨格と筋、心血管系、泌尿生殖器系各器官の形成過程について理解している。","JkxnuKE","C-02-04-na-03,C-02-04-na-05,C-02-04-na-06"
"専門知識に基づいた問題解決能力","基礎医学","個体の構成と機能","消化・呼吸器系各器官の形成過程について理解している。","JkxnuKI","C-02-04-na-04"
"専門知識に基づいた問題解決能力","基礎医学","個体の構成と機能","神経管の分化と脳、脊髄、視覚器、平衡聴覚器と自律神経系、皮膚の形成過程について理解している。","JkxnuKM","C-02-04-na-09"
"専門知識に基づいた問題解決能力","基礎医学","個体の構成と機能","酵素の機能と調節について理解している。","JkxnuKQ",""
"専門知識に基づいた問題解決能力","基礎医学","個体の構成と機能","糖質の構造、代謝と調節（解糖、クエン酸回路、電子伝達系と酸化的リン酸化、グリコーゲン代謝、糖新生、五炭糖リン酸回路）、生理的意義について理解している。","JkxnuKU","C-02-05-na-01,C-02-05-na-02,C-02-05-na-03,C-02-05-na-04,C-02-05-na-05,C-02-05-na-06,C-02-05-na-07"
"専門知識に基づいた問題解決能力","基礎医学","個体の構成と機能","タンパク質の構造、代謝と調節、生理的意義、ならびに主要なアミノ酸の代謝と尿素回路について理解している。","JkxnuKY","C-02-05-na-10,C-02-05-na-11"
"専門知識に基づいた問題解決能力","基礎医学","個体の構成と機能","脂質の構造、代謝と調節、生理的意義、ならびに脂質の輸送（リポタンパク質）について理解している。","JkxnuKc","C-02-05-na-08,C-02-05-na-09"
"専門知識に基づいた問題解決能力","基礎医学","個体の構成と機能","ヘム・ポルフィリンの代謝について理解している。","JkxnuKg","C-02-05-na-12"
"専門知識に基づいた問題解決能力","基礎医学","個体の構成と機能","ヌクレオチドの合成・異化・再利用経路について理解している。","JkxnuKk","C-02-05-na-13"
"専門知識に基づいた問題解決能力","基礎医学","個体の構成と機能","酸化ストレス（フリーラジカル、活性酸素）について理解している。","JkxnuKo","C-02-05-na-14"
"専門知識に基づいた問題解決能力","基礎医学","個体の構成と機能","ビタミン、微量元素の種類と作用について理解している。","JkxnuKs","C-02-05-na-15"
"専門知識に基づいた問題解決能力","基礎医学","個体の構成と機能","栄養素の相互変換とエネルギー代謝（エネルギーの定義、食品中のエネルギー値、エネルギー消費量、推定エネルギー必要量）について理解している。","JkxnuKw","C-02-05-na-16"
"専門知識に基づいた問題解決能力","基礎医学","個体の構成と機能","空腹（飢餓）時、食後（過食時）と運動時における代謝について理解している。","JkxnuK0",""
"専門知識に基づいた問題解決能力","基礎医学","個体の構成と機能","複合糖質、複合脂質について理解している。","JkxnuK4",""
"専門知識に基づいた問題解決能力","基礎医学","個体の反応","原核生物としての細菌の構造と機能の違いについて真核生物と比較して理解している。","JkxnuK8",""
"専門知識に基づいた問題解決能力","基礎医学","個体の反応","細菌の感染経路を分類し、細菌が疾病を引き起こす機序について理解している。","JkxnuLA","C-03-01-04-02,C-03-01-04-03"
"専門知識に基づいた問題解決能力","基礎医学","個体の反応","細菌の産生するタンパク質性毒素、非タンパク質性毒素の作用機序について理解している。","JkxnuLE",""
"専門知識に基づいた問題解決能力","基礎医学","個体の反応","主なグラム陽性球菌、グラム陽性桿菌、グラム陰性球菌、グラム陰性桿菌の細菌学的特徴、リスク因子、感染経路と病態を説明し、それが引き起こす疾患を列挙できる。","JkxnuLI","C-03-01-04-04,C-03-01-04-06"
"専門知識に基づいた問題解決能力","基礎医学","個体の反応","抗酸菌の細菌学的特徴、リスク因子、感染経路と病態を説明し、それが引き起こす疾患を列挙できる。","JkxnuLM","C-03-01-04-09"
"専門知識に基づいた問題解決能力","基礎医学","個体の反応","らせん状細菌、マイコプラズマ、リケッチア、クラミジアの微生物学的特徴とそれが引き起こす疾患を列挙できる。","JkxnuLQ","C-03-01-04-11"
"専門知識に基づいた問題解決能力","基礎医学","個体の反応","生体各部の細菌叢（マイクロバイオーム）の構成菌、細菌叢の機能について理解している。","JkxnuLU",""
"専門知識に基づいた問題解決能力","基礎医学","個体の反応","ウイルス粒子の構造と性状によりウイルスを分類できる。","JkxnuLY","C-03-01-01-02"
"専門知識に基づいた問題解決能力","基礎医学","個体の反応","ウイルス感染の種特異性、組織特異性と吸着、侵入、複製、成熟と放出の各過程、ウイルス感染細胞に起こる変化について理解している。","JkxnuLc","C-03-01-01-04,C-03-01-01-05,C-03-01-01-06,C-03-01-01-07"
"専門知識に基づいた問題解決能力","基礎医学","個体の反応","主なDNAウイルス（2本鎖DNA、1本鎖DNA、不完全1本鎖DNAウイルス）の特徴、リスク因子、感染経路と病態を説明し、これらのウイルスが引き起こす疾患名を列挙できる。","JkxnuLg","C-03-01-03-01"
"専門知識に基づいた問題解決能力","基礎医学","個体の反応","主なRNAウイルス（2本鎖RNA、1本鎖（+）RNA, 1本鎖（−）RNAウイルス）の特徴、リスク因子、感染経路と病態を説明し、これらのウイルスが引き起こす疾患名を列挙できる。","JkxnuLk","C-03-01-03-02"
"専門知識に基づいた問題解決能力","基礎医学","個体の反応","逆転写酵素を持つRNAウイルスの特徴、リスク因子、感染経路と病態を説明し、これらのウイルスが引き起こす疾患名を列挙できる。","JkxnuLo","C-03-01-03-03"
"専門知識に基づいた問題解決能力","基礎医学","個体の反応","真菌（接合菌、子嚢菌、担子菌、不完全菌）の微生物学的特徴、リスク因子、感染経路と病態を説明し、それが引き起こす疾患を列挙できる。","JkxnuLs","C-03-01-04-10"
"専門知識に基づいた問題解決能力","基礎医学","個体の反応","原虫類（寄生虫）の分類及び形態学的特徴、生活史、リスク因子、感染経路と病態、感染疫学的意義、寄生虫感染宿主の生体防御の特徴について理解している。","JkxnuLw","C-03-01-05-01,C-03-01-05-02,C-03-01-05-03"
"専門知識に基づいた問題解決能力","基礎医学","個体の反応","微生物の特性に応じた治療薬の作用機序について理解している。","JkxnuL0",""
"専門知識に基づいた問題解決能力","基礎医学","個体の反応","微生物感染症に対するワクチンの原理、種類とそれに対する問題点について理解している。","JkxnuL4",""
"専門知識に基づいた問題解決能力","基礎医学","個体の反応","人獣共通感染症の原因となる微生物について、その生活史、リスク因子、感染経路と病態、感染疫学的意義について理解している。","JkxnuL8",""
"専門知識に基づいた問題解決能力","基礎医学","個体の反応","昆虫媒介性感染症の原因となる微生物について、その生活史、リスク因子、感染経路と病態、感染疫学的意義について理解している。","JkxnuMA",""
"専門知識に基づいた問題解決能力","基礎医学","個体の反応","自然免疫と獲得免疫の抗原認識や作用の違いを、特異性、多様性、寛容、記憶の観点から理解している。","JkxnuME","C-03-02-01-01"
"専門知識に基づいた問題解決能力","基礎医学","個体の反応","免疫反応に関わる組織と細胞について理解している。","JkxnuMI","C-03-02-01-02"
"専門知識に基づいた問題解決能力","基礎医学","個体の反応","補体および自然免疫細胞が病原体により活性化し、炎症をおこす仕組みについて理解している。","JkxnuMQ",""
"専門知識に基づいた問題解決能力","基礎医学","個体の反応","主要組織適合遺伝子複合体（MHC）クラスIとクラスIIの基本構造と機能、抗原提示によるT細胞活性化の仕組みについて理解している。","JkxnuMU","C-03-02-02-01"
"専門知識に基づいた問題解決能力","基礎医学","個体の反応","免疫グロブリンとT細胞抗原レセプターの構造と反応様式、免疫グロブリンとT細胞抗原レセプター遺伝子の構造と遺伝子再構成に基づき、多様性獲得の機構について理解している。","JkxnuMY","C-03-02-02-02,C-03-02-02-03"
"専門知識に基づいた問題解決能力","基礎医学","個体の反応","ヘルパーT細胞（Th1 cell、Th2 cell、Th17 cell）、細胞傷害性T細胞（CTL）、制御性T細胞（Treg）それぞれが担当する生体防御反応について理解している。","JkxnuMc","C-03-02-03-03"
"専門知識に基づいた問題解決能力","基礎医学","個体の反応","B細胞の活性化による抗体産生の機構、および抗体の役割を理解している
。","JkxnuMg",""
"専門知識に基づいた問題解決能力","基礎医学","個体の反応","自然免疫系を構成する主な細胞とそれらの活性化機構（TLR等）を理解している
。","JkxnuMk",""
"専門知識に基づいた問題解決能力","基礎医学","個体の反応","抗原提示細胞の種類と役割、抗原提示機構について理解している。","JkxnuMo",""
"専門知識に基づいた問題解決能力","基礎医学","個体の反応","ウイルス、細菌、真菌と寄生虫に対する免疫応答の特徴について理解している。","JkxnuMs","C-03-02-04-01"
"専門知識に基づいた問題解決能力","基礎医学","個体の反応","原発性免疫不全症と後天性免疫不全症候群（AIDS）について理解している。","JkxnuMw","C-03-02-04-02"
"専門知識に基づいた問題解決能力","基礎医学","個体の反応","免疫寛容の維持機構とその破綻による自己免疫疾患の発症について理解している。","JkxnuM0","C-03-02-04-03,C-03-02-02-04"
"専門知識に基づいた問題解決能力","基礎医学","個体の反応","アレルギー発症の機序について理解している。","JkxnuM4","C-03-02-04-04"
"専門知識に基づいた問題解決能力","基礎医学","個体の反応","癌免疫に関わる細胞性機序について理解している。","JkxnuM8","C-03-02-04-05"
"専門知識に基づいた問題解決能力","基礎医学","個体の反応","生体（あるいは生体群）の薬物・毒物反応性について、用量反応曲線を描き理解している。","JkxnuNA","C-03-03-01-03"
"専門知識に基づいた問題解決能力","基礎医学","個体の反応","薬物の受容体結合と薬理作用との関連性及び作動薬・拮抗薬について理解している。","JkxnuNE","C-03-03-01-02"
"専門知識に基づいた問題解決能力","基礎医学","個体の反応","薬物の投与経路と、その吸収、分布、代謝、排泄機構について理解している。","JkxnuNI","C-03-03-02-01"
"専門知識に基づいた問題解決能力","基礎医学","個体の反応","薬物の有害作用、薬物間相互作用について理解している。","JkxnuNM",""
"専門知識に基づいた問題解決能力","基礎医学","個体の反応","薬物開発のプロセスと、臨床試験における薬物の評価をについて理解している。","JkxnuNU",""
"専門知識に基づいた問題解決能力","基礎医学","病因と病態","ゲノムの多様性に基づく個体の多様性について理解している。","JkxnuNY","C-04-01-na-01"
"専門知識に基づいた問題解決能力","基礎医学","病因と病態","単一遺伝子疾患、染色体異常による疾患、ミトコンドリア遺伝子の変異による疾患を挙げ、遺伝様式を含め理解している。","JkxnuNc","C-04-01-na-02,C-04-01-na-03,C-04-01-na-04"
"専門知識に基づいた問題解決能力","基礎医学","病因と病態","多因子疾患における遺伝要因と環境要因の関係について理解している。","JkxnuNg","C-04-01-na-05,C-04-01-na-06"
"専門知識に基づいた問題解決能力","基礎医学","病因と病態","薬剤の有効性や安全性とゲノムの多様性との関係について理解している。","JkxnuNk","C-04-01-na-07"
"専門知識に基づいた問題解決能力","基礎医学","病因と病態","ネクローシスとアポトーシスの違いを含め、細胞傷害・変性と細胞死の多様性、病因と意義について理解している。","JkxnuNo","C-04-02-na-01,C-04-02-na-03"
"専門知識に基づいた問題解決能力","基礎医学","病因と病態","細胞傷害・変性と細胞死の細胞と組織の形態的変化の特徴について理解している。","JkxnuNs","C-04-02-na-02"
"専門知識に基づいた問題解決能力","基礎医学","病因と病態","糖代謝異常の病態について理解している。","JkxnuNw","C-04-03-na-01"
"専門知識に基づいた問題解決能力","基礎医学","病因と病態","タンパク質・アミノ酸代謝異常の病態について理解している。","JkxnuN0","C-04-03-na-02"
"専門知識に基づいた問題解決能力","基礎医学","病因と病態","脂質代謝異常の病態について理解している。","JkxnuN4","C-04-03-na-03"
"専門知識に基づいた問題解決能力","基礎医学","病因と病態","核酸・ヌクレオチド代謝異常の病態について理解している。","JkxnuN8","C-04-03-na-04"
"専門知識に基づいた問題解決能力","基礎医学","病因と病態","ビタミン、微量元素の代謝異常の病態について理解している。","JkxnuOA","C-04-03-na-05"
"専門知識に基づいた問題解決能力","基礎医学","病因と病態","メタボリックシンドロームの病態について理解している。","JkxnuOE","C-04-03-na-06"
"専門知識に基づいた問題解決能力","基礎医学","病因と病態","血行障害（阻血、低酸素血、充血、うっ血、出血）の違いとそれぞれの病因と病態、梗塞（血栓、塞栓）の種類と病態について理解している。","JkxnuOI","C-04-04-na-01,C-04-04-na-02"
"専門知識に基づいた問題解決能力","基礎医学","病因と病態","血圧異常（高血圧、低血圧）について理解している。","JkxnuOQ","C-04-04-na-04"
"専門知識に基づいた問題解決能力","基礎医学","病因と病態","臓器不全（多臓器不全、サイトカインストーム、播種性血管内凝固症候群）について理解している。","JkxnuOU","C-04-04-na-05"
"専門知識に基づいた問題解決能力","基礎医学","病因と病態","炎症の定義について理解している。","JkxnuOY","C-04-05-na-01"
"専門知識に基づいた問題解決能力","基礎医学","病因と病態","炎症の分類、組織形態学的変化と経時的変化（局所的変化と全身的変化）について理解している。","JkxnuOc","C-04-05-na-02"
"専門知識に基づいた問題解決能力","基礎医学","病因と病態","炎症組織の治癒過程について理解している。","JkxnuOg","C-04-05-na-04"
"専門知識に基づいた問題解決能力","基礎医学","病因と病態","炎症とメタボリックシンドローム、動脈硬化、腫瘍、老化への関わりについて理解している。","JkxnuOk",""
"専門知識に基づいた問題解決能力","基礎医学","病因と病態","自律性の増殖と、良性腫瘍と悪性腫瘍の違いについて理解している。","JkxnuOs","C-04-06-na-01"
"専門知識に基づいた問題解決能力","基礎医学","病因と病態","癌の原因や遺伝子変化について理解している。","JkxnuOw","C-04-06-na-02"
"専門知識に基づいた問題解決能力","基礎医学","病因と病態","腫瘍の分類、分化度、グレード、ステージについて理解している。","JkxnuO0","C-04-06-na-03"
"専門知識に基づいた問題解決能力","基礎医学","病因と病態","用語（異形成、上皮内癌、進行癌、早期癌、異型性、多形性等）について理解している。","JkxnuO4","C-04-06-na-04"
"専門知識に基づいた問題解決能力","基礎医学","病因と病態","癌の病理診断と治療の関わりについて理解している。","JkxnuO8","C-04-06-na-05"
"専門知識に基づいた問題解決能力","基礎医学","病因と病態","癌の転移について理解している。","JkxnuPA","C-04-06-na-06"
"専門知識に基づいた問題解決能力","基礎医学","病因と病態","癌の免疫系による排除機構について理解している。","JkxnuPE",""
"専門知識に基づいた問題解決能力","人体各器官の正常構造と機能、病態、診断、治療","血液・造血器・リンパ系","血液・造血器・リンパ系の構造と機能について基本的事項について理解している。","JkxnuPM","D-01-01-na-01,D-01-01-na-02,D-01-01-na-03,D-01-01-na-04,D-01-01-na-05,D-01-01-na-06,D-01-01-na-07,D-01-01-na-08"
"専門知識に基づいた問題解決能力","人体各器官の正常構造と機能、病態、診断、治療","血液・造血器・リンパ系","血液・造血器・リンパ系でみられる症候について理解している。","JkxnuPQ","D-01-03-na-01,D-01-03-na-02, D-01-03-na-03, D-01-03-na-04, D-01-03-na-05, D-01-03-na-06, ,D-01-03-na-01,D-01-03-na-02, D-01-03-na-03, D-01-03-na-04, D-01-03-na-05, D-01-03-na-06, ,D-01-03-na-01,D-01-03-na-02, D-01-03-na-03, D-01-03-na-04, D-01-03-na-05, D-01-03-na-06, ,D-01-03-na-01,D-01-03-na-02, D-01-03-na-03, D-01-03-na-04, D-01-03-na-05, D-01-03-na-06, ,D-01-03-na-04, D-01-03-na-05,,D-01-03-na-04, D-01-03-na-05,,D-01-03-na-04, D-01-03-na-05,"
"専門知識に基づいた問題解決能力","人体各器官の正常構造と機能、病態、診断、治療","血液・造血器・リンパ系","血液・造血器・リンパ系で行う検査方法について基本的事項について理解している。","JkxnuPU","D-01-02-na-01,なし,D-01-02-na-02,なし,D-01-02-na-02,なし"
"専門知識に基づいた問題解決能力","人体各器官の正常構造と機能、病態、診断、治療","血液・造血器・リンパ系","血液・造血器・リンパ系疾患に特異的な治療法について基本的事項について理解している。","JkxnuPY","なし,なし"
"専門知識に基づいた問題解決能力","人体各器官の正常構造と機能、病態、診断、治療","血液・造血器・リンパ系","血液・造血器・リンパ系の疾患・病態について病因、疫学、症候、主な検査・診断、治療法について理解している。","JkxnuPc","D-01-04-01-01, D-01-04-01-02, D-01-04-01-03, D-01-04-01-04, D-01-04-01-05,D-01-04-02-01, D-01-04-02-02, D-01-04-02-03, D-01-04-02-04, D-01-04-02-05, D-01-04-02-06, D-01-04-02-07,なし,D-01-04-04-01, D-01-04-04-02, D-01-04-04-03, D-01-04-04-04, D-01-04-04-05, D-01-04-04-06, D-01-04-04-07, D-01-04-04-08, D-01-04-04-09,なし"
"専門知識に基づいた問題解決能力","人体各器官の正常構造と機能、病態、診断、治療","神経系","神経系の構造と機能について基本的事項について理解している。","JkxnuPk","D-02-01-01-01,D-02-01-01-02,D-02-01-01-03,D-02-01-01-04,D-02-01-01-05,D-02-01-02-01,D-02-01-02-02,D-02-01-02-03,D-02-01-03-01, D-02-01-03-03,D-02-01-03-02,D-02-01-04-01,D-02-01-04-02,D-02-01-04-03,D-02-01-05-01,D-02-01-05-02,D-02-01-05-03,D-02-01-06-01,D-02-01-06-02,D-02-01-07-01,D-02-01-07-02,D-02-01-07-03"
"専門知識に基づいた問題解決能力","人体各器官の正常構造と機能、病態、診断、治療","神経系","神経系でみられる症候について理解している。","JkxnuPo","D-02-03-na-01, D-02-03-na-02, D-02-03-na-03, D-02-03-na-04, D-02-03-na-05,D-02-03-na-01, D-02-03-na-02, D-02-03-na-03, D-02-03-na-04, D-02-03-na-05,D-02-03-na-01, D-02-03-na-02, D-02-03-na-03, D-02-03-na-04, D-02-03-na-05,D-02-03-na-01, D-02-03-na-02, D-02-03-na-03, D-02-03-na-04, D-02-03-na-05,D-02-03-na-01, D-02-03-na-02, D-02-03-na-03, D-02-03-na-04, D-02-03-na-05,D-02-03-na-01, D-02-03-na-02, D-02-03-na-03, D-02-03-na-04, D-02-03-na-05,D-02-03-na-01, D-02-03-na-02, D-02-03-na-03, D-02-03-na-04, D-02-03-na-05,D-02-03-na-01, D-02-03-na-02, D-02-03-na-03, D-02-03-na-04, D-02-03-na-05,D-02-03-01-01, D-02-03-01-02, D-02-03-01-03, D-02-03-03-01, D-02-03-04-02, D-02-03-04-03,D-02-03-01-01, D-02-03-01-02, D-02-03-01-03, D-02-03-03-01, D-02-03-04-02, D-02-03-04-03,D-02-03-01-01, D-02-03-01-02, D-02-03-01-03, D-02-03-03-01, D-02-03-04-02, D-02-03-04-03,D-02-03-01-01, D-02-03-01-02, D-02-03-01-03, D-02-03-03-01, D-02-03-04-02, D-02-03-04-03,D-02-03-01-01, D-02-03-01-02, D-02-03-01-03, D-02-03-03-01, D-02-03-04-02, D-02-03-04-03,D-02-03-01-01, D-02-03-01-02, D-02-03-01-03, D-02-03-03-01, D-02-03-04-02, D-02-03-04-03"
"専門知識に基づいた問題解決能力","人体各器官の正常構造と機能、病態、診断、治療","神経系","神経系で行う検査方法について基本的事項について理解している。","JkxnuPs","D-02-02-na-01,D-02-02-na-02"
"専門知識に基づいた問題解決能力","人体各器官の正常構造と機能、病態、診断、治療","神経系","神経系疾患に特異的な治療法について基本的事項について理解している。","JkxnuPw","D-02-04-01-02"
"専門知識に基づいた問題解決能力","人体各器官の正常構造と機能、病態、診断、治療","神経系","神経系の疾患・病態について病因、疫学、症候、主な検査・診断、治療法について理解している。","JkxnuP0","D-02-04-01-01,D-02-04-03-01,D-02-04-03-02,D-02-04-02-01,D-02-04-02-02,D-02-04-02-03,D-02-04-02-04,D-02-04-02-05,D-02-04-05-01,D-02-04-05-02,D-02-04-05-03,D-02-04-05-04,D-02-04-06-01,D-02-04-06-02,D-02-04-06-03,D-02-04-07-01,D-02-04-08-01,D-02-04-04-02,D-02-04-04-03,D-02-04-09-01,D-02-04-09-02,D-02-04-10-01"
"専門知識に基づいた問題解決能力","人体各器官の正常構造と機能、病態、診断、治療","皮膚系","皮膚系の構造と機能について基本的事項について理解している。","JkxnuP4","D-03-01-na-01,D-03-01-na-02,D-03-01-na-03"
"専門知識に基づいた問題解決能力","人体各器官の正常構造と機能、病態、診断、治療","皮膚系","皮膚系でみられる症候について理解している。","JkxnuP8","D-03-03-na-01,D-03-03-na-01,D-03-03-na-01,D-03-03-na-01"
"専門知識に基づいた問題解決能力","人体各器官の正常構造と機能、病態、診断、治療","皮膚系","皮膚系で行う検査方法について基本的事項について理解している。","JkxnuQA","D-03-02-na-01,D-03-02-na-02,D-03-02-na-03,"
"専門知識に基づいた問題解決能力","人体各器官の正常構造と機能、病態、診断、治療","皮膚系","皮膚系疾患に特異的な治療法について基本的事項について理解している。","JkxnuQE",",,"
"専門知識に基づいた問題解決能力","人体各器官の正常構造と機能、病態、診断、治療","皮膚系","皮膚系の疾患・病態について病因、疫学、症候、主な検査・診断、治療法について理解している。","JkxnuQI","D-03-04-01-01, ,D-03-04-01-02,D-03-04-02-01,,D-03-04-02-02,,D-03-04-02-03.,,D-03-04-03-01,D-03-04-04-01, D-03-04-04-02,D-03-04-05-01, D-03-04-05-02, D-03-04-05-03,D-03-04-06-01,D-03-04-06-02,,D-03-04-07-01,D-03-04-07-02,D-03-04-07-03,D-03-04-07-04,D-03-04-07-05, D-03-04-07-06,D-03-04-08-01,D-03-04-09-01, D-03-04-09-02,,,"
"専門知識に基づいた問題解決能力","人体各器官の正常構造と機能、病態、診断、治療","運動器（筋骨格）系","運動器（筋骨格）系の構造と機能について基本的事項について理解している。","JkxnuQM","D-04-01-na-01,D-04-01-na-02,D-04-01-na-03,D-04-01-na-04,D-04-01-na-05,D-04-01-na-06,D-04-01-na-07,D-04-01-na-08"
"専門知識に基づいた問題解決能力","人体各器官の正常構造と機能、病態、診断、治療","運動器（筋骨格）系","運動器（筋骨格）系でみられる症候について理解している。","JkxnuQQ","D-04-03-na-01, D-04-03-na-02, D-04-03-na-03,D-04-03-na-01, D-04-03-na-02, D-04-03-na-03,D-04-03-na-01, D-04-03-na-02, D-04-03-na-03,D-04-03-na-01, D-04-03-na-02, D-04-03-na-03,D-04-03-na-01, D-04-03-na-02, D-04-03-na-03"
"専門知識に基づいた問題解決能力","人体各器官の正常構造と機能、病態、診断、治療","運動器（筋骨格）系","運動器（筋骨格）系で行う検査方法について基本的事項について理解している。","JkxnuQU","D-04-02-na-01,D-04-02-na-02,"
"専門知識に基づいた問題解決能力","人体各器官の正常構造と機能、病態、診断、治療","運動器（筋骨格）系","運動器（筋骨格）系疾患に特異的な治療法について基本的事項について理解している。","JkxnuQY","D-04-04-01-15,"
"専門知識に基づいた問題解決能力","人体各器官の正常構造と機能、病態、診断、治療","運動器（筋骨格）系","運動器（筋骨格）系の疾患・病態について病因、疫学、症候、主な検査・診断、治療法について理解している。","JkxnuQc","D-04-04-01-01,D-04-04-01-02,,D-04-04-01-03,D-04-04-01-04,D-04-04-01-05,D-04-04-01-06,D-04-04-01-07,D-04-04-01-08,D-04-04-01-09,D-04-04-01-10,D-04-04-01-11,D-04-04-01-12,D-04-04-01-13,D-04-04-01-14,D-04-04-02-01,D-04-04-02-02,,,D-04-04-03-01, D-04-04-03-02, D-04-04-03-03"
"専門知識に基づいた問題解決能力","人体各器官の正常構造と機能、病態、診断、治療","循環器系","循環器系の構造と機能について基本的事項について理解している。","JkxnuQg","D-05-01-na-01,D-05-01-na-02,D-05-01-na-03,D-05-01-na-04,D-05-01-na-05,D-05-01-na-06,D-05-01-na-07,D-05-01-na-08,D-05-01-na-09,D-05-01-na-10,D-05-01-na-11,D-05-01-na-12,D-05-01-na-13,D-05-01-na-14"
"専門知識に基づいた問題解決能力","人体各器官の正常構造と機能、病態、診断、治療","循環器系","循環器系でみられる症候について理解している。","JkxnuQk","D-05-03-na-04, D-05-03-na-06, D-05-03-na-09, D-05-03-na-10, D-05-03-na-12, D-05-03-na-13, D-05-03-na-14, D-05-03-na-19,D-05-03-na-04, D-05-03-na-06, D-05-03-na-09, D-05-03-na-10, D-05-03-na-12, D-05-03-na-13, D-05-03-na-14, D-05-03-na-19,D-05-03-na-04, D-05-03-na-06, D-05-03-na-09, D-05-03-na-10, D-05-03-na-12, D-05-03-na-13, D-05-03-na-14, D-05-03-na-19,D-05-03-na-04, D-05-03-na-06, D-05-03-na-09, D-05-03-na-10, D-05-03-na-12, D-05-03-na-13, D-05-03-na-14, D-05-03-na-19,D-05-03-na-04, D-05-03-na-06, D-05-03-na-09, D-05-03-na-10, D-05-03-na-12, D-05-03-na-13, D-05-03-na-14, D-05-03-na-19,D-05-03-na-04, D-05-03-na-06, D-05-03-na-09, D-05-03-na-10, D-05-03-na-12, D-05-03-na-13, D-05-03-na-14, D-05-03-na-19,D-05-03-na-04, D-05-03-na-06, D-05-03-na-09, D-05-03-na-10, D-05-03-na-12, D-05-03-na-13, D-05-03-na-14, D-05-03-na-19,D-05-03-na-04, D-05-03-na-06, D-05-03-na-09, D-05-03-na-10, D-05-03-na-12, D-05-03-na-13, D-05-03-na-14, D-05-03-na-19,D-05-03-na-04, D-05-03-na-06, D-05-03-na-09, D-05-03-na-10, D-05-03-na-12, D-05-03-na-13, D-05-03-na-14, D-05-03-na-19,"
"専門知識に基づいた問題解決能力","人体各器官の正常構造と機能、病態、診断、治療","循環器系","循環器系で行う検査方法について基本的事項について理解している。","JkxnuQo","D-05-02-na-01,D-05-02-na-03,D-05-02-na-02,D-05-02-na-04,D-05-02-na-05,D-05-02-na-06"
"専門知識に基づいた問題解決能力","人体各器官の正常構造と機能、病態、診断、治療","循環器系","循環器系疾患に特異的な治療法について基本的事項について理解している。","JkxnuQs","D-05-04-02-06,D-05-04-03-05,D-05-04-01-04, D-05-04-02-06"
"専門知識に基づいた問題解決能力","人体各器官の正常構造と機能、病態、診断、治療","循環器系","循環器系の疾患・病態について病因、疫学、症候、主な検査・診断、治療法について理解している。","JkxnuQw","D-05-04-01-01,D-05-04-01-02,D-05-04-01-03,,D-05-04-01-05,D-05-04-02-01,D-05-04-02-02,D-05-04-02-03,D-05-04-02-04,D-05-04-02-05,D-05-04-02-06,D-05-04-03-01,D-05-04-03-02,D-05-04-03-03,D-05-04-03-04, D-05-04-03-06,D-05-04-04-01,D-05-04-05-02,D-05-04-05-03,D-05-04-05-04,D-05-04-05-05,,D-05-04-05-06,D-05-04-06-01,D-05-04-07-01,D-05-04-07-02,D-05-04-07-03,D-05-04-07-04,D-05-04-07-05,D-05-04-08-01,D-05-04-08-02,D-05-04-08-03,D-05-04-08-04,D-05-04-09-01,D-05-04-09-02,D-05-04-09-04,D-05-04-10-02,D-05-04-11-01"
"専門知識に基づいた問題解決能力","人体各器官の正常構造と機能、病態、診断、治療","呼吸器系","呼吸器系の構造と機能について基本的事項について理解している。","JkxnuQ0","D-06-01-na-01,D-06-01-na-02,D-06-01-na-03,D-06-01-na-04,D-06-01-na-05,D-06-01-na-06,D-06-01-na-07,D-06-01-na-08,D-06-01-na-09,D-06-01-na-10"
"専門知識に基づいた問題解決能力","人体各器官の正常構造と機能、病態、診断、治療","呼吸器系","呼吸器系でみられる症候について理解している。","JkxnuQ4","D-06-03-02-01, D-06-03-02-02, D-06-03-02-03, D-06-03-02-04, D-06-03-02-05,D-06-03-02-01, D-06-03-02-02, D-06-03-02-03, D-06-03-02-04, D-06-03-02-05,D-06-03-02-01, D-06-03-02-02, D-06-03-02-03, D-06-03-02-04, D-06-03-02-05,D-06-03-02-01, D-06-03-02-02, D-06-03-02-03, D-06-03-02-04, D-06-03-02-05,D-06-03-01-01,D-06-04-01-01,D-06-04-01-02,D-06-03-01-01,D-06-04-01-01,D-06-04-01-02,D-06-03-01-01,D-06-04-01-01,D-06-04-01-02,D-06-03-01-01,D-06-04-01-01,D-06-04-01-02"
"専門知識に基づいた問題解決能力","人体各器官の正常構造と機能、病態、診断、治療","呼吸器系","呼吸器系で行う検査方法について基本的事項について理解している。","JkxnuQ8","D-06-02-na-03,D-06-04-08-04,,D-06-02-na-01,D-06-02-na-02"
"専門知識に基づいた問題解決能力","人体各器官の正常構造と機能、病態、診断、治療","呼吸器系","呼吸器系疾患に特異的な治療法について基本的事項について理解している。","JkxnuRA",",,"
"専門知識に基づいた問題解決能力","人体各器官の正常構造と機能、病態、診断、治療","呼吸器系","呼吸器系の疾患・病態について病因、疫学、症候、主な検査・診断、治療法について理解している。","JkxnuRE","D-06-04-01-01, D-06-04-01-02,D-06-04-02-01, D-06-04-02-02, D-06-04-02-03, D-06-04-02-04, D-06-04-02-05, D-06-04-02-06, D-06-04-02-07,D-06-04-03-01, D-06-04-03-02, D-06-04-03-03, D-06-04-03-04, D-06-04-03-05, D-06-04-03-06, D-06-04-03-07,D-06-04-04-01, D-06-04-04-02, D-06-04-04-03, D-06-04-04-04, ,D-06-04-05-01, D-06-04-05-02, D-06-04-05-03, D-06-04-05-04, ,D-06-04-06-01, D-06-04-06-02, D-06-04-06-03,D-06-04-07-01, D-06-04-07-02, D-06-04-07-03, D-06-04-07-04, D-06-04-07-05,D-06-04-08-01, D-06-04-08-02, D-06-04-08-03, D-06-04-08-04,,"
"専門知識に基づいた問題解決能力","人体各器官の正常構造と機能、病態、診断、治療","消化器系","消化器系の構造と機能について基本的事項について理解している。","JkxnuRI","D-07-01-na-01,D-07-01-na-02,D-07-01-na-03,D-07-01-na-04,D-07-01-na-05,D-07-01-na-06,D-07-01-na-07,D-07-01-na-08,D-07-01-na-09,D-07-01-na-10,D-07-01-na-11,D-07-01-na-12,D-07-01-na-13,D-07-01-na-14,D-07-01-na-15"
"専門知識に基づいた問題解決能力","人体各器官の正常構造と機能、病態、診断、治療","消化器系","消化器系でみられる症候について理解している。","JkxnuRM","D-07-03-02-01,D-07-03-02-02,D-07-03-02-03,D-07-03-02-04,D-07-03-02-05,D-07-03-02-06,D-07-03-02-07,D-07-03-02-01,D-07-03-02-02,D-07-03-02-03,D-07-03-02-04,D-07-03-02-05,D-07-03-02-06,D-07-03-02-07,D-07-03-02-01,D-07-03-02-02,D-07-03-02-03,D-07-03-02-04,D-07-03-02-05,D-07-03-02-06,D-07-03-02-07,D-07-03-02-01,D-07-03-02-02,D-07-03-02-03,D-07-03-02-04,D-07-03-02-05,D-07-03-02-06,D-07-03-02-07,D-07-03-02-01,D-07-03-02-02,D-07-03-02-03,D-07-03-02-04,D-07-03-02-05,D-07-03-02-06,D-07-03-02-07,D-07-03-02-01,D-07-03-02-02,D-07-03-02-03,D-07-03-02-04,D-07-03-02-05,D-07-03-02-06,D-07-03-02-07,D-07-03-02-01,D-07-03-02-02,D-07-03-02-03,D-07-03-02-04,D-07-03-02-05,D-07-03-02-06,D-07-03-02-07,D-07-03-02-01,D-07-03-02-02,D-07-03-02-03,D-07-03-02-04,D-07-03-02-05,D-07-03-02-06,D-07-03-02-07,D-07-03-02-01,D-07-03-02-02,D-07-03-02-03,D-07-03-02-04,D-07-03-02-05,D-07-03-02-06,D-07-03-02-07,D-07-03-01-01,D-07-03-01-02,D-07-03-01-01,D-07-03-01-02"
"専門知識に基づいた問題解決能力","人体各器官の正常構造と機能、病態、診断、治療","消化器系","消化器系で行う検査方法について基本的事項について理解している。","JkxnuRQ","D-07-02-na-01,D-07-02-na-02,D-07-02-na-03,D-07-02-na-04,D-07-02-na-05"
"専門知識に基づいた問題解決能力","人体各器官の正常構造と機能、病態、診断、治療","消化器系","消化器系疾患に特異的な治療法について基本的事項について理解している。","JkxnuRU",",,"
"専門知識に基づいた問題解決能力","人体各器官の正常構造と機能、病態、診断、治療","消化器系","消化器系の疾患・病態について病因、疫学、症候、主な検査・診断、治療法について理解している。","JkxnuRY","D-07-04-01-01,D-07-04-01-02, D-07-04-01-03,D-07-04-02-01, D-07-04-02-02, D-07-04-02-03, D-07-04-02-04, D-07-04-02-05, D-07-04-02-06, D-07-04-02-07, D-07-04-02-08,D-07-04-03-01, D-07-04-03-02, D-07-04-03-03, D-07-04-03-04, D-07-04-03-05, D-07-04-03-06, D-07-04-03-07, D-07-04-03-08, D-07-04-03-09,D-07-04-03-10,D-07-04-03-11,D-07-04-03-12,D-07-04-03-13,D-07-04-03-14,D-07-04-03-15,D-07-04-03-16,D-07-04-03-17,D-07-04-04-01,D-07-04-04-02,D-07-04-04-03,D-07-04-04-04,D-07-04-05-01,D-07-04-05-02,D-07-04-05-03,D-07-04-05-04,D-07-04-05-05,D-07-04-05-06,D-07-04-05-07,D-07-04-05-08,D-07-04-05-09,D-07-04-05-10,D-07-04-05-11, D-07-04-05-11,D-07-04-06-01,D-07-04-06-02,D-07-04-06-03,D-07-04-07-01,D-07-04-07-02,D-07-04-07-03,D-07-04-08-01,D-07-04-08-02,D-07-04-08-03,D-07-04-08-04,D-07-04-08-05,D-07-04-08-06,D-07-04-08-07,D-07-04-08-08,D-07-04-08-09,D-07-04-08-10,D-07-04-08-11,D-07-04-08-12"
"専門知識に基づいた問題解決能力","人体各器官の正常構造と機能、病態、診断、治療","腎・尿路系（体液・電解質バランスを含む）","腎・尿路系の構造と機能について基本的事項について理解している。","JkxnuRc","D-08-01-na-01,D-08-01-na-02,D-08-01-na-03,D-08-01-na-04,D-08-01-na-05,D-08-01-na-06,D-08-01-na-07,D-08-01-na-08"
"専門知識に基づいた問題解決能力","人体各器官の正常構造と機能、病態、診断、治療","腎・尿路系（体液・電解質バランスを含む）","腎・尿路系でみられる症候について理解している。","JkxnuRg",",,,,,D-08-04-02-05"
"専門知識に基づいた問題解決能力","人体各器官の正常構造と機能、病態、診断、治療","腎・尿路系（体液・電解質バランスを含む）","腎・尿路系で行う検査方法について基本的事項について理解している。","JkxnuRk","D-08-02-na-02,D-08-02-na-01,D-08-02-na-03,D-08-02-na-04"
"専門知識に基づいた問題解決能力","人体各器官の正常構造と機能、病態、診断、治療","腎・尿路系（体液・電解質バランスを含む）","腎・尿路系疾患に特異的な治療法について基本的事項について理解している。","JkxnuRo","D-08-04-01-06"
"専門知識に基づいた問題解決能力","人体各器官の正常構造と機能、病態、診断、治療","腎・尿路系（体液・電解質バランスを含む）","腎・尿路系の疾患・病態について病因、疫学、症候、主な検査・診断、治療法について理解している。","JkxnuRs","D-08-04-01-01,D-08-04-01-02, D-08-04-01-03, D-08-04-01-04, D-08-04-01-05, ,D-08-03-01-01,D-08-03-01-02,D-08-03-01-03,D-08-03-01-04,D-08-04-09-01, D-08-04-09-02,D-08-04-02-01, D-08-04-02-02, D-08-04-02-03,D-08-04-03-01, D-08-04-03-02,D-08-04-04-01, D-08-04-05-01, D-08-04-05-02,D-08-04-06-01, D-08-04-06-02, D-08-04-06-03, D-08-04-06-04,. D-08-04-06-05,D-08-04-07-01, D-08-04-07-02,D-08-04-08-01, D-08-04-08-02, D-08-04-08-03,D-08-04-09-01, D-08-04-09-02"
"専門知識に基づいた問題解決能力","人体各器官の正常構造と機能、病態、診断、治療","生殖機能","生殖機能の構造と機能について基本的事項について理解している。","JkxnuRw","D-09-01-na-01,D-09-01-na-02,D-09-01-na-03,D-09-01-na-04,D-09-01-na-05,D-09-01-na-06,D-09-01-na-07,D-09-01-na-08,D-09-01-na-09"
"専門知識に基づいた問題解決能力","人体各器官の正常構造と機能、病態、診断、治療","生殖機能","生殖機能でみられる症候について理解している。","JkxnuR0","D-09-03-02-01,D-09-03-02-02,D-09-03-02-04,D-09-03-02-01,D-09-03-02-02,D-09-03-02-04,D-09-03-02-01,D-09-03-02-02,D-09-03-02-04,D-09-03-02-01,D-09-03-02-02,D-09-03-02-04,D-09-03-02-01,D-09-03-02-02,D-09-03-02-04,D-09-03-02-01,D-09-03-02-02,D-09-03-02-04,D-09-03-01-01,D-09-03-01-02, D-09-03-02-03、D-09-03-03-01,D-09-03-04-01,D-09-03-04-05,D-09-03-01-01,D-09-03-01-02, D-09-03-02-03、D-09-03-03-01,D-09-03-04-01,D-09-03-04-05,D-09-03-01-01,D-09-03-01-02, D-09-03-02-03、D-09-03-03-01,D-09-03-04-01,D-09-03-04-05,D-09-03-01-01,D-09-03-01-02, D-09-03-02-03、D-09-03-03-01,D-09-03-04-01,D-09-03-04-05,D-09-03-01-01,D-09-03-01-02, D-09-03-02-03、D-09-03-03-01,D-09-03-04-01,D-09-03-04-05,D-09-03-01-01,D-09-03-01-02, D-09-03-02-03、D-09-03-03-01,D-09-03-04-01,D-09-03-04-05,D-09-03-01-01,D-09-03-01-02, D-09-03-02-03、D-09-03-03-01,D-09-03-04-01,D-09-03-04-05,D-09-03-01-01,D-09-03-01-02, D-09-03-02-03、D-09-03-03-01,D-09-03-04-01,D-09-03-04-05,D-09-03-01-01,D-09-03-01-02, D-09-03-02-03、D-09-03-03-01,D-09-03-04-01,D-09-03-04-05"
"専門知識に基づいた問題解決能力","人体各器官の正常構造と機能、病態、診断、治療","生殖機能","生殖機能で行う検査方法について基本的事項について理解している。","JkxnuR4","D-09-02-01-01,D-09-02-02-01,D-09-02-02-02,D-09-02-02-03,D-09-02-02-04"
"専門知識に基づいた問題解決能力","人体各器官の正常構造と機能、病態、診断、治療","生殖機能","生殖機能に関する疾患に特異的な治療法について基本的事項について理解している。","JkxnuR8",""
"専門知識に基づいた問題解決能力","人体各器官の正常構造と機能、病態、診断、治療","生殖機能","生殖機能に関する疾患・病態について病因、疫学、症候、主な検査・診断、治療法について理解している。","JkxnuSA","D-09-04-01-01,D-09-04-01-02,D-09-04-01-03,D-09-04-02-01,D-09-04-02-02,D-09-04-02-03,D-09-04-02-04,D-09-04-02-05,D-09-04-02-06,D-09-04-03-01,D-09-04-03-02,D-09-04-03-03,D-09-04-03-04,D-09-04-03-05"
"専門知識に基づいた問題解決能力","人体各器官の正常構造と機能、病態、診断、治療","妊娠と分娩","妊娠と分娩に関する構造と機能について基本的事項について理解している。","JkxnuSE","D-10-03-na-01,D-10-03-na-02,D-10-03-na-03,D-10-01-na-02,D-10-03-na-04,D-10-03-na-05,D-10-03-na-06, D-10-03-na-07"
"専門知識に基づいた問題解決能力","人体各器官の正常構造と機能、病態、診断、治療","妊娠と分娩","妊娠と分娩でみられる症候について理解している。","JkxnuSI","D-10-02-na-01,D-10-02-na-02,D-10-02-na-03,D-10-02-na-01,D-10-02-na-02,D-10-02-na-03,D-10-02-na-01,D-10-02-na-02,D-10-02-na-03,F-01-30-na-01,F-01-30-na-02,F-01-30-na-03, G-02-30-na-01,G-02-30-na-02,G-02-30-na-03,G-02-30-na-04,G-02-30-na-05,F-01-30-na-01,F-01-30-na-02,F-01-30-na-03, G-02-30-na-01,G-02-30-na-02,G-02-30-na-03,G-02-30-na-04,G-02-30-na-05"
"専門知識に基づいた問題解決能力","人体各器官の正常構造と機能、病態、診断、治療","妊娠と分娩","妊娠と分娩で行う検査方法について基本的事項について理解している。","JkxnuSM","D-10-01-na-01,D-10-01-na-04,D-10-01-na-03"
"専門知識に基づいた問題解決能力","人体各器官の正常構造と機能、病態、診断、治療","妊娠と分娩","妊娠と分娩に特異的な治療法について基本的事項について理解している。","JkxnuSQ",",D-10-03-na-08"
"専門知識に基づいた問題解決能力","人体各器官の正常構造と機能、病態、診断、治療","妊娠と分娩","妊娠と分娩に関する疾患・病態について病因、疫学、症候、主な検査・診断、治療法について理解している。","JkxnuSU","D-10-04-na-01,D-10-04-na-02,D-10-04-na-03,D-10-04-na-04,D-10-04-na-05"
"専門知識に基づいた問題解決能力","人体各器官の正常構造と機能、病態、診断、治療","小児","小児にみられる症候について理解している。","Jli53Ic",""
"専門知識に基づいた問題解決能力","人体各器官の正常構造と機能、病態、診断、治療","小児","小児で行う検査方法について基本的事項について理解している。","Jli53IY",""
"専門知識に基づいた問題解決能力","人体各器官の正常構造と機能、病態、診断、治療","小児","小児に特異的な治療法について基本的事項について理解している。","Jli53IQ",""
"専門知識に基づいた問題解決能力","人体各器官の正常構造と機能、病態、診断、治療","小児","小児の疾患・病態について病因、疫学、症候、主な検査・診断、治療法について理解している。","Jli53IM",""
"専門知識に基づいた問題解決能力","人体各器官の正常構造と機能、病態、診断、治療","乳房","乳房の構造と機能について基本的事項について理解している。","JkxnuSY","D-11-01-na-01,D-11-01-na-02,D-11-01-na-03"
"専門知識に基づいた問題解決能力","人体各器官の正常構造と機能、病態、診断、治療","乳房","乳房でみられる症候について理解している。","JkxnuSc","D-11-03-na-01,D-11-04-01-02,D-11-03-na-01,D-11-04-01-02,D-11-03-na-01,D-11-04-01-02,D-11-03-na-01,D-11-04-01-02"
"専門知識に基づいた問題解決能力","人体各器官の正常構造と機能、病態、診断、治療","乳房","乳房に関して行う検査方法について基本的事項について理解している。","JkxnuSg","D-11-02-na-01,D-11-02-na-02"
"専門知識に基づいた問題解決能力","人体各器官の正常構造と機能、病態、診断、治療","乳房","乳房疾患に特異的な治療法について基本的事項について理解している。","JkxnuSk",""
"専門知識に基づいた問題解決能力","人体各器官の正常構造と機能、病態、診断、治療","乳房","乳房に関する疾患・病態について病因、疫学、症候、主な検査・診断、治療法について理解している。","JkxnuSs","D-11-04-01-01,"
"専門知識に基づいた問題解決能力","人体各器官の正常構造と機能、病態、診断、治療","内分泌・栄養・代謝系","内分泌・栄養・代謝系の構造と機能について基本的事項について理解している。","JkxnuSw","D-12-01-na-01,D-12-01-na-03,D-12-01-na-04,D-12-01-na-05,D-12-01-na-06,D-12-01-na-07,D-12-01-na-08,D-12-01-na-09,D-12-02-na-02,D-12-02-na-03"
"専門知識に基づいた問題解決能力","人体各器官の正常構造と機能、病態、診断、治療","内分泌・栄養・代謝系","内分泌・栄養・代謝系でみられる症候について理解している。","JkxnuS0",",,,,,,"
"専門知識に基づいた問題解決能力","人体各器官の正常構造と機能、病態、診断、治療","内分泌・栄養・代謝系","内分泌・栄養・代謝系で行う検査方法について基本的事項について理解している。","JkxnuS4",","
"専門知識に基づいた問題解決能力","人体各器官の正常構造と機能、病態、診断、治療","内分泌・栄養・代謝系","内分泌・栄養・代謝系疾患に特異的な治療法について基本的事項について理解している。","JkxnuS8",""
"専門知識に基づいた問題解決能力","人体各器官の正常構造と機能、病態、診断、治療","内分泌・栄養・代謝系","内分泌・栄養・代謝系の疾患・病態について病因、疫学、症候、主な検査・診断、治療法について理解している。","JkxnuTA","D-12-04-01-01,D-12-04-01-02, D-12-04-01-03, D-12-04-01-04, D-12-04-01-06, D-12-04-01-07,D-12-04-02-01, D-12-04-02-02, D-12-04-02-03,D-12-04-03-01,D-12-04-03-02,D-12-04-03-03,D-12-04-03-04,D-12-04-04-01, D-12-04-04-02, D-12-04-04-03,D-12-04-05-01, D-12-04-05-02, D-12-04-05-03, D-12-04-05-04, D-12-04-05-05,D-12-04-06-01,D-12-04-06-02,D-12-04-07-01,D-12-04-07-02,D-12-04-08-01,D-12-04-09-01,D-12-04-09-02,D-12-04-09-03,D-12-04-01-05, D-12-04-04-04,D-12-04-10-01,D-12-04-10-02,D-12-04-10-03"
"専門知識に基づいた問題解決能力","人体各器官の正常構造と機能、病態、診断、治療","眼・視覚系","眼・視覚系の構造と機能について基本的事項について理解している。","JkxnuTE","D-13-01-na-01,D-13-01-na-02,D-13-01-na-03,D-13-01-na-04"
"専門知識に基づいた問題解決能力","人体各器官の正常構造と機能、病態、診断、治療","眼・視覚系","眼・視覚系でみられる症候について理解している。","JkxnuTI","D-13-03-02-01,D-13-03-02-02,D-13-03-02-03,D-13-03-02-01,D-13-03-02-02,D-13-03-02-03,D-13-03-02-01,D-13-03-02-02,D-13-03-02-03,D-13-03-01-01,D-13-03-01-01,D-13-03-01-01,D-13-03-01-01,D-13-03-01-01,D-13-03-01-01"
"専門知識に基づいた問題解決能力","人体各器官の正常構造と機能、病態、診断、治療","眼・視覚系","眼・視覚系で行う検査方法について基本的事項について理解している。","JkxnuTM","D-13-02-na-01,D-13-02-na-01,D-13-02-na-01,D-13-02-na-01,D-13-02-na-01"
"専門知識に基づいた問題解決能力","人体各器官の正常構造と機能、病態、診断、治療","眼・視覚系","眼・視覚系疾患に特異的な治療法について基本的事項について理解している。","JkxnuTQ",""
"専門知識に基づいた問題解決能力","人体各器官の正常構造と機能、病態、診断、治療","眼・視覚系","眼・視覚系の疾患・病態について病因、疫学、症候、主な検査・診断、治療法について理解している。","JkxnuTU","D-13-04-01-01,D-13-04-01-02,,D-13-04-01-03,D-13-04-01-04,D-13-04-01-05,,D-13-04-01-06,D-13-04-01-07,D-13-04-01-08,D-13-04-01-09,D-13-04-01-10,D-13-04-02-01"
"専門知識に基づいた問題解決能力","人体各器官の正常構造と機能、病態、診断、治療","耳鼻・咽喉・口腔系","耳鼻・咽喉・口腔系の構造と機能について基本的事項について理解している。","JkxnuTY","D-14-01-na-01,D-14-01-na-02,D-14-01-na-03,D-14-01-na-04,D-14-01-na-05,D-14-01-na-06"
"専門知識に基づいた問題解決能力","人体各器官の正常構造と機能、病態、診断、治療","耳鼻・咽喉・口腔系","耳鼻・咽喉・口腔系でみられる症候について理解している。","JkxnuTc","D-14-02-na-01, D-14-02-na-02,D-14-02-na-01, D-14-02-na-02,D-14-03-01-01,D-14-03-01-01,D-14-03-01-01,D-14-03-01-01,D-14-03-01-01,D-14-03-01-01,D-14-03-01-01,D-14-03-01-01,D-14-03-01-01,D-14-03-01-01,D-14-03-01-01,D-14-03-01-01,D-14-03-01-01,D-14-03-01-01"
"専門知識に基づいた問題解決能力","人体各器官の正常構造と機能、病態、診断、治療","耳鼻・咽喉・口腔系","耳鼻・咽喉・口腔系で行う検査方法について基本的事項について理解している。","JkxnuTg","D-14-02-na-01,D-14-02-na-02,"
"専門知識に基づいた問題解決能力","人体各器官の正常構造と機能、病態、診断、治療","耳鼻・咽喉・口腔系","耳鼻・咽喉・口腔系疾患に特異的な治療法について基本的事項について理解している。","JkxnuTk",",D-14-04-01-10"
"専門知識に基づいた問題解決能力","人体各器官の正常構造と機能、病態、診断、治療","耳鼻・咽喉・口腔系","耳鼻・咽喉・口腔系の疾患・病態について病因、疫学、症候、主な検査・診断、治療法について理解している。","JkxnuTo","D-14-04-01-01,,D-14-04-01-02,D-14-04-01-03,D-14-04-01-04,,D-14-04-01-05,D-14-04-01-06,D-14-04-01-07,D-14-04-01-08,D-14-04-01-09,D-14-04-01-10,D-14-04-01-11,D-14-04-01-12,,,,,,D-14-04-02-01, D-14-04-02-02"
"専門知識に基づいた問題解決能力","人体各器官の正常構造と機能、病態、診断、治療","精神系","精神系の構造と機能について基本的事項について理解している。","JkxnuTs",""
"専門知識に基づいた問題解決能力","人体各器官の正常構造と機能、病態、診断、治療","精神系","精神系でみられる症候について理解している。","JkxnuTw","D-15-02-na-02,D-15-02-na-02,D-15-02-na-02,D-15-02-na-01, D-15-02-na-02, D-15-02-na-03,D-15-02-na-01, D-15-02-na-02, D-15-02-na-03,D-15-02-na-01, D-15-02-na-02, D-15-02-na-03"
"専門知識に基づいた問題解決能力","人体各器官の正常構造と機能、病態、診断、治療","精神系","精神系で行う検査方法について基本的事項について理解している。","JkxnuT0","D-15-01-na-05,,,,,,,,D-15-01-na-02"
"専門知識に基づいた問題解決能力","人体各器官の正常構造と機能、病態、診断、治療","精神系","精神系疾患に特異的な治療法について基本的事項について理解している。","JkxnuT4","D-15-01-na-01,D-15-01-na-03,D-15-01-na-04"
"専門知識に基づいた問題解決能力","人体各器官の正常構造と機能、病態、診断、治療","精神系","精神系の疾患・病態について病因、疫学、症候、主な検査・診断、治療法について理解している。","JkxnuT8","D-15-03-na-02,D-15-03-na-01,D-15-03-na-03,D-15-03-na-05, D-15-03-na-06,D-15-03-na-04,,D-15-03-na-07,D-15-03-na-09,D-15-03-na-07, D-15-03-na-08,D-15-03-na-08,D-15-03-na-10"
"専門知識に基づいた問題解決能力","全身に及ぶ生理的変化、病態、診断、治療","遺伝医療・ゲノム医療","集団遺伝学の基礎としてハーディ・ワインベルグの法則について理解している。","JkxnuUA","E-01-01-na-01"
"専門知識に基づいた問題解決能力","全身に及ぶ生理的変化、病態、診断、治療","遺伝医療・ゲノム医療","家系図を作成、評価（ベイズの定理、リスク評価）できる。","JkxnuUE","E-01-01-na-02"
"専門知識に基づいた問題解決能力","全身に及ぶ生理的変化、病態、診断、治療","遺伝医療・ゲノム医療","生殖細胞系列変異と体細胞変異の違い、遺伝学的検査の目的と意義について理解している。","JkxnuUI","E-01-01-na-03"
"専門知識に基づいた問題解決能力","全身に及ぶ生理的変化、病態、診断、治療","遺伝医療・ゲノム医療","遺伝情報の特性（不変性、予見性、共有性）について理解している。","JkxnuUM","E-01-01-na-04"
"専門知識に基づいた問題解決能力","全身に及ぶ生理的変化、病態、診断、治療","遺伝医療・ゲノム医療","遺伝カウンセリングの意義と方法について理解している。","JkxnuUQ","E-01-01-na-05"
"専門知識に基づいた問題解決能力","全身に及ぶ生理的変化、病態、診断、治療","遺伝医療・ゲノム医療","遺伝医療における倫理的・法的・社会的配慮について理解している。","JkxnuUU","E-01-01-na-06"
"専門知識に基づいた問題解決能力","全身に及ぶ生理的変化、病態、診断、治療","遺伝医療・ゲノム医療","遺伝医学関連情報にアクセスすることができる。","JkxnuUY","E-01-01-na-07"
"専門知識に基づいた問題解決能力","全身に及ぶ生理的変化、病態、診断、治療","遺伝医療・ゲノム医療","遺伝情報に基づく治療や予防をはじめとする適切な対処法について理解している。","JkxnuUc","E-01-01-na-08"
"専門知識に基づいた問題解決能力","全身に及ぶ生理的変化、病態、診断、治療","感染症","代表的な市中感染症の原因微生物について理解している。","JkxnuUg","E-02-01-na-02"
"専門知識に基づいた問題解決能力","全身に及ぶ生理的変化、病態、診断、治療","感染症","代表的な医療関連感染の原因微生物について理解している。","JkxnuUk","E-02-01-na-02,E-02-01-na-03"
"専門知識に基づいた問題解決能力","全身に及ぶ生理的変化、病態、診断、治療","感染症","代表的な免疫不全患者の罹患しやすい微生物について理解している。","JkxnuUo","E-02-01-na-06"
"専門知識に基づいた問題解決能力","全身に及ぶ生理的変化、病態、診断、治療","感染症","薬剤耐性 （AMR）の現状と代表的な薬剤耐性菌（メチシリン耐性黄色ブドウ球菌（MRSA））について理解し、抗菌薬適正使用等の予防策について理解している。","JkxnuUs","E-02-01-na-04"
"専門知識に基づいた問題解決能力","全身に及ぶ生理的変化、病態、診断、治療","感染症","患者（宿主）、感染臓器・部位、原因微生物の関係について理解している。","JkxnuUw","E-02-01-na-05"
"専門知識に基づいた問題解決能力","全身に及ぶ生理的変化、病態、診断、治療","感染症","代表的な市中感染症のリスク因子、感染経路・侵入門戸、病態生理について理解している。","JkxnuU0","E-02-01-na-02"
"専門知識に基づいた問題解決能力","全身に及ぶ生理的変化、病態、診断、治療","感染症","代表的な医療関連感染のリスク因子、感染経路・侵入門戸、病態生理を理解し理解している。","JkxnuU4","E-02-01-na-02,E-02-01-na-03"
"専門知識に基づいた問題解決能力","全身に及ぶ生理的変化、病態、診断、治療","感染症","敗血症と血流感染の相違を理解し、病態について理解している。","JkxnuU8",""
"専門知識に基づいた問題解決能力","全身に及ぶ生理的変化、病態、診断、治療","感染症","新興感染症についてその感染経路を理解し、必要な感染対策について理解している。","JkxnuVA","E-02-01-na-07"
"専門知識に基づいた問題解決能力","全身に及ぶ生理的変化、病態、診断、治療","感染症","医療面接と身体所見から感染臓器と原因微生物を想定し理解している。","JkxnuVE","E-02-02-na-01"
"専門知識に基づいた問題解決能力","全身に及ぶ生理的変化、病態、診断、治療","感染症","医療面接と身体診察から想定した原因微生物の診断方法について理解している。","JkxnuVI","E-02-02-na-01"
"専門知識に基づいた問題解決能力","全身に及ぶ生理的変化、病態、診断、治療","感染症","発熱患者への基本検査（血液培養2セット、尿検査・尿培養、胸部X線写真）について理解している。","JkxnuVM",""
"専門知識に基づいた問題解決能力","全身に及ぶ生理的変化、病態、診断、治療","感染症","抗菌薬投与の原則（抗菌薬投与前に培養検体を提出する、微生物と臓器による標準薬を選択し投与期間を設定する）について理解している。","JkxnuVQ",""
"専門知識に基づいた問題解決能力","全身に及ぶ生理的変化、病態、診断、治療","感染症","抗菌薬の初期治療（経験的治療）について理解している。","JkxnuVU",""
"専門知識に基づいた問題解決能力","全身に及ぶ生理的変化、病態、診断、治療","感染症","抗菌薬の最適治療（標的治療）について理解している。","JkxnuVY",""
"専門知識に基づいた問題解決能力","全身に及ぶ生理的変化、病態、診断、治療","感染症","ワクチン予防可能な疾患について理解している","JkxnuVc","E-02-02-na-07"
"専門知識に基づいた問題解決能力","全身に及ぶ生理的変化、病態、診断、治療","感染症","職業感染対策（ワクチン接種、針刺切創・体液曝露、結核曝露等）について理解している。","JkxnuVg","E-02-04-05-02"
"専門知識に基づいた問題解決能力","全身に及ぶ生理的変化、病態、診断、治療","感染症","標準予防策（スタンダード・プリコーション）、感染経路別予防策（飛沫感染予防策、接触感染予防策や空気感染予防策等）が必要となる病原微生物、患者から医療従事者への病原微生物曝露を防ぐための個人防護具、予防接種等、医療従事者の体液曝露後の感染予防策について理解している。","JkxnuVo","E-02-04-05-01,E-02-04-05-02,E-02-04-05-03"
"専門知識に基づいた問題解決能力","全身に及ぶ生理的変化、病態、診断、治療","腫瘍","腫瘍の定義とその特性について、ゲノム異常や分子機構とともに理解している。","JkxnuXM","E-03-01-na-01"
"専門知識に基づいた問題解決能力","全身に及ぶ生理的変化、病態、診断、治療","腫瘍","我が国及び世界における各腫瘍の頻度等について理解している。","JkxnuXQ",""
"専門知識に基づいた問題解決能力","全身に及ぶ生理的変化、病態、診断、治療","腫瘍","腫瘍性疾患発症の遺伝的素因・基礎疾患・感染症・環境生活習慣等のリスク因子や、腫瘍の予防・健診について理解している。","JkxnuXU",""
"専門知識に基づいた問題解決能力","全身に及ぶ生理的変化、病態、診断、治療","腫瘍","腫瘍マーカー、バイオマーカー、がん遺伝子パネル検査等、腫瘍に特化した検査とその所見について理解している。","JkxnuXY","E-03-02-na-01"
"専門知識に基づいた問題解決能力","全身に及ぶ生理的変化、病態、診断、治療","腫瘍","腫瘍の内視鏡検査・画像検査（単純X線、CT、MRI、PET・核医学、超音波等）の異常所見がわかり診断できる。","JkxnuXc","E-03-02-na-02"
"専門知識に基づいた問題解決能力","全身に及ぶ生理的変化、病態、診断、治療","腫瘍","腫瘍の生検・細胞診や病理検査とその所見について理解している。","JkxnuXg","E-03-02-na-03"
"専門知識に基づいた問題解決能力","全身に及ぶ生理的変化、病態、診断、治療","腫瘍","腫瘍のTNM分類、ステージについて理解している。","JkxnuXk","E-03-01-na-03"
"専門知識に基づいた問題解決能力","全身に及ぶ生理的変化、病態、診断、治療","腫瘍","がん患者の症候について理解している。","JkxnuXo",""
"専門知識に基づいた問題解決能力","全身に及ぶ生理的変化、病態、診断、治療","腫瘍","主な造血器腫瘍の症候、診断、治療について理解している。","JkxnuXs","E-03-05-na-01"
"専門知識に基づいた問題解決能力","全身に及ぶ生理的変化、病態、診断、治療","腫瘍","主な脳腫瘍の症候、診断、治療について理解している。","JkxnuXw","E-03-05-na-02"
"専門知識に基づいた問題解決能力","全身に及ぶ生理的変化、病態、診断、治療","腫瘍","主な皮膚腫瘍の症候、診断、治療について理解している。","JkxnuX0","E-03-05-na-03"
"専門知識に基づいた問題解決能力","全身に及ぶ生理的変化、病態、診断、治療","腫瘍","主な骨軟部腫瘍の症候、診断、治療について理解している。","JkxnuX4","E-03-05-na-04"
"専門知識に基づいた問題解決能力","全身に及ぶ生理的変化、病態、診断、治療","腫瘍","主な胸部悪性腫瘍（呼吸器系）の症候、診断、治療について理解している。","JkxnuYA","E-03-05-na-06"
"専門知識に基づいた問題解決能力","全身に及ぶ生理的変化、病態、診断、治療","腫瘍","主な消化器腫瘍の症候、診断、治療について理解している。","JkxnuYE","E-03-05-na-07"
"専門知識に基づいた問題解決能力","全身に及ぶ生理的変化、病態、診断、治療","腫瘍","主な泌尿器系腫瘍の症候、診断、治療について理解している。","JkxnuYI","E-03-05-na-08"
"専門知識に基づいた問題解決能力","全身に及ぶ生理的変化、病態、診断、治療","腫瘍","主な生殖器系腫瘍の症候、診断、治療について理解している。","JkxnuYM","E-03-05-na-09"
"専門知識に基づいた問題解決能力","全身に及ぶ生理的変化、病態、診断、治療","腫瘍","主な乳腺腫瘍の症候、診断、治療について理解している。","JkxnuYQ","E-03-05-na-10"
"専門知識に基づいた問題解決能力","全身に及ぶ生理的変化、病態、診断、治療","腫瘍","主な内分泌系腫瘍の症候、診断、治療について理解している。","JkxnuYU","E-03-05-na-11"
"専門知識に基づいた問題解決能力","全身に及ぶ生理的変化、病態、診断、治療","腫瘍","主な頭頚部癌の症候、診断、治療について理解している。","JkxnuYc","E-03-05-na-13"
"専門知識に基づいた問題解決能力","全身に及ぶ生理的変化、病態、診断、治療","腫瘍","主な小児腫瘍の種類、症候、診断、治療について理解している。","JkxnuYg","E-03-05-na-14,E-03-05-na-12"
"専門知識に基づいた問題解決能力","全身に及ぶ生理的変化、病態、診断、治療","腫瘍","原発不明癌、転移性腫瘍、重複癌、AYA世代の腫瘍、希少がんの種類、症候、診断、治療について理解している。","JkxnuYk","E-03-05-na-05"
"専門知識に基づいた問題解決能力","全身に及ぶ生理的変化、病態、診断、治療","腫瘍","家族性大腸腺腫症、遺伝性乳がん卵巣がん症候群、遺伝性非ポリポーシス性大腸癌（リンチ症候群）等の遺伝性腫瘍について理解している。","JkxnuYo","E-03-04-na-02"
"専門知識に基づいた問題解決能力","全身に及ぶ生理的変化、病態、診断、治療","腫瘍","オンコロジーエマージェンシー（脊髄圧迫、腫瘍崩壊、上大静脈症候群、代謝障害、治療の有害事象等）の起こりやすいがん、病態生理、症候と対応について理解している。","JkxnuYw",""
"専門知識に基づいた問題解決能力","全身に及ぶ生理的変化、病態、診断、治療","腫瘍","主な腫瘍の手術療法について理解している。","JkxnuY4","E-03-03-na-03"
"専門知識に基づいた問題解決能力","全身に及ぶ生理的変化、病態、診断、治療","腫瘍","主な腫瘍の放射線療法・インターベンショナルラジオロジー（IVR）の適応について理解している。","Jkxnud4","E-03-03-na-03"
"専門知識に基づいた問題解決能力","全身に及ぶ生理的変化、病態、診断、治療","腫瘍","主な腫瘍の薬物療法（細胞障害性抗癌薬、分子標的治療薬）、造血幹細胞移植、がん免疫に関する治療法について理解している。","JkxnuY8","E-03-03-na-04"
"専門知識に基づいた問題解決能力","全身に及ぶ生理的変化、病態、診断、治療","腫瘍","がん患者に対する支持療法および緩和ケアを理解している","JkxnuZA","E-03-03-na-06,E-03-03-na-07"
"専門知識に基づいた問題解決能力","全身に及ぶ生理的変化、病態、診断、治療","腫瘍","腫瘍性疾患患者が直面する社会的・精神的な課題について理解している。","JkxnuZE","E-03-04-na-03"
"専門知識に基づいた問題解決能力","全身に及ぶ生理的変化、病態、診断、治療","免疫・アレルギー","免疫血清学検査の原理と検査結果の臨床的意義について理解している。","JkxnuZI","E-04-01-na-01"
"専門知識に基づいた問題解決能力","全身に及ぶ生理的変化、病態、診断、治療","免疫・アレルギー","膠原病、血管炎、リウマチ性疾患、アレルギー性疾患、自己免疫疾患の概念を区別して理解し、それぞれに含まれる疾患を列挙できる","JkxnuZ0","E-04-03-01-01,E-04-03-01-02,E-04-03-01-03"
"専門知識に基づいた問題解決能力","全身に及ぶ生理的変化、病態、診断、治療","免疫・アレルギー","膠原病、血管炎、リウマチ性疾患、アレルギー性疾患、自己免疫疾患に使用する治療薬について理解している。","JkxnuZ0","E-04-03-01-01,E-04-03-01-02,E-04-03-01-03"
"専門知識に基づいた問題解決能力","全身に及ぶ生理的変化、病態、診断、治療","免疫・アレルギー","関節リウマチの病態生理、症候（節外症状含む）、診断、治療とリハビリテーションについて理解している。","JkxnuZ4","E-04-03-02-01,E-04-03-02-02"
"専門知識に基づいた問題解決能力","全身に及ぶ生理的変化、病態、診断、治療","免疫・アレルギー","他のリウマチ性疾患の病態生理、症候、診断、治療とリハビリテーションについて理解している","JkxnuZ8",""
"専門知識に基づいた問題解決能力","全身に及ぶ生理的変化、病態、診断、治療","免疫・アレルギー","成人スチル病、若年性特発性関節炎（JIA）の病態、診断、治療について理解している。","JkxnuaA","E-04-03-02-03,E-04-03-02-04"
"専門知識に基づいた問題解決能力","全身に及ぶ生理的変化、病態、診断、治療","免疫・アレルギー","全身性エリテマトーデス（SLE）の病態生理、症候、診断と治療、合併症（中枢神経ループス・ループス腎炎・抗リン脂質抗体症候群）の病態生理、症候、診断と治療について理解している。","JkxnuaE","E-04-03-03-01,E-04-03-03-02,E-04-03-03-03"
"専門知識に基づいた問題解決能力","全身に及ぶ生理的変化、病態、診断、治療","免疫・アレルギー","全身性強皮症の病態生理、分類、症候、診断及び臓器病変（特に肺・腎）について理解している。","JkxnuaI","E-04-03-04-01"
"専門知識に基づいた問題解決能力","全身に及ぶ生理的変化、病態、診断、治療","免疫・アレルギー","皮膚筋炎・多発性筋炎の症候、診断、治療及び合併症（間質性肺炎・悪性腫瘍）について理解している。","JkxnuaM","E-04-03-04-02"
"専門知識に基づいた問題解決能力","全身に及ぶ生理的変化、病態、診断、治療","免疫・アレルギー","混合性結合組織病の症候、診断、治療及び合併症について理解している。","JkxnuaQ","E-04-03-04-03"
"専門知識に基づいた問題解決能力","全身に及ぶ生理的変化、病態、診断、治療","免疫・アレルギー","シェーグレン症候群の症候、診断、治療及び合併症について理解している。","JkxnuaU","E-04-03-04-04"
"専門知識に基づいた問題解決能力","全身に及ぶ生理的変化、病態、診断、治療","免疫・アレルギー","血管炎症候群に含まれる疾患を分類し、その病態生理、症候、診断と治療について理解している。","JkxnuaY","E-04-03-05-01"
"専門知識に基づいた問題解決能力","全身に及ぶ生理的変化、病態、診断、治療","免疫・アレルギー","ベーチェット病の症候、診断と治療について理解している。","Jkxnuac","E-04-03-05-02"
"専門知識に基づいた問題解決能力","全身に及ぶ生理的変化、病態、診断、治療","免疫・アレルギー","主要な全身性アレルギー性疾患の分類、特徴、診断および治療について理解している。","Jkxnuag","E-04-03-06-01,E-04-03-06-02,E-04-03-06-03"
"専門知識に基づいた問題解決能力","全身に及ぶ生理的変化、病態、診断、治療","免疫・アレルギー","原発性免疫不全症の病態、診断と治療について理解している。","Jkxnuak","E-04-03-07-01"
"専門知識に基づいた問題解決能力","全身に及ぶ生理的変化、病態、診断、治療","免疫・アレルギー","二次性免疫不全症（悪性腫瘍・医原性・自己免疫疾患による）の病態、診断と治療について理解している。","Jkxnuao",""
"専門知識に基づいた問題解決能力","全身に及ぶ生理的変化、病態、診断、治療","免疫・アレルギー","自己炎症性疾患の病態、診断、治療について理解している。","Jkxnuas",""
"専門知識に基づいた問題解決能力","全身に及ぶ生理的変化、病態、診断、治療","救急系（中毒・環境因子による疾患を含む）","地域の救急医療体制について病院前救護体制、メディカルコントロール、初期・二次・三次救急医療の概念を用いて理解している。","Jkxnuaw","G-04-01-07-05"
"専門知識に基づいた問題解決能力","全身に及ぶ生理的変化、病態、診断、治療","救急系（中毒・環境因子による疾患を含む）","ショックの原因分類としての①血流分布異常性ショック（アナフィラキシー、敗血症性、神経原性）、②循環血液量減少性ショック（出血性、体液喪失）、③心原性ショック（心筋収縮力低下、弁疾患、不整脈）、④閉塞性ショック（心タンポナーデ、肺塞栓症、緊張性気胸）とそれぞれの病態および診断の要点について理解している。","JkxnubY","C-04-04-na-03, F-01-05-na-01,F-01-05-na-02, G-02-05-na-01,G-02-05-na-02,G-02-05-na-03,G-02-05-na-04,G-02-05-na-05,G-02-05-na-06,G-02-05-na-07,G-02-05-na-08,G-02-05-na-09,G-02-05-na-10,G-02-05-na-11"
"専門知識に基づいた問題解決能力","全身に及ぶ生理的変化、病態、診断、治療","救急系（中毒・環境因子による疾患を含む）","ショックの患者の初期対応および原因に応じた治療について理解している。","Jkxnubc","F-01-05-na-02"
"専門知識に基づいた問題解決能力","全身に及ぶ生理的変化、病態、診断、治療","救急系（中毒・環境因子による疾患を含む）","心停止の原因分類としての①心血管原性（急性心筋梗塞、急性大動脈解離、大動脈瘤破裂、肺塞栓）、②呼吸原性（気道閉塞、緊張性気胸、肺実質病変による低酸素血症）、③ 神経原性（重症頭部・脊髄外傷、急性くも膜下出血）、④中毒・環境要因（中毒、熱中症、低体温症）、⑤電解質・酸塩基平衡異常（低・高カリウム血症、アシドーシス、低血糖）と病態および診断の要点について理解している。","Jkxnubg","F-01-06-na-01, F-01-06-na-02, G-02-06-na-01,G-02-06-na-02,G-02-06-na-03,G-02-06-na-04,G-02-06-na-05,G-02-06-na-06,G-02-06-na-07,G-02-06-na-08,G-02-06-na-09,G-02-06-na-10,G-02-06-na-11"
"専門知識に基づいた問題解決能力","全身に及ぶ生理的変化、病態、診断、治療","救急系（中毒・環境因子による疾患を含む）","心停止患者の初期対応（一次・二次救命処置）および原因に応じた治療について理解している。","Jkxnubk","F-01-06-na-03"
"専門知識に基づいた問題解決能力","全身に及ぶ生理的変化、病態、診断、治療","救急系（中毒・環境因子による疾患を含む）","中毒患者が呈するトキシドロームに基づき病歴および身体所見から中毒の起因物質を推定できる。","Jkxnubo","E-05-01-na-01"
"専門知識に基づいた問題解決能力","全身に及ぶ生理的変化、病態、診断、治療","救急系（中毒・環境因子による疾患を含む）","中毒患者への治療としての吸収の阻害、排泄の促進、拮抗薬の適応および禁忌について概説できる。","Jkxnubs","E-05-03-01-03"
"専門知識に基づいた問題解決能力","全身に及ぶ生理的変化、病態、診断、治療","救急系（中毒・環境因子による疾患を含む）","食中毒、ガス中毒（一酸化炭素中毒、硫化水素、青酸ガス）農薬（有機リン・有機塩素）、アルコール、薬物（睡眠薬・向精神薬・解熱鎮痛薬・麻薬・覚醒剤）による中毒の病因（発生機序）、症候、診断と治療について理解している。","Jkxnubw","E-05-03-01-01, E-05-03-01-02, E-05-03-01-02, E-05-03-01-05, E-05-03-01-06"
"専門知識に基づいた問題解決能力","全身に及ぶ生理的変化、病態、診断、治療","救急系（中毒・環境因子による疾患を含む）","水銀、鉛、青酸、ヒ素、パラコート、自然毒、腐食剤による中毒（酸、アルカリ、フッ化水素）、ボタン電池誤飲 による中毒について理解している。","Jkxnub0","E-05-03-01-04"
"専門知識に基づいた問題解決能力","全身に及ぶ生理的変化、病態、診断、治療","救急系（中毒・環境因子による疾患を含む）","高温による障害（熱中症）、低温による障害（低体温症）の症候、主な検査・診断、治療法について理解している。","Jkxnub4","E-05-03-02-01,E-05-03-02-02"
"専門知識に基づいた問題解決能力","全身に及ぶ生理的変化、病態、診断、治療","救急系（中毒・環境因子による疾患を含む）","気圧、振動、騒音による障害の症候、主な検査・診断、治療法について理解している。","Jkxnub8","E-05-03-02-03, E-05-03-02-04"
"専門知識に基づいた問題解決能力","全身に及ぶ生理的変化、病態、診断、治療","救急系（中毒・環境因子による疾患を含む）","外傷の病態と診断の要点について理解している。","Jkxir3g","F-01-37-na-02,F-01-37-na-03"
"専門知識に基づいた問題解決能力","全身に及ぶ生理的変化、病態、診断、治療","救急系（中毒・環境因子による疾患を含む）","熱傷の重症度を評価し（気道熱傷の有無、熱傷面積および深達度）、治療方針について理解している。","JkxnucA","E-05-03-03-01,E-05-03-03-02, F-01-37-na-01,F-01-37-na-02,F-01-37-na-03"
"専門知識に基づいた問題解決能力","全身に及ぶ生理的変化、病態、診断、治療","放射線の生体影響と放射線障害放射線の生体影響と適切な利用と放射線障害","放射線の種類と放射能、これらの性質・定量法・単位について理解している。","JkxnucE","E-06-01-na-01"
"専門知識に基づいた問題解決能力","全身に及ぶ生理的変化、病態、診断、治療","放射線の生体影響と放射線障害放射線の生体影響と適切な利用と放射線障害","内部被ばくと外部被ばくについて、線量評価やその病態、症候、診断と治療について理解している。","JkxnucI","E-06-01-na-02"
"専門知識に基づいた問題解決能力","全身に及ぶ生理的変化、病態、診断、治療","放射線の生体影響と放射線障害放射線の生体影響と適切な利用と放射線障害","放射線及び電磁波の人体（胎児を含む）への影響（急性影響と晩発影響）と適切な利用法について理解している。","JkxnucM","E-06-01-na-03"
"専門知識に基づいた問題解決能力","全身に及ぶ生理的変化、病態、診断、治療","放射線の生体影響と放射線障害放射線の生体影響と適切な利用と放射線障害","種々の正常組織の放射線の透過性や放射線感受性の違いについて理解している。","JkxnucQ","E-06-01-na-04"
"専門知識に基づいた問題解決能力","全身に及ぶ生理的変化、病態、診断、治療","放射線の生体影響と放射線障害放射線の生体影響と適切な利用と放射線障害","磁気共鳴画像法（MRI）で用いられている磁場や電磁波の特徴を理解し、人体や植え込みデバイスの発熱等の現象について理解している。","JkxnucU","E-06-01-na-05"
"専門知識に基づいた問題解決能力","全身に及ぶ生理的変化、病態、診断、治療","放射線の生体影響と放射線障害放射線の生体影響と適切な利用と放射線障害","医療被ばく・職業被ばくも含めた放射線被ばく低減の３原則と安全管理を理解し、放射線を用いる画像検査（X線写真、CT、血管造影インターベンショナルラジオロジー、Ｘ線透視等）の被ばく軽減を実行できる。","Jkxnucc","E-06-01-na-07"
"専門知識に基づいた問題解決能力","全身に及ぶ生理的変化、病態、診断、治療","放射線の生体影響と放射線障害放射線の生体影響と適切な利用と放射線障害","放射線診断（X線撮影、コンピュータ断層撮影（CT）、核医学）や血管造影及びインターベンショナルラジオロジーの利益とコスト･リスク（被ばく線量、急性・晩発影響等）を知り、適応の有無を判断できる。","Jkxnuck","E-06-02-na-02"
"専門知識に基づいた問題解決能力","全身に及ぶ生理的変化、病態、診断、治療","放射線の生体影響と放射線障害放射線の生体影響と適切な利用と放射線障害","放射線治療の生物学的原理と、放射線の遺伝子・細胞への作用と放射線による細胞死の機序、局所的・全身的影響について理解している。","Jkxnuco","E-06-02-na-03"
"情報・科学技術を活かす能力","情報・科学技術に向き合うための倫理観とルール","情報・科学技術に向き合うための準備","情報・科学技術を医療に活用することの重要性と社会的意義を理解している。","Jkxiflk",""
"情報・科学技術を活かす能力","情報・科学技術に向き合うための倫理観とルール","情報・科学技術に向き合うための準備","医療における情報・科学技術に関連する規制（法律、ガイドライン等）を理解している。","Jkxiflo",""
"情報・科学技術を活かす能力","情報・科学技術に向き合うための倫理観とルール","情報・科学技術に向き合うための準備","デジタルデバイド※による医療格差等、情報・科学技術の医療への活用で起こりうる倫理的問題を議論できる。","Jkxifls",""
"情報・科学技術を活かす能力","情報・科学技術に向き合うための倫理観とルール","情報・科学技術利用にあたっての倫理観とルール","電子カルテをはじめとする医療情報の管理・保管の原則について理解し、関連する規制（法律、倫理基準、個人情報保護のための規定等）を遵守できる。","Jkxiflw","B-02-02-na-01"
"情報・科学技術を活かす能力","情報・科学技術に向き合うための倫理観とルール","情報・科学技術利用にあたっての倫理観とルール","ソーシャルメディア（インターネット、SNS等）の利用における医療者として相応しい情報発信のあり方を理解し、実践できる。","Jkxifl0",""
"情報・科学技術を活かす能力","医療とそれを取り巻く社会に必要な情報・科学技術の原理","情報・科学技術を活用した医療","情報端末（コンピューター、スマートフォン等）を用いてインターネットやアプリ等を医療の実践に活用できる。","Jkxifl4",""
"情報・科学技術を活かす能力","医療とそれを取り巻く社会に必要な情報・科学技術の原理","情報・科学技術を活用した医療","情報・科学技術を用いて収集した情報およびデータを基に問題解決を図る。","Jkxifl8",""
"情報・科学技術を活かす能力","医療とそれを取り巻く社会に必要な情報・科学技術の原理","情報・科学技術の先端知識","医療に関連する情報・科学技術（医療情報システム、ウェアラブルデバイス、アプリ、人工知能、遠隔医療技術、IoT※等）を理解し、それらの応用可能性について議論できる。","JkxifmA",""
"情報・科学技術を活かす能力","医療とそれを取り巻く社会に必要な情報・科学技術の原理","情報・科学技術の先端知識","情報・科学技術の専門家とともに、技術を医療へ応用する際に、医療者に求められる役割を理解している。","Jkzptx8
",""
"情報・科学技術を活かす能力","診療現場における情報・科学技術の活用","情報・科学技術を活用したコミュニケーションスキル","電子カルテの特性を踏まえた適切な記載や活用ができる。","JkxifmI","B-02-02-na-04"
"情報・科学技術を活かす能力","診療現場における情報・科学技術の活用","情報・科学技術を活用したコミュニケーションスキル","遠隔コミュニケーションのあり方を理解し、その目的に応じて適切なツール（電子メール、テレビ会議システム、SNS等）を選択し利用できる","JkxifmM",""
"情報・科学技術を活かす能力","診療現場における情報・科学技術の活用","情報・科学技術を活用した学習スキル","自己学習や協同学習の場に適切なICT（eラーニング、モバイル技術等）を活用できる。","JkxifmQ",""
"情報・科学技術を活かす能力","診療現場における情報・科学技術の活用","情報・科学技術を活用した学習スキル","新たに登場する情報・科学技術を自身の学びおよび医療に活用する柔軟性を有する。","JkzptyA",""
"患者ケアのための診療技能","患者の情報収集","医療面接","医療面接における基本的コミュニケーション技法を用いることができる。","Jkxirsc","F-03-02-na-02"
"患者ケアのための診療技能","患者の情報収集","医療面接","病歴（主訴、現病歴、常用薬、アレルギー歴、既往歴、家族歴、嗜好、生活習慣、社会歴・職業歴、生活環境、家庭環境、海外渡航歴、システムレビュー）を聴き取り、情報を取捨選択し整理できる。","Jkxirsg","F-03-02-na-03"
"患者ケアのための診療技能","患者の情報収集","医療面接","患者に関わる人たちから必要な情報を得ることが参加できる。","Jkxirso","F-03-05-08-04,G-04-01-03-04"
"患者ケアのための診療技能","患者の情報収集","身体所見","患者の状態に応じた診察ができる。","Jkxirss","F-03-05-01-06"
"患者ケアのための診療技能","患者の情報収集","身体所見","全身の外観（体型、栄養、姿勢、歩行、顔貌、皮膚、発声）を評価できる。","Jkxirs8","F-03-05-02-07"
"患者ケアのための診療技能","患者の情報収集","身体所見","バイタルサイン（体温、脈拍、血圧、呼吸数、酸素飽和度）の測定ができる。","Jkxirs0","F-02-09-02-02,F-03-05-02-05,F-03-05-02-04,F-03-05-02-02,F-03-05-02-06,F-03-06-02-05"
"患者ケアのための診療技能","患者の情報収集","身体所見","適切な体位（立位、座位、半座位、臥位、砕石位）で診察できる。","Jkxirs4","F-03-02-na-04"
"患者ケアのための診療技能","患者の情報収集","身体所見","部位毎の身体診察[@tbl:身体診察]ができる。","","F-03-02-na-04"
"患者ケアのための診療技能","患者の情報収集","身体所見","主要診療科[@tbl:主要診療科]において必要な診察ができる。","Jkxiru4","G-04-02-01-04,G-04-02-02-04,G-04-02-03-04,G-04-02-04-04,G-04-02-05-04,G-04-02-06-04,G-04-02-07-04,G-04-02-08-04,G-04-02-09-04,G-04-02-10-04,G-04-02-11-04,G-04-02-13-03,G-04-02-14-04,G-04-02-15-04,G-04-01-01-05,G-04-01-03-06,F-03-05-08-06,G-04-01-04-06"
"患者ケアのための診療技能","患者情報の統合、分析と評価、診療計画","カルテ記載","適切に患者の情報を収集し、問題志向型医療記録<POMR>を作成できる。","Jkxiru8","F-03-03-na-01,G-03-01-na-16"
"患者ケアのための診療技能","患者情報の統合、分析と評価、診療計画","カルテ記載","診療経過をSOAP（主観的所見・客観的所見・評価・計画）で記載できる。","JkxirvA","F-03-03-na-02"
"患者ケアのための診療技能","患者情報の統合、分析と評価、診療計画","カルテ記載","過去の診療経過をまとめて診療録に記載できる","JkxirvE",""
"患者ケアのための診療技能","患者情報の統合、分析と評価、診療計画","臨床推論","主要症候[@tbl:主要症候]について原因と病態生理を理解している。","JkxirvI","F-01-01-na-01,F-01-02-na-01,F-01-03-na-01,F-01-04-na-01,F-01-05-na-01,F-01-06-na-01,F-01-07-na-01,F-01-08-na-01,F-01-09-na-01,F-01-10-na-01,F-01-11-na-01,F-01-12-na-01,F-01-13-na-01,F-01-14-na-01,F-01-15-na-01,F-01-16-na-01,F-01-17-na-01,F-01-18-na-01,F-01-19-na-01,F-01-20-na-01,F-01-21-na-01,F-01-22-na-01,F-01-23-na-01,F-01-24-na-01,F-01-25-na-01,F-01-26-na-01,F-01-27-na-01,F-01-28-na-01,F-01-29-na-01,F-01-30-na-01,F-01-31-na-01,F-01-32-na-01,F-01-33-na-01,F-01-34-na-01,F-01-35-na-01,F-01-36-na-01,F-01-37-na-01,F-03-01-na-04,G-04-01-03-01"
"患者ケアのための診療技能","患者情報の統合、分析と評価、診療計画","臨床推論","主要症候[@tbl:主要症候]について鑑別診断を検討し、診断の要点を説明できる。","JkxirvM","F-01-01-na-02,F-01-02-na-02,F-01-03-na-02,F-01-04-na-02,F-01-05-na-02,F-01-06-na-02,F-01-07-na-02,F-01-08-na-02,F-01-09-na-02,F-01-10-na-02,F-01-11-na-02,F-01-12-na-02,F-01-13-na-02,F-01-14-na-02,F-01-15-na-02,F-01-16-na-02,F-01-17-na-02,F-01-18-na-02,F-01-19-na-02,F-01-20-na-02,F-01-21-na-02,F-01-22-na-02,F-01-23-na-02,F-01-24-na-02,F-01-25-na-02,F-01-26-na-02,F-01-27-na-02,F-01-28-na-02,F-01-29-na-02,F-01-30-na-02,F-01-31-na-02,F-01-32-na-02,F-01-33-na-02,F-01-34-na-02,F-01-35-na-02,F-01-36-na-02,F-01-37-na-02,G-02-01-na-01,G-02-01-na-02,G-02-01-na-03,G-02-01-na-04,G-02-01-na-05,G-02-01-na-06,G-02-01-na-07,G-02-01-na-08,G-02-02-na-01,G-02-02-na-02,G-02-02-na-03,G-02-02-na-04,G-02-02-na-05,G-02-02-na-06,G-02-02-na-07,G-02-02-na-08,G-02-02-na-09,G-02-02-na-10,G-02-03-na-01,G-02-03-na-02,G-02-03-na-03,G-02-03-na-04,G-02-03-na-05,G-02-04-na-01,G-02-04-na-02,G-02-04-na-03,G-02-04-na-04,G-02-04-na-05,G-02-04-na-06,G-02-04-na-07,G-02-04-na-08,G-02-04-na-09,G-02-04-na-10,G-02-04-na-11,G-02-05-na-01,G-02-05-na-02,G-02-05-na-03,G-02-05-na-04,G-02-05-na-05,G-02-05-na-06,G-02-05-na-07,G-02-05-na-08,G-02-05-na-09,G-02-05-na-10,G-02-05-na-11,G-02-06-na-01,G-02-06-na-02,G-02-06-na-03,G-02-06-na-04,G-02-06-na-05,G-02-06-na-06,G-02-06-na-07,G-02-06-na-08,G-02-06-na-09,G-02-06-na-10,G-02-06-na-11,G-02-07-na-01,G-02-07-na-02,G-02-07-na-03,G-02-07-na-04,G-02-07-na-05,G-02-07-na-06,G-02-07-na-07,G-02-07-na-08,G-02-07-na-09,G-02-08-na-01,G-02-08-na-02,G-02-08-na-03,G-02-08-na-04,G-02-08-na-05,G-02-08-na-06,G-02-09-na-01,G-02-09-na-02,G-02-09-na-03,G-02-09-na-04,G-02-09-na-05,G-02-09-na-06,G-02-09-na-07,G-02-10-na-01,G-02-10-na-02,G-02-10-na-03,G-02-10-na-04,G-02-10-na-05,G-02-10-na-06,G-02-11-na-01,G-02-11-na-02,G-02-11-na-03,G-02-11-na-04,G-02-11-na-05,G-02-11-na-06,G-02-12-na-01,G-02-12-na-02,G-02-12-na-03,G-02-12-na-04,G-02-12-na-05,G-02-12-na-06,G-02-12-na-07,G-02-13-na-01,G-02-13-na-02,G-02-13-na-03,G-02-13-na-04,G-02-13-na-05,G-02-13-na-06,G-02-13-na-07,G-02-14-na-01,G-02-14-na-02,G-02-14-na-03,G-02-14-na-04,G-02-14-na-05,G-02-14-na-06,G-02-15-na-01,G-02-15-na-02,G-02-15-na-03,G-02-15-na-04,G-02-15-na-05,G-02-15-na-06,G-02-15-na-07,G-02-15-na-08,G-02-16-na-01,G-02-16-na-02,G-02-16-na-03,G-02-16-na-04,G-02-16-na-05,G-02-17-na-01,G-02-17-na-02,G-02-17-na-03,G-02-18-na-01,G-02-18-na-02,G-02-18-na-03,G-02-18-na-04,G-02-18-na-05,G-02-18-na-06,G-02-18-na-07,G-02-18-na-08,G-02-18-na-09,G-02-19-na-01,G-02-19-na-02,G-02-19-na-03,G-02-19-na-04,G-02-19-na-05,G-02-19-na-06,G-02-19-na-07,G-02-20-na-01,G-02-20-na-02,G-02-20-na-03,G-02-20-na-04,G-02-20-na-05,G-02-20-na-06,G-02-20-na-07,G-02-20-na-08,G-02-20-na-09,G-02-20-na-10,G-02-20-na-11,G-02-20-na-12,G-02-20-na-13,G-02-21-na-01,G-02-21-na-02,G-02-21-na-03,G-02-21-na-04,G-02-21-na-05,G-02-21-na-06,G-02-21-na-07,G-02-21-na-08,G-02-21-na-09,G-02-22-na-01,G-02-22-na-02,G-02-22-na-03,G-02-22-na-04,G-02-22-na-05,G-02-22-na-06,G-02-22-na-07,G-02-22-na-08,G-02-23-na-01,G-02-23-na-02,G-02-23-na-03,G-02-23-na-04,G-02-23-na-05,G-02-23-na-06,G-02-23-na-07,G-02-23-na-08,G-02-23-na-09,G-02-24-na-01,G-02-24-na-02,G-02-24-na-03,G-02-24-na-04,G-02-24-na-05,G-02-24-na-06,G-02-25-na-01,G-02-25-na-02,G-02-25-na-03,G-02-25-na-04,G-02-25-na-05,G-02-25-na-06,G-02-25-na-07,G-02-26-na-01,G-02-26-na-02,G-02-26-na-03,G-02-26-na-04,G-02-26-na-05,G-02-26-na-06,G-02-26-na-07,G-02-26-na-08,G-02-27-na-01,G-02-27-na-02,G-02-27-na-03,G-02-27-na-04,G-02-27-na-05,G-02-27-na-06,G-02-28-na-01,G-02-28-na-02,G-02-28-na-03,G-02-28-na-04,G-02-28-na-05,G-02-28-na-06,G-02-28-na-07,G-02-29-na-01,G-02-29-na-02,G-02-29-na-03,G-02-29-na-04,G-02-29-na-05,G-02-29-na-06,G-02-29-na-07,G-02-30-na-01,G-02-30-na-02,G-02-30-na-03,G-02-30-na-04,G-02-30-na-05,G-02-31-na-01,G-02-31-na-02,G-02-31-na-03,G-02-31-na-04,G-02-31-na-05,G-02-31-na-06,G-02-31-na-07,G-02-31-na-08,G-02-31-na-09,G-02-32-na-01,G-02-32-na-02,G-02-32-na-03,G-02-32-na-04,G-02-33-na-01,G-02-33-na-02,G-02-33-na-03,G-02-33-na-04,G-02-33-na-05,G-02-33-na-06,G-02-33-na-07,G-02-34-na-01,G-02-34-na-02,G-02-34-na-03,G-02-34-na-04,G-02-34-na-05,G-02-34-na-06,G-02-34-na-07,G-02-34-na-08,G-02-34-na-09,G-02-34-na-10,G-02-35-na-01,G-02-35-na-02,G-02-35-na-03,G-02-35-na-04,G-02-35-na-05,G-02-35-na-06,G-02-35-na-07,G-02-35-na-08,G-02-35-na-09,G-02-35-na-10,G-02-36-na-01,G-02-36-na-02,G-02-36-na-03,G-02-37-na-01,G-02-37-na-02,G-02-37-na-03,G-02-37-na-04,G-02-37-na-05,G-02-37-na-06,G-02-37-na-07,G-02-37-na-08,G-02-37-na-09,G-04-01-07-02"
"患者ケアのための診療技能","患者情報の統合、分析と評価、診療計画","臨床推論","主要診療科[@tbl:主要診療科]で主訴からの診断推論を組み立てられる。","Jkxirvg","F-03-05-08-01,G-04-01-01-01,G-04-01-03-01,G-04-01-04-03,G-04-01-05-01,G-04-02-01-01,G-04-02-02-01,G-04-02-03-01,G-04-02-04-01,G-04-02-05-01,G-04-02-06-01,G-04-02-07-01,G-04-02-08-01,G-04-02-09-01,G-04-02-10-01,G-04-02-11-01,G-04-02-12-01,G-04-02-14-01,G-04-02-15-01"
"患者ケアのための診療技能","患者情報の統合、分析と評価、診療計画","臨床推論","主要診療科[@tbl:主要診療科]における疾患の病態や疫学を理解している。","Jkxirvk","F-03-05-08-02,G-04-01-01-02,G-04-01-03-02,G-04-01-04-04,G-04-01-05-02,G-04-02-01-02,G-04-02-02-02,G-04-02-03-02,G-04-02-04-02,G-04-02-05-02,G-04-02-06-02,G-04-02-07-02,G-04-02-08-02,G-04-02-09-02,G-04-02-10-02,G-04-02-11-02,G-04-02-13-01,G-04-02-14-02,G-04-02-15-02"
"患者ケアのための診療技能","患者情報の統合、分析と評価、診療計画","検査(計画・分析評価)","主要な臨床・画像検査の目的と意義を理解し、診断仮説の検証に最低限必要な検査項目を選択して、結果を解釈できる","JkxirwI","F-02-03-na-01"
"患者ケアのための診療技能","患者情報の統合、分析と評価、診療計画","検査(計画・分析評価)","主要な臨床・画像検査の正しい検体採取方法と検体保存方法を理解している。","JkxirwM","F-02-03-na-02"
"患者ケアのための診療技能","患者情報の統合、分析と評価、診療計画","検査(計画・分析評価)","主要な臨床・画像検査の安全な実施方法（患者確認と検体確認、検査の合併症、感染症予防、精度管理）を理解している。","JkxirwQ","F-02-03-na-03"
"患者ケアのための診療技能","患者情報の統合、分析と評価、診療計画","検査(計画・分析評価)","主要な臨床・画像検査の特性（感度、特異度、偽陽性、偽陰性、検査前確率・検査後確率、尤度比、ROC曲線）と判定基準（基準値・基準範囲、カットオフ値、パニック値）を理解している。","JkxirxE","F-02-03-na-04,F-02-03-na-07,F-03-04-na-01"
"患者ケアのための診療技能","患者情報の統合、分析と評価、診療計画","検査(計画・分析評価)","主要な臨床・画像検査の生理的変動、測定誤差、精度管理、ヒューマンエラーについて理解している。","JkxirxI","F-02-03-na-05"
"患者ケアのための診療技能","患者情報の統合、分析と評価、診療計画","検査(計画・分析評価)","患者に応じた検査値特性を理解し、結果を解釈できる。","JkxirxM","F-02-03-na-06"
"患者ケアのための診療技能","患者の情報収集","身体所見","主要な臨床・画像検査[@tbl:主要な臨床・画像検査]の目的と適応を理解し、解釈できる。","","F-02-03-na-08,F-02-03-na-11,F-02-13-na-02,F-02-03-na-14,G-03-02-na-04,F-02-03-na-13,F-02-03-na-15,F-02-03-na-10,F-02-04-na-03,F-02-04-na-04,F-02-04-na-01,F-02-03-na-09,F-02-03-na-12,F-02-07-na-01,F-02-07-na-02,F-02-07-na-05,F-02-05-na-01,F-02-05-na-02,F-02-06-na-01,F-02-06-na-02"
"患者ケアのための診療技能","患者情報の統合、分析と評価、診療計画","治療(計画・経過の評価)","主要症候[@tbl:主要症候]について初期対応を計画し、専門的診療が必要かどうかを考えることができる。","Jkxirx0","F-01-01-na-03,F-01-02-na-03,F-01-03-na-03,F-01-04-na-03,F-01-05-na-03,F-01-06-na-03,F-01-07-na-03,F-01-08-na-03,F-01-09-na-03,F-01-10-na-03,F-01-11-na-03,F-01-12-na-03,F-01-13-na-03,F-01-14-na-03,F-01-15-na-03,F-01-16-na-03,F-01-17-na-03,F-01-18-na-03,F-01-19-na-03,F-01-20-na-03,F-01-21-na-03,F-01-22-na-03,F-01-23-na-03,F-01-24-na-03,F-01-25-na-03,F-01-26-na-03,F-01-27-na-03,F-01-28-na-03,F-01-29-na-03,F-01-30-na-03,F-01-31-na-03,F-01-32-na-03,F-01-33-na-03,F-01-34-na-03,F-01-35-na-03,F-01-36-na-03,F-01-37-na-03,F-03-01-na-04"
"患者ケアのための診療技能","患者情報の統合、分析と評価、診療計画","治療(計画・経過の評価)","服薬の基本・アドヒアランスについて理解している。","Jkxiry4","F-02-08-na-11"
"患者ケアのための診療技能","患者情報の統合、分析と評価、診療計画","治療(計画・経過の評価)","処方箋の下書きを作成することができる","",""
"患者ケアのための診療技能","患者情報の統合、分析と評価、診療計画","治療(計画・経過の評価)","薬の薬理作用、適応、有害事象、投与時の注意事項について理解している。","JkxiryY","F-02-08-na-04"
"患者ケアのための診療技能","患者情報の統合、分析と評価、診療計画","治療(計画・経過の評価)","年齢や臓器障害に応じた薬物動態の特徴を考慮した薬剤投与の注意点について理解している。","Jkxiryw","F-02-08-na-09"
"患者ケアのための診療技能","患者情報の統合、分析と評価、診療計画","治療(計画・経過の評価)","薬物動態的相互作用について理解している。","Jkxiry0","F-02-08-na-10"
"患者ケアのための診療技能","患者情報の統合、分析と評価、診療計画","治療(計画・経過の評価)","使用禁忌、特定条件下での薬物使用（アンチ・ドーピング等）について理解している。","JkxirzE","F-02-08-na-14"
"患者ケアのための診療技能","患者情報の統合、分析と評価、診療計画","治療(計画・経過の評価)","主な薬物アレルギーの症候、診察、診断、予防策と対処法について理解している。","JkxiryU","F-02-08-na-02"
"患者ケアのための診療技能","患者情報の統合、分析と評価、診療計画","治療(計画・経過の評価)","薬物の蓄積、耐性、タキフィラキシー※、依存について理解している。","JkxiryQ","F-02-08-na-01,"
"患者ケアのための診療技能","患者情報の統合、分析と評価、診療計画","治療(計画・経過の評価)","抗腫瘍薬の適応、有害事象、投与時の注意事項について理解している。","Jkxiryg","F-02-08-na-06"
"患者ケアのための診療技能","患者情報の統合、分析と評価、診療計画","治療(計画・経過の評価)","抗微生物薬の薬理作用、適応、有害事象、投与時の注意事項について理解している。","Jkxiryc","F-02-08-na-05"
"患者ケアのための診療技能","患者情報の統合、分析と評価、診療計画","治療(計画・経過の評価)","麻薬性鎮痛薬・鎮静薬の適応、有害事象、投与時の注意事項について理解している。","Jkxiryo","F-02-08-na-07,F-02-16-na-05"
"患者ケアのための診療技能","患者情報の統合、分析と評価、診療計画","治療(計画・経過の評価)","分子標的薬・バイオ医薬の薬理作用と有害事象について理解している。","Jkxiry8","F-02-08-na-12"
"患者ケアのための診療技能","患者情報の統合、分析と評価、診療計画","治療(計画・経過の評価)","漢方医学の特徴や、主な和漢薬（漢方薬）の適応、薬理作用について理解している。","JkxirzA","F-02-08-na-13"
"患者ケアのための診療技能","患者情報の統合、分析と評価、診療計画","治療(計画・経過の評価)","主な放射線治療法の適応を理解している。","Jkxirx8","F-02-05-na-03,F-02-05-na-04"
"患者ケアのための診療技能","患者情報の統合、分析と評価、診療計画","治療(計画・経過の評価)","インターベンショナルラジオロジー（IVR）※について理解している。","JkxiryE","F-02-05-na-05"
"患者ケアのための診療技能","患者情報の統合、分析と評価、診療計画","治療(計画・経過の評価)","内視鏡を用いる治療の概要を理解している。","JkxiryI","F-02-06-na-03"
"患者ケアのための診療技能","患者情報の統合、分析と評価、診療計画","治療(計画・経過の評価)","超音波を用いる治療の概要を理解している。","JkxiryM","F-02-07-na-04"
"患者ケアのための診療技能","患者情報の統合、分析と評価、診療計画","治療(計画・経過の評価)","被覆材の種類と適応、効果について理解している。","JkxirzU","F-02-09-01-05,F-02-09-01-04"
"患者ケアのための診療技能","患者情報の統合、分析と評価、診療計画","治療(計画・経過の評価)","外科的治療の適応と合併症について理解している。","JkxirzY","F-02-09-01-06"
"患者ケアのための診療技能","患者情報の統合、分析と評価、診療計画","治療(計画・経過の評価)","手術の危険因子とその対応の基本について理解している。","Jkxirzc","F-02-09-02-01"
"患者ケアのための診療技能","患者情報の統合、分析と評価、診療計画","治療(計画・経過の評価)","主な術後合併症とその予防の基本について理解している。","Jkxirzg","F-02-09-02-03"
"患者ケアのための診療技能","患者情報の統合、分析と評価、診療計画","治療(計画・経過の評価)","手術に関するインフォームド・コンセントの注意点について理解している。","Jkxirzk","F-02-09-02-04"
"患者ケアのための診療技能","患者情報の統合、分析と評価、診療計画","治療(計画・経過の評価)","周術期における事前のリスク評価について理解している。","Jkxirzo","F-02-09-02-05"
"患者ケアのための診療技能","患者情報の統合、分析と評価、診療計画","治療(計画・経過の評価)","周術期における主な薬剤の服薬管理（継続、中止等）の必要性とそれに伴うリスクについて理解している。","Jkxirzs","F-02-09-02-06"
"患者ケアのための診療技能","患者情報の統合、分析と評価、診療計画","治療(計画・経過の評価)","周術期における輸液・輸血について理解している。","Jkxirzw","F-02-09-02-07"
"患者ケアのための診療技能","患者情報の統合、分析と評価、診療計画","治療(計画・経過の評価)","周術期における疼痛の管理について理解している。","Jkxirz0","F-02-09-02-08"
"患者ケアのための診療技能","患者情報の統合、分析と評価、診療計画","治療(計画・経過の評価)","局所麻酔、末梢神経ブロック、神経叢ブロック、脊髄くも膜下麻酔、硬膜外麻酔の適応、禁忌と合併症について理解している。","Jkxir0Q","F-02-10-na-06,F-02-10-na-01"
"患者ケアのための診療技能","患者情報の統合、分析と評価、診療計画","治療(計画・経過の評価)","麻酔管理を安全に行うための術前評価について理解している。","Jkxir0E","F-02-10-na-02"
"患者ケアのための診療技能","患者情報の統合、分析と評価、診療計画","治療(計画・経過の評価)","安全な麻酔のためのモニタリングの方法、重要な異常所見と対処法について理解している。","Jkxir0U","F-02-10-na-07"
"患者ケアのための診療技能","患者情報の統合、分析と評価、診療計画","治療(計画・経過の評価)","麻酔薬と筋弛緩薬の種類と使用上の原則について理解している。","Jkxir0I","F-02-10-na-03"
"患者ケアのための診療技能","患者情報の統合、分析と評価、診療計画","治療(計画・経過の評価)","吸入麻酔と静脈麻酔の適応、禁忌、方法、事故と合併症について理解している。","Jkxir0M","F-02-10-na-04"
"患者ケアのための診療技能","患者情報の統合、分析と評価、診療計画","治療(計画・経過の評価)","栄養アセスメント、栄養ケア・マネジメント、栄養サポートチーム（NST）、疾患別の栄養療法について理解している。","Jkxir0g","F-02-11-na-02"
"患者ケアのための診療技能","患者情報の統合、分析と評価、診療計画","治療(計画・経過の評価)","経静脈栄養と経管・経腸栄養の適応、方法と合併症、長期投与時の注意事項について理解している。","Jkxir0o","F-02-11-na-04,F-02-11-na-03"
"患者ケアのための診療技能","患者情報の統合、分析と評価、診療計画","治療(計画・経過の評価)","主な医療機器の種類と原理について理解している。","Jkxir0w","F-02-12-na-01"
"患者ケアのための診療技能","患者情報の統合、分析と評価、診療計画","治療(計画・経過の評価)","主な人工臓器の種類と原理について理解している。","Jkxir00","F-02-12-na-02"
"患者ケアのための診療技能","患者情報の統合、分析と評価、診療計画","治療(計画・経過の評価)","血液製剤及び血漿分画製剤の種類と適応について理解している。","Jkxir04","F-02-13-na-01"
"患者ケアのための診療技能","患者情報の統合、分析と評価、診療計画","治療(計画・経過の評価)","輸血副反応、輸血使用記録保管義務、不適合輸血の防止手順について理解している。","Jkxir1A","F-02-13-na-03"
"患者ケアのための診療技能","患者情報の統合、分析と評価、診療計画","治療(計画・経過の評価)","輸血の適正使用、成分輸血、自己血輸血、緊急時の輸血について理解している。","Jkxir1E","F-02-13-na-04"
"患者ケアのための診療技能","患者情報の統合、分析と評価、診療計画","治療(計画・経過の評価)","移植医療（臓器移植、組織移植、造血幹細胞移植等）の我が国と世界の状況について理解している。","Jkxir1I","F-02-13-na-05"
"患者ケアのための診療技能","患者情報の統合、分析と評価、診療計画","治療(計画・経過の評価)","終末期医療における臓器・組織提供選択提示の意義について理解している。","Jkxir1M","F-02-13-na-06"
"患者ケアのための診療技能","患者情報の統合、分析と評価、診療計画","治療(計画・経過の評価)","移植における免疫応答（拒絶反応、移植片対宿主病）について理解している。","Jkxir1Q","F-02-13-na-07"
"患者ケアのための診療技能","患者情報の統合、分析と評価、診療計画","治療(計画・経過の評価)","移植後の免疫抑制について理解している。","Jkxir1U","F-02-13-na-08"
"患者ケアのための診療技能","患者情報の統合、分析と評価、診療計画","治療(計画・経過の評価)","リハビリテーションの概念と適応について理解している。","Jkxir1Y","F-02-14-na-01,F-02-14-na-03"
"患者ケアのための診療技能","患者情報の統合、分析と評価、診療計画","治療(計画・経過の評価)","機能障害と日常生活動作（ADL）の評価ができる。","Jkxir1g","F-02-14-na-05"
"患者ケアのための診療技能","患者情報の統合、分析と評価、診療計画","治療(計画・経過の評価)","理学療法、作業療法と言語聴覚療法について理解している。","Jkxir1k","F-02-14-na-06,F-02-14-na-02"
"患者ケアのための診療技能","患者情報の統合、分析と評価、診療計画","治療(計画・経過の評価)","主な歩行補助具、車椅子、義肢（義手、義足）と装具について理解している。","Jkxir1o","F-02-14-na-07"
"患者ケアのための診療技能","患者情報の統合、分析と評価、診療計画","治療(計画・経過の評価)","主要診療科[@tbl:主要診療科]の基本的な治療計画を立案できる。","Jkxir20","F-03-05-08-03,G-04-01-01-03,G-04-01-03-03,G-04-02-01-03,G-04-02-02-03,G-04-02-03-03,G-04-02-04-03,G-04-02-05-03,G-04-02-06-03,G-04-02-07-03,G-04-02-08-03,G-04-02-09-03,G-04-02-10-03,G-04-02-11-03,G-04-02-13-02,G-04-02-14-03,G-04-02-15-03"
"患者ケアのための診療技能","患者情報の統合、分析と評価、診療計画","教育計画","代表的な疾患における患者指導の計画を立案できる。","Jkxir28",""
"患者ケアのための診療技能","治療を含む対応の実施","検査手技","検査に関する基本的臨床手技[@tbl:基本的臨床手技]を実施できる","Jkxir3E","F-03-06-01-01,F-03-06-01-02,F-03-06-02-01,F-03-06-02-02,F-03-06-02-03,F-03-06-02-04,G-03-01-na-05,G-03-01-na-08,G-03-01-na-09,G-03-02-na-01,G-03-02-na-02,G-03-02-na-03,G-03-02-na-04,G-03-02-na-05,G-03-02-na-06,G-03-02-na-07,G-03-02-na-08,G-03-02-na-09,G-03-02-na-10,G-03-02-na-11,G-03-02-na-12,G-03-03-na-01"
"患者ケアのための診療技能","治療を含む対応の実施","治療手技","治療に関する基本的臨床手技[@tbl:基本的臨床手技]を実施できる。","Jkxir3I","G-03-01-na-01,G-03-01-na-06,F-03-06-03-01,F-03-06-03-02,F-03-06-03-03,G-03-01-na-02,G-03-01-na-03,G-03-01-na-04,G-03-01-na-07,G-03-01-na-10,G-03-01-na-11,G-03-01-na-12,G-03-01-na-13,G-03-01-na-14,G-03-01-na-15,G-03-03-na-02,G-03-03-na-03,G-03-03-na-04,G-03-03-na-05,G-03-03-na-06,G-04-01-02-04,G-04-01-02-05,G-04-01-04-01,G-04-01-05-03,G-04-01-05-04"
"患者ケアのための診療技能","治療を含む対応の実施","救急・初期対応","バイタルサインや身体徴候から緊急性の高い状態にある患者を認識できる。","Jkxir3Q","G-03-04-na-01,F-02-09-02-02,F-03-06-04-01"
"患者ケアのための診療技能","治療を含む対応の実施","救急・初期対応","一次救命処置を実施できる。","Jkxir3U","G-03-04-na-02,F-03-06-04-02,G-04-01-07-01"
"患者ケアのための診療技能","治療を含む対応の実施","救急・初期対応","頻度・緊急性の高い患者に対する初期対応（二次救命処置を含む）の実施を補助できる。","Jkxir3Y","G-03-04-na-03,G-04-01-07-01"
"患者ケアのための診療技能","治療を含む対応の実施","救急・初期対応","外傷の病態生理と診断について理解している。","Jkxir3g","F-01-37-na-02,F-01-37-na-03"
"患者ケアのための診療技能","治療を含む対応の実施","救急・初期対応","外傷の初期対応の実施を補助できる。","Jkxir3k","G-02-37-na-01,G-02-37-na-02, G-02-37-na-03, G-02-37-na-04, G-02-37-na-05, G-02-37-na-06, G-02-37-na-07, G-02-37-na-08, G-02-37-na-09,F-01-37-na-02,F-01-37-na-03"
"患者ケアのための診療技能","治療を含む対応の実施","救急・初期対応","アナフィラキシーショックの対応を補助できる。","Jkxirvw","F-02-08-na-03"
"患者ケアのための診療技能","治療を含む対応の実施","書類の作成","各種診断書・証明書の下書きを作成できる。","Jkxir3o","G-03-01-na-17"
"患者ケアのための診療技能","治療を含む対応の実施","書類の作成","各種検案書の下書きを作成できる。","Jkxir3s","G-03-01-na-17"
"患者ケアのための診療技能","治療を含む対応の実施","患者ケアに必要な連携","主要診療科[@tbl:主要診療科]にどのようにコンサルテーションすればよいかを理解している。","Jkxir4Q","F-03-05-08-07,G-04-01-01-06,G-04-01-02-06,G-04-01-03-07,G-04-01-04-07,G-04-01-05-05,G-04-02-01-05,G-04-02-02-05,G-04-02-03-05,G-04-02-04-05,G-04-02-05-05,G-04-02-06-05,G-04-02-07-05,G-04-02-08-05,G-04-02-09-05,G-04-02-10-05,G-04-02-11-05,G-04-02-13-04,G-04-02-14-05,G-04-02-15-05"
"患者ケアのための診療技能","治療を含む対応の実施","患者ケアに必要な連携","褥瘡の予防、評価、処置・治療について理解している。","Jkxir40","F-02-15-na-03"
"患者ケアのための診療技能","治療を含む対応の実施","診療計画カンファレンス","症例検討会において適切にプレゼンテーションできる。","Jkxir48","F-03-03-na-03"
"患者ケアのための診療技能","治療を含む対応の実施","診療計画カンファレンス","診察で得た情報を上級医にわかりやすく報告できる。","Jkxir5E","F-03-02-na-05"
"患者ケアのための診療技能","診療経過の振り返りと改善","振り返りカンファレンス","M&Mカンファレンスに参加して自身の意見を述べることができる。","Jkxir5I",""
"患者ケアのための診療技能","診療経過の振り返りと改善","振り返りカンファレンス","CPCに参加して自身の意見を述べることができる。","Jkxir5M",""
"患者ケアのための診療技能","医療の質と患者安全","医療の質向上","品質改善の手法を用いて医療を改善する重要性を理解し、繰り返し評価する姿勢を身に着ける。","JkxoFEA",""
"患者ケアのための診療技能","医療の質と患者安全","医療従事者の健康管理","医療従事者に求められる健康管理（生活習慣改善、予防接種、被ばく低減策）、職業感染対策（結核スクリーニング、ワクチン接種）を実践する。","JkxoFEE","A-06-03-na-01、A-06-03-na-04"
"患者ケアのための診療技能","医療の質と患者安全","医療従事者の健康管理","自身を含む医療者の労働環境の改善の必要性を理解し、実際の医療現場において改善に努めることができる。","JkxoFEM","A-06-03-na-05"
"患者ケアのための診療技能","医療の質と患者安全","安全管理体制","患者安全のための管理体制と各々の役割（リスクマネージャー、医療安全管理委員会等）を理解している。","JkxoFD4","A-06-01-na-06"
"患者ケアのための診療技能","医療の質と患者安全","安全管理体制","医療過誤に関連した刑事・民事責任や医師法に基づく行政処分を理解している。","JlBpVX0","A-06-02-na-03"
"患者ケアのための診療技能","医療の質と患者安全","感染制御","医療関連感染症に関連したシステム（院内感染対策委員会、院内感染サーベイランス、感染制御チーム（ICT）、感染対策マニュアル等)の役割や意義を理解して参加する。","JkxoFD8","A-06-01-na-07"
"患者ケアのための診療技能","医療の質と患者安全","感染制御","標準予防策（Standard precautions）の必要性を説明し、実践できる。","JkxoFEI","A-06-03-na-02"
"患者ケアのための診療技能","医療の質と患者安全","感染制御","針刺切創、体液暴露等に遭遇した際、適切に対処できる。","JlBpVX4","A-06-03-na-04"
"患者ケアのための診療技能","医療の質と患者安全","患者安全の配慮と促進","基本的予防策（患者確認、ダブルチェック、チェックリスト法、類似名称薬への注意喚起、フェイルセイフ・フールプルーフの考え方等）を実践できる。","JlBpVX8","A-06-02-na-04"
"患者ケアのための診療技能","医療の質と患者安全","患者安全の配慮と促進","医療の安全性に関する情報（薬剤等の副作用、薬害、医療過誤、やってはいけないこと、優れた取組事例等）を共有し、事後に役立てるための分析ができる。","JkxoFD0","A-06-01-na-04"
"患者ケアのための診療技能","医療の質と患者安全","患者安全の実践","個人及び組織における患者安全管理の重要性を理解し、行動できる。","JkxoFDo","A-06-01-na-02"
"患者ケアのための診療技能","医療の質と患者安全","患者安全の実践","診療録の重要性を理解し、適切に記載し取り扱うことができる。","JkxoFDs","A-06-01-na-03"
"患者ケアのための診療技能","医療の質と患者安全","患者安全の実践","真摯に疑義に応じることができる。","JlBpRvs","A-06-01-na-08"
"患者ケアのための診療技能","医療の質と患者安全","患者安全の実践","医療上の事故等（インシデントを含む）が発生した際に、緊急対応や記録、報告することができる。","JlBpRvw","A-06-02-na-01,A-06-02-na-02"
"コミュニケーション能力","患者に接する言葉遣い・態度・身だしなみ・配慮","患者・家族への適切なコミュニケーションスキルの活用","コミュニケーションが患者-医師間の互いの態度・行動や役割に及ぼす影響を考慮することができる","JkxhhVg","A-04-01-na-01"
"コミュニケーション能力","患者に接する言葉遣い・態度・身だしなみ・配慮","患者・家族への適切なコミュニケーションスキルの活用","言語的コミュニケーション技能を発揮して、良好な人間関係を築くことができる。","Jli9Pdc",""
"コミュニケーション能力","患者に接する言葉遣い・態度・身だしなみ・配慮","患者・家族への適切なコミュニケーションスキルの活用","非言語的コミュニケーション（身だしなみ、視線、表情、ジェスチャーなど）を意識できる。","Jli9Pdk",""
"コミュニケーション能力","患者に接する言葉遣い・態度・身だしなみ・配慮","患者・家族への適切なコミュニケーションスキルの活用","相手の話を聞き、事実や自分の意見を相手にわかるように述べることができる","JkxhhVo","C-05-07-na-06"
"コミュニケーション能力","患者に接する言葉遣い・態度・身だしなみ・配慮","患者・家族への適切なコミュニケーションスキルの活用","対人関係に関わる心理的要因（陽性感情・陰性感情等）を認識しながらコミュニケーションをとることができる。","JkxhhVs","C-05-07-na-01"
"コミュニケーション能力","患者に接する言葉遣い・態度・身だしなみ・配慮","患者・家族への適切なコミュニケーションスキルの活用","患者や家族に敬意を持った言葉遣いや態度で接することができる。","JkxhhVw","A-04-01-na-02"
"コミュニケーション能力","患者に接する言葉遣い・態度・身だしなみ・配慮","患者の立場の尊重と苦痛への配慮","患者や家族の精神的・身体的・社会的苦痛に十分配慮できる。","JkxhhV4","A-04-02-na-01"
"コミュニケーション能力","患者に接する言葉遣い・態度・身だしなみ・配慮","患者の立場の尊重と苦痛への配慮","患者や家族の話を傾聴し、怒りや悲しみ、不安などの感情を理解し、共感することができる","JkxhhWA","A-04-01-na-03"
"コミュニケーション能力","患者の意思決定の支援とそのための情報収集・わかりやすい説明","患者へのわかりやすい言葉の説明","患者や家族の多様性（高齢者、小児、障害者、LGBTQ、国籍、人種、文化・言語・慣習の違い等）に配慮してコミュニケーションをとることができる。","JkxhhWI","A-04-02-na-02"
"コミュニケーション能力","患者の意思決定の支援とそのための情報収集・わかりやすい説明","患者へのわかりやすい言葉の説明","患者の不安を軽減するためにわかりやすい言葉で説明や対話ができる。","JkxhhWM","E-06-03-na-02"
"コミュニケーション能力","患者の意思決定の支援とそのための情報収集・わかりやすい説明","インフォームド・コンセントの取得","患者が理解できるよう、できるだけ専門用語を使わずに、わかりやすく説明することができる。","JkxhhWc","G-01-01-03-11"
"コミュニケーション能力","患者の意思決定の支援とそのための情報収集・わかりやすい説明","インフォームド・コンセントの取得","患者や家族と情報共有や意見の摺り合わせを行い、理解と同意を踏まえた意思決定を支援することができる。","JkxhhWg","F-02-01-na-07"
"コミュニケーション能力","患者や家族のニーズの把握と配慮","患者や家族の課題を把握し、必要な情報を得ることができる","患者自身から情報が得られない場合、代理人や保護者等から必要な情報を得ることができる。","JkxhhWs","F-03-05-08-04,G-04-01-03-04"
"コミュニケーション能力","患者や家族のニーズの把握と配慮","患者や家族の視点から、心理・社会的背景に配慮した診療を行うことができる","医療の不確実性を理解した上で適切な行動や態度がとれる","JkxhhXA",""
"多職種連携能力","連携の基盤","患者中心の保健医療福祉","患者・利用者・家族に関連する情報について、多職種及び他の医療系学部の学生と共有できる。","Jkxp2HY",""
"多職種連携能力","連携の基盤","職種間コミュニケーション","多職種及び他の医療系学部の学生の役割や意見を尊重した説明や返答、問いかけができる。","Jkxp2Hg",""
"多職種連携能力","連携の基盤","医師間の紹介と相談","適切な診断・検査・治療のために、適切な施設・専門科・医師への紹介や相談ができる。","Jkxp2Ho",""
"多職種連携能力","連携の基盤","医師間の紹介と相談","患者のケアと責任が継続できるよう、医師間での考えや期待を共有できる。","Jkxp2Hw",""
"多職種連携能力","協働実践","職種役割","自らの知識や価値観を、多職種及び他の医療系学部の学生に伝えられる。","Jkxp2H0",""
"多職種連携能力","協働実践","職種役割","多職種及び他の医療系学部の学生の中で自らの役割を果たせる。","Jkxp2H4",""
"多職種連携能力","協働実践","関係性への働きかけ","多職種及び他の医療系学部の学生とともに学びあい、成長できる。","Jkxp2IE",""
"多職種連携能力","協働実践","関係性への働きかけ","対人関係や対人行動に関わる概念について理解している","Jkxp2Is","C-05-07-na-01,C-05-07-na-02,C-05-07-na-03,C-05-07-na-04"
"多職種連携能力","協働実践","自職種の省察","医師の役割を多職種及び他の医療系学部の学生に説明できる。","Jkxp2IQ","A-05-01-na-04"
"多職種連携能力","協働実践","自職種の省察","自らの価値観や言動について、多職種及び他の医療系学部の学生との関係性の中で、相対化できる。","Jk314Eo",""
"多職種連携能力","協働実践","他職種の理解","病院・診療所・施設などの職場環境やチームや部門などの所属に応じた他職種の役割を理解している","Jkxp2IY","A-05-01-na-02"
"社会における医療の役割の理解","社会保障","公衆衛生","公衆衛生の概念を理解している。","JkxoNsc",""
"社会における医療の役割の理解","社会保障","公衆衛生","予防の段階とそれらの戦略を理解している。","JkxoNsg","B-01-04-na-05"
"社会における医療の役割の理解","社会保障","公衆衛生","公衆衛生活動（健診、健康づくりイベント等）の意義を理解し、役割の一部を担うことができる。","JkxoNsk",""
"社会における医療の役割の理解","社会保障","社会保険、公的扶助、社会福祉","生存権等の健康に関する基本的人権と社会保障（社会保険、社会福祉、公的扶助）の意義と内容を理解している。","JkxoNso",""
"社会における医療の役割の理解","社会保障","社会保険、公的扶助、社会福祉","国民皆保険としての医療保険、介護保険、年金保険を含む社会保険の仕組みと問題点を理解し、改善策を議論できる。","JkxoNsw",""
"社会における医療の役割の理解","社会保障","社会保険、公的扶助、社会福祉","障害者の日常生活及び社会生活を総合的に支援するための法律（障害者総合支援法）等の障害者福祉を理解している。","JkxoNs0","B-01-07-na-01,A-07-01-na-03,B-01-08-na-13"
"社会における医療の役割の理解","社会保障","地域保健","保健所・市町村保健センター・地方衛生研究所の役割を理解している。","JkxoNs4","B-01-05-na-01"
"社会における医療の役割の理解","社会保障","地域保健","健康増進法、栄養、身体活動、休養等の健康増進施策の意義と内容を理解している。","JkxoNs8","B-01-06-na-04,B-01-07-na-03,B-01-05-na-02,B-01-06-na-04,B-01-07-na-03"
"社会における医療の役割の理解","社会保障","地域保健","地域保健に関連する基本的な制度や法律を理解している。

","JkxoNtA","B-01-06-na-04,B-01-07-na-03"
"社会における医療の役割の理解","社会保障","産業保健・環境保健","産業保健の意義、労働衛生の3管理等、産業保健の基本的な考え方を理解している。","JkxoNtY","B-01-06-na-04,B-01-08-na-04"
"社会における医療の役割の理解","社会保障","産業保健・環境保健","産業保健・環境保健に関連する基本的な制度や法律を理解している。","JkxoNtc","B-01-08-na-04"
"社会における医療の役割の理解","社会保障","産業保健・環境保健","労働災害及び職業性疾病とのその対策を理解している。","JkxoNtg","B-01-06-na-03"
"社会における医療の役割の理解","社会保障","産業保健・環境保健","有害物質による産業中毒とその対策を理解している。","JkxoNtk","E-05-03-01-02,E-05-03-01-03,E-05-03-01-04"
"社会における医療の役割の理解","社会保障","健康危機管理","健康危機の概念と種類、それらへの対応（リスクコミュニケーションを含む）について理解している。","JkxoNtw",""
"社会における医療の役割の理解","社会保障","健康危機管理","健康危機管理（食品感染症、放射線事故、災害等さまざまな有事）に関連する基本的な制度や法律を理解している。","JkxoNt4","B-01-08-na-11"
"社会における医療の役割の理解","社会保障","健康危機管理","災害拠点病院、種々の活動チーム等、災害保健医療の意義を理解している。","JkxoNuE","G-04-01-07-06,B-01-07-na-06"
"社会における医療の役割の理解","疫学・医学統計","保健統計","主な人口統計（人口静態と人口動態）、疾病・障害の分類・統計（ICD等）を理解している。","JkxoNuM","B-01-04-na-01"
"社会における医療の役割の理解","疫学・医学統計","保健統計","平均寿命、健康寿命について説明できる。","JkxoNuQ","B-01-04-na-02"
"社会における医療の役割の理解","疫学・医学統計","疫学","公衆衛生と臨床の視点から見た疫学の役割を理解している。","JkxoNuY",""
"社会における医療の役割の理解","疫学・医学統計","疫学","割合・比・率の違いおよび代表的な疫学指標（有病割合、リスク比、罹患率等）を理解している。","JkxoNuc","B-01-04-na-03"
"社会における医療の役割の理解","疫学・医学統計","疫学","主なバイアス・交絡を例示できる。","JkxoNug","B-01-04-na-04"
"社会における医療の役割の理解","疫学・医学統計","疫学","年齢調整における直接法と間接法の違いを説明できる。","JkxoNuk","B-01-04-na-04"
"社会における医療の役割の理解","疫学・医学統計","疫学","主な疫学の研究デザインとして、観察研究（記述研究、横断研究、症例対照研究、コホート研究）および介入研究（ランダム化比較試験等）を理解している。","JkxoNuo","B-01-03-na-03,F-02-02-na-03"
"社会における医療の役割の理解","疫学・医学統計","疫学","急性感染症に特異的な疫学的アプローチを理解している。","JkxoNus",""
"社会における医療の役割の理解","疫学・医学統計","疫学","エビデンスの限界を踏まえながら、集団に影響する意思決定を支援できる。","JkxoNuw",""
"社会における医療の役割の理解","疫学・医学統計","データ解析と統計手法","尺度（間隔、比、順序、名義）について説明できる。","JkxoNu0",""
"社会における医療の役割の理解","疫学・医学統計","データ解析と統計手法","データの分布（欠損値を含む）について説明できる。","JkxoNu4","B-01-01-na-01"
"社会における医療の役割の理解","疫学・医学統計","データ解析と統計手法","正規分布の母平均の信頼区間について説明できる。","JkxoNu8","B-01-01-na-03"
"社会における医療の役割の理解","疫学・医学統計","データ解析と統計手法","相関分析、平均値と割合の検定等を実施できる。","JkxoNvA","B-01-02-na-01,B-01-02-na-02,B-01-02-na-03,B-01-02-na-04,B-01-02-na-05,B-01-02-na-06"
"社会における医療の役割の理解","疫学・医学統計","データ解析と統計手法","多変量解析の意義を理解している。","JkxoNvE","B-01-02-na-06"
"社会における医療の役割の理解","法医学","死と法","植物状態、脳死、心臓死及び脳死判定について理解している。","JkxoNvI","B-02-01-na-01,B-02-01-na-01"
"社会における医療の役割の理解","法医学","死と法","異状死・異状死体の取扱いと死体検案について理解している。","JkxoNvM","B-02-01-na-02,B-02-01-na-02"
"社会における医療の役割の理解","法医学","死と法","死亡診断書と死体検案書を作成できる。","JkxoNvQ","B-02-01-na-03,B-02-01-na-03"
"社会における医療の役割の理解","法医学","死と法","個人識別の方法を理解している。","JkxoNvU","B-02-01-na-04,B-02-01-na-04"
"社会における医療の役割の理解","法医学","死と法","病理解剖、法医解剖（司法解剖、行政解剖、死因・身元調査法解剖、承諾解剖）について理解している。","JkxoNvY","B-02-01-na-05,B-01-04-na-02"
"社会における医療の役割の理解","社会の構造や変化から捉える医療","社会格差と医療","社会格差を解消するために社会に対して行動できる","JkxoNvg",""
"社会における医療の役割の理解","社会の構造や変化から捉える医療","健康と医療","健康寿命を延ばすために働きかけを行うことができる。","JkxoNvk","B-01-04-na-02,C-05-08-na-01"
"社会における医療の役割の理解","社会の構造や変化から捉える医療","健康と医療","バリアフリー等の障害と社会環境に関連する概念を理解した行動をとることができる。","JkxoNvo","B-01-06-na-01"
"社会における医療の役割の理解","社会の構造や変化から捉える医療","ジェンダーと医療","ジェンダーの形成並びに性的指向及び性自認への配慮方法を理解している","Jli53Ik",""
"社会における医療の役割の理解","社会の構造や変化から捉える医療","ジェンダーと医療","女性やLGBTQに対する差別等のジェンダー不平等をなくすために積極的な行動をとることができる。","JkxoNvs","B-04-01-na-06"
"社会における医療の役割の理解","社会の構造や変化から捉える医療","気候変動と医療","気候変動と医療との関係性を理解し、患者が抱える健康に関する課題と気候変動との関係を想像できる。","JkxoNvw",""
"社会における医療の役割の理解","社会の構造や変化から捉える医療","気候変動と医療","自然災害（新興感染症を含む）が起きた際に必要とされる医師の役割を理解している。","JkxoNv0",""
"社会における医療の役割の理解","社会の構造や変化から捉える医療","気候変動と医療","地球環境が抱える諸課題を認識し、その解決のために行動できる","JkxoNv4",""
"社会における医療の役割の理解","社会の構造や変化から捉える医療","哲学・倫理と医療","現代思想・哲学の語彙を概説することができる","JkxoNv8","G-04-03-na-06"
"社会における医療の役割の理解","社会の構造や変化から捉える医療","哲学・倫理と医療","診療現場における倫理的問題について、倫理学の考え方に依拠し、分析した上で、自身の考えを述べることができる。
","JkxoNwA","A-01-01-na-02,A-01-01-na-03,A-01-01-na-02"
"社会における医療の役割の理解","社会の構造や変化から捉える医療","歴史と医学・医療","医学・医療の歴史的変遷を踏まえ現代の医学的問題を相対化できる","",""
"社会における医療の役割の理解","社会の構造や変化から捉える医療","医療経済","経済が医療に与える影響について理解している","",""
"社会における医療の役割の理解","国内外の視点から捉える医療","国内の医療職の役割や医療体制","医師法が定める医師の職権と義務を理解している。","JkxoNwM","B-01-08-na-07,B-01-08-na-06"
"社会における医療の役割の理解","国内外の視点から捉える医療","国内の医療職の役割や医療体制","医療職を規定する法律・制度を説明できる。","JkxoNwQ","B-01-08-na-06,新規"
"社会における医療の役割の理解","国内外の視点から捉える医療","国内の医療職の役割や医療体制","医療法が定める医療施設の種類と機能について理解している。","JkxoNwU","B-01-07-na-02,B-01-08-na-06,B-01-08-na-06"
"社会における医療の役割の理解","国内外の視点から捉える医療","国内の医療職の役割や医療体制","医療計画について理解している。","JkxoNwY","B-01-07-na-02,B-01-08-na-06,A-07-01-na-02,A-07-01-na-02,B-01-07-na-02"
"社会における医療の役割の理解","国内外の視点から捉える医療","国内の医療職の役割や医療体制","地域医療提供体制に関する諸課題の相互関連性を理解している。","Jk31tVk",""
"社会における医療の役割の理解","国内外の視点から捉える医療","国内の医療職の役割や医療体制","医療提供体制と医師の働き方について自身の考えを述べることができる。","Jk31tVo",""
"社会における医療の役割の理解","国内外の視点から捉える医療","グルーバルヘルスの役割や医療体制","国際的に取り組む必要のある医療・健康課題について、歴史・社会的背景を踏まえて、理解している。","JkxoNwc",""
"社会における医療の役割の理解","国内外の視点から捉える医療","グルーバルヘルスの役割や医療体制","ユニバーサル・ヘルス・カバレッジ（UHC）の意義を理解し、世界各国の医療制度が抱える問題を例示できる。","JkxoNwo","B-01-09-na-01,B-01-09-na-01"
"社会における医療の役割の理解","国内外の視点から捉える医療","グルーバルヘルスの役割や医療体制","保健関連の国連開発目標や国際機関・国際協力に関わる組織・団体について概説できる。","JkxoNws","B-01-09-na-01,B-01-09-na-01"
"社会における医療の役割の理解","社会科学の視点から捉える医療","社会科学と医療との関係","日常生活や外来診療・在宅療養・入院・施設入所等において、健康・病気・死の捉え方を探索できる。","JkxoNxQ","B-04-01-na-01,"
"社会における医療の役割の理解","社会科学の視点から捉える医療","社会科学と医療との関係","時代の流れ、社会の状況や諸制度との関わりのなかで医療に関する諸事象を捉え、構造的に説明できる。","JkxoNxU","B-04-01-na-08,"
"社会における医療の役割の理解","社会科学の視点から捉える医療","社会科学と医療との関係","個や集団に及ぼす文化・慣習による影響（コミュニケーションのあり方等）を理解している。","JkxoNxc","C-05-07-na-07,C-05-07-na-08"
