"第2層","第3層","第4層","UID","H28対応項目","H28表記","第4層(技術参与清書)","第4層(20220302査読直前)","修正提案(20220302)","査読コメント(20220302)","全体編集コメント","チームからの返信（原案どおりなら１、修正案に賛成なら２）","チームからのコメント（あれば）","第4層(計算列)","メモ","査読への返答","A","B","C","D","E","F","G","H","I","Unnamed: 25"
"患者の情報収集","医療面接","","JkxirsY","F-03-02-na-01,G-04-04-na-02","適切な身だしなみ、言葉遣い及び態度で患者に接することができる。,模擬患者の協力を得て、臨床技能（コミュニケーションスキルを含む）や医療者に求められる態度を身に付ける。","","削除:適切な身だしなみ、言葉遣い及び態度で患者に接することができる。","","","","","","","","対応しました","他領域","コミュと重なる","コミュ3,4と重複","","重複∴削除","","","","",""
"患者の情報収集","医療面接","医療面接における基本的コミュニケーション技法を用いることができる。","Jkxirsc","F-03-02-na-02","医療面接における基本的コミュニケーション技法を用いることができる。","医療面接における基本的コミュニケーション技法を用いることができる。","医療面接における基本的コミュニケーション技法を用いることができる。","医療面接における基本的コミュニケーション技法を用いることができる。","ママ","",1.0,"","医療面接における基本的コミュニケーション技法を用いることができる。","コミュではなく技能で扱う(2022/2/7)(近藤)","技能(技能+コミュ)で審議し技能で扱うこととしました","コミュニケーション領域へ","コミュと重なる","コミュ7と重複。基本的コミュニケーションスキルとは具体的に何か記載がないと、カリキュラム立案に反映しにくい。入れるとしても「医療面接において」では。","","問が漠然としているので削除で良いのでは？","","","","",""
"患者の情報収集","医療面接","病歴（主訴、現病歴、常用薬、アレルギー歴、既往歴、家族歴、嗜好、生活習慣、社会歴・職業歴、生活環境、家庭環境、海外渡航歴、システムレビュー）を聴き取り、情報を取捨選択し整理できる。","Jkxirsg","F-03-02-na-03","病歴（主訴、現病歴、常用薬、アレルギー歴、既往歴、家族歴、嗜好、生活習慣、社会歴・職業歴、生活環境、家庭環境、海外渡航歴、システムレビュー）を聴き取り、情報を取捨選択し整理できる。","病歴（主訴、現病歴、常用薬、アレルギー歴、既往歴、家族歴、嗜好、生活習慣、社会歴・職業歴、生活環境、家庭環境、海外渡航歴、システムレビュー）を聴き取り、情報を取捨選択し整理できる。","病歴（主訴、現病歴、常用薬、アレルギー歴、既往歴、家族歴、嗜好、生活習慣、社会歴・職業歴、生活環境、家庭環境、海外渡航歴、システムレビュー）を聴き取り、情報を取捨選択し整理できる。","病歴（主訴、現病歴、常用薬、アレルギー歴、既往歴、家族歴、嗜好、生活習慣、社会歴・職業歴、生活環境、家庭環境、海外渡航歴、システムレビュー）を聴き取り、情報を取捨選択し整理できる。","ママ","",1.0,"","病歴（主訴、現病歴、常用薬、アレルギー歴、既往歴、家族歴、嗜好、生活習慣、社会歴・職業歴、生活環境、家庭環境、海外渡航歴、システムレビュー）を聴き取り、情報を取捨選択し整理できる。","","技能(技能+コミュ)で審議しこのままとしました","","","網羅的に聞き取った上で取捨選択するのではなく、鑑別疾患を考えながら必要な情報を聴取していくアプローチを学ぶ必要があることを表現できたらと思うので、「主訴に対する鑑別疾患を想起しながら、その吟味に必要な病歴（....）を聴取できる」","","","臨床推論の最重要項目であり医師の能力が大きく作用する現病歴について、ある程度アンケートでも記載できる常用薬、アレルギー歴、既往歴、家族歴、嗜好、生活習慣、社会歴・職業歴、生活環境、家庭環境、海外渡航歴、と同列に扱われてきているのが気になっておりました。OSCEでも、十分に現病歴をとらずに家族歴、既往歴に進んでしまう残念な学生がいるので重点的に指導しておりますが、学ぶ方も教える方も意識改革が必要そうです。診療参加の本幹である、日々の診療・カルテ記載の基本にもなりますので、別枠の方が良いのではと思いました。
『主訴を正確に把握して鑑別診断を想起し、詳細に現病歴（発症様式、経過と場 所、質、放散痛、程度、軽快因子、増悪因子、随伴症状など）を聴取することができる。』など。一意見でした。","","","",""
"患者の情報収集","医療面接","","Jkxirsk","F-03-05-01-01","患者の立場を尊重し、信頼を得ることができる。","","削除:患者の立場を尊重し、信頼を得ることができる。","","","","","","","","対応しました","","コミュ13と重なる","","","問が漠然としているので削除、またはコミュに統合で良いのでは？","","","","",""
"患者の情報収集","医療面接","患者に関わる人たちから必要な情報を得ることが参加できる。","Jkxirso","F-03-05-08-04,G-04-01-03-04","保護者から必要な情報を得たり対応したりすることに可能な範囲で参加できる。,保護者から必要な情報を得たり対応したりすることに可能な範囲で参加する。","患者に関わる人たちから必要な情報を得ることが参加できる。","患者に関わる人たちから必要な情報を得ることが参加できる。","","コミュ27と重複","",1.0,"","患者に関わる人たちから必要な情報を得ることが参加できる。","コミュではなく技能で扱う、保護者→患者に関わる人たち(さらに良い言葉があれば変更)(2022/2/7)(近藤)","対応しました","","高齢者の場合も「保護者」なのか？","コミュ26と重複。小児の項目なのでしょうが、成人でも認知症の方の家族や知人・行政関係者などの代理人（代理意思決定者を含む）から情報を得る場面はあるので、一般化して「必要に応じて家族や家族以外の代理人から患者に関する情報を得たり対応したりすることに、指導医とともに参加できる」","","保護者→保護者や第三者で良いのでは？","","可能な範囲でという言葉がやや抽象的か。","","","【宮地】コミュ27との区別をどうつけるか？"
"患者の情報収集","身体所見","患者の状態に応じた診察ができる。","Jkxirss","F-03-05-01-06","患者の状態から診察が可能かどうかを判断し、状態に応じた診察ができる。","患者の状態から診察が可能かどうかを判断し、状態に応じた診察ができる。","患者の状態から診察が可能かどうかを判断し、状態に応じた診察ができる。","患者の状態に応じた診察ができる。","査読者Iの意見、遠隔診療まで行われている今日、診察が不可能、という状況が想定しにくい","",2.0,"","患者の状態に応じた診察ができる。","","技能で審議しこのままとしました","","","学生の独断では難しいと思うので、「〜を判断し、指導医と相談した上で状態に応じた診察ができる」ではどうでしょうか","","ができる→の重要性を理解できる（実施は学生レベルを超えることが多い）","","","「患者の状態に応じた診療ができる」だけではだめでしょうか","",""
"患者の情報収集","身体所見","","Jkxirsw","F-03-05-02-01","身長・体重を測定し、body mass index <BMI>の算出、栄養状態を評価できる。","","削除:身長・体重を測定し、body mass index <BMI>の算出、栄養状態を評価できる。","","","","","","","","対応しました","この項目が独立して必要でしょうか","","総合77と重複。","","単独項目にするほどではない→他所へ統合または割愛で良いのでは？","","","","",""
"患者の情報収集","身体所見","全身の外観（体型、栄養、姿勢、歩行、顔貌、皮膚、発声）を評価できる。","Jkxirs8","F-03-05-02-07","全身の外観（体型、栄養、姿勢、歩行、顔貌、皮膚、発声）を評価できる。","全身の外観（体型、栄養、姿勢、歩行、顔貌、皮膚、発声）を評価できる。","全身の外観（体型、栄養、姿勢、歩行、顔貌、皮膚、発声）を評価できる。","全身の外観（体型、栄養、姿勢、歩行、顔貌、皮膚、発声）を評価できる。","","",1.0,"","全身の外観（体型、栄養、姿勢、歩行、顔貌、皮膚、発声）を評価できる。","バイタルより上に移動(2022/2/7)(近藤)","技能で審議しこのままとしました","","","","","","の診察を行い、主な異常の有無を指摘できる。","","","",""
"患者の情報収集","身体所見","バイタルサイン（体温、脈拍、血圧、呼吸数、酸素飽和度）の測定ができる。","Jkxirs0","F-02-09-02-02,F-03-05-02-05,F-03-05-02-04,F-03-05-02-02,F-03-05-02-06,F-03-06-02-05","基本的バイタルサイン（体温、呼吸、脈拍、血圧）の意義とモニターの方法を説明できる。,腋窩で体温を測定できる。,呼吸数を測定し、呼吸の異常の有無を確認できる。,上腕で触診、聴診法により血圧を測定できる。,下肢の動脈の触診等、下腿の血圧測定（触診法）、大腿の血圧測定（聴診法）を実施できる。,経皮的酸素飽和度を測定できる。","バイタルサイン（体温、呼吸数、酸素飽和度、脈拍、血圧）の測定ができる。","バイタルサイン(体温、呼吸数、酸素飽和度、脈拍、血圧)の測定ができる","バイタルサイン（体温、脈拍、血圧、呼吸数、酸素飽和度）の測定ができる。","査読者Iの意見","",2.0,"","バイタルサイン（体温、脈拍、血圧、呼吸数、酸素飽和度）の測定ができる。","(腋窩)(橈骨)(上肢・下肢)を削除(2022/2/7)(近藤)","対応しました","（）のなかの（）という記載を修正可能なら","","","","","卒業時ですので、・・・測定ができ、おもな異常所見を指摘できる。　ごよいのでは、","","","医師国家試験等の記載順に合わせ、体温、脈拍、血圧、呼吸数、酸素飽和度の順に記載するのはいかがでしょうか。",""
"患者の情報収集","身体所見","適切な体位（立位、座位、半座位、臥位、砕石位）で診察できる。","Jkxirs4","F-03-02-na-04","診察時に患者に適切な体位（立位、座位、半座位、臥位、砕石位）を説明できる。","適切な体位（立位、座位、半座位、臥位、砕石位）で診察できる。","適切な体位（立位、座位、半座位、臥位、砕石位）で診察できる。","適切な体位（立位、座位、半座位、臥位、砕石位）で診察できる。","ママ","",1.0,"","適切な体位（立位、座位、半座位、臥位、砕石位）で診察できる。","","対応しました","説明できるではなく、対位をとらせることができる","説明できる→患者にとってもらうことができる","","","","を説明し、実施できる。？","","実施でいいと思います","",""
"患者の情報収集","身体所見","部位毎の身体診察[@tbl:身体診察]ができる。","","F-03-02-na-04","診察時に患者に適切な体位（立位、座位、半座位、臥位、砕石位）を説明できる。","","","部位毎の身体診察[@tbl:身体診察]ができる。","新設","",2.0,"","部位毎の身体診察[@tbl:身体診察]ができる。","","","","","","","","","","","",""
"患者の情報収集","身体所見","","JkxirtA","F-03-05-03-01","頭部（顔貌、頭髪、頭皮、頭蓋）の診察ができる。","頭部（顔貌、頭髪、頭皮、頭蓋）の診察ができる。","頭部（顔貌、頭髪、頭皮、頭蓋）の診察ができる。","","別表に","","","","","","技能で審議しこのままとしました","","","","","","の診察を行い、主な異常の有無を指摘できる。","","","",""
"患者の情報収集","身体所見","","JkxirtE","F-03-05-03-02","眼（視野、瞳孔、対光反射、眼球運動・突出、結膜）の診察ができる。","眼（視野、瞳孔、対光反射、眼球運動・突出、結膜）の診察ができる。","眼（視野、瞳孔、対光反射、眼球運動・突出、結膜）の診察ができる。","","別表に","","","","","","技能で審議しこのままとしました","","","","","","の診察を行い、主な異常の有無を指摘できる。","","","",""
"患者の情報収集","身体所見","","JkxirtI","F-03-05-03-03","耳（耳介、聴力）の診察ができる。","耳（耳介、聴力）の診察ができる。","耳（耳介、聴力）の診察ができる。","","別表に","","","","","","技能で審議しこのままとしました","","","","","","の診察を行い、主な異常の有無を指摘できる。","","","",""
"患者の情報収集","身体所見","","JkxirtM","F-03-05-03-04","耳鏡で外耳道、鼓膜を観察できる。","耳鏡で外耳道、鼓膜を観察できる。","耳鏡で外耳道、鼓膜を観察できる。","","別表に","","","","","","","","","","","","","","","",""
"患者の情報収集","身体所見","","JkxirtQ","F-03-05-03-06","口唇、口腔、咽頭、扁桃の診察ができる。","口唇、口腔、咽頭、扁桃の診察ができる。","口唇、口腔、咽頭、扁桃の診察ができる。","","別表に","","","","","","技能で審議しこのままとしました","","","","","","の診察を行い、主な異常の有無を指摘できる。","","","",""
"患者の情報収集","身体所見","","JkxirtU","F-03-05-03-07","鼻腔、副鼻腔の診察ができる。","副鼻腔の診察ができる。","副鼻腔の診察ができる。","","別表に","","","","","","","","","","","","","","","",""
"患者の情報収集","身体所見","","JkxirtY","F-03-05-03-08","鼻鏡を用いて前鼻腔を観察できる。","鼻鏡を用いて前鼻腔を観察できる。","鼻鏡を用いて前鼻腔を観察できる。","","別表に","","","","","","","","","","","","","","","",""
"患者の情報収集","身体所見","","Jkxirtc","F-03-05-03-09","甲状腺、頸部血管、気管、唾液腺の診察ができる。","甲状腺、頸部血管、気管、唾液腺の診察ができる。","甲状腺、頸部血管、気管、唾液腺の診察ができる。","","別表に","","","","","","技能で審議しこのままとしました","","","","","","の診察を行い、主な異常の有無を指摘できる。","","","",""
"患者の情報収集","身体所見","","Jkxirtg","F-03-05-03-10","頭頸部リンパ節の診察ができる。","頭頸部リンパ節の診察ができる。","頭頸部リンパ節の診察ができる。","","別表に","","","","","","技能で審議しこのままとしました","","","","","","の診察を行い、主な異常の有無を指摘できる。","","","",""
"患者の情報収集","身体所見","","Jkxirtk","F-03-05-04-01","胸部の視診、触診、打診ができる。","胸部の視診、触診、打診ができる。","胸部の視診、触診、打診ができる。","","別表に","","","","","","技能で審議しこのままとしました","","","","","","の診察を行い、主な異常の有無を指摘できる。","","","",""
"患者の情報収集","身体所見","","Jkxirto","F-03-05-04-02","呼吸音と副雑音の聴診ができる。","呼吸音と副雑音の聴診ができる。","呼吸音と副雑音の聴診ができる。","","別表に","","","","","","技能で審議しこのままとしました","","","","","","を行い、主な異常の有無を指摘できる。","","","",""
"患者の情報収集","身体所見","","Jkxirts","F-03-05-04-03","心音と心雑音の聴診ができる。","心音と心雑音の聴診ができる。","心音と心雑音の聴診ができる。","","別表に","","","","","","技能で審議しこのままとしました","","","","","","を行い、主な異常の有無を指摘できる。","","","",""
"患者の情報収集","身体所見","","Jkxirtw","F-03-05-05-01,F-03-05-05-03,F-03-05-05-02,F-03-05-05-04,F-03-05-05-05","腹部の視診、聴診ができる。,圧痛、腹膜刺激徴候、筋性防御の有無を判断できる。,区分に応じて腹部の打診、触診ができる。,腹水の有無を判断できる。,腸雑音、血管雑音の聴診ができる。","腹部の視診、聴診（腸雑音、血管雑音）、打診、触診ができる。","腹部の視診、聴診(腸雑音、血管雑音)、打診、触診ができる。","","別表に","","","","","","技能で審議しこのままとしました","","","","","","を行い、主な異常の有無を指摘できる。","","","",""
"患者の情報収集","身体所見","","JkxiruE","F-03-05-04-04","背部の叩打痛を確認できる。","背部の叩打痛を確認できる。","背部の叩打痛を確認できる。","","別表に","","","","","","技能で審議しこのままとしました","","","","","","を行い、主な異常の有無を指摘できる。","","","",""
"患者の情報収集","身体所見","","JkxiruI","F-03-05-05-06","直腸（前立腺を含む）指診を実施できる（シミュレータでも可とする）。","直腸（前立腺を含む）指診を実演できる。","直腸（前立腺を含む）指診を実演できる。","","別表に","","","","","実施できる→実演できるでは?(近藤)","技能で審議しこのままとしました。実施と実演に関しては別途注釈予定。","実施と実演の違いは？
シミュレータについて考慮しているなら記載した方がよいのでは（方略ですが）","","","","","","","実際にやるかどうかはともかくとして実施できるでいいと思います","",""
"患者の情報収集","身体所見","","JkxiruM","F-03-05-04-05","乳房の診察を実施できる（シミュレータでも可とする）。","乳房の診察を実演できる。","乳房の診察を実演できる。","","別表に","","","","","実施できる→実演できるでは?(近藤)","技能で審議しこのままとしました。実施と実演に関しては別途注釈予定。","実施と実演の違いは？
シミュレータについて考慮しているなら記載した方がよいのでは（方略ですが）","","","","","を行い、主な異常の有無を指摘できる。","","実際にやるかどうかはともかくとして実施できるでいいと思います","",""
"患者の情報収集","身体所見","","JkxiruQ","F-03-05-06-01","意識レベルを判定できる。","意識レベルを判定できる。","意識レベルを判定できる。","","別表に","","","","","","技能で審議しこのままとしました","JCS◯◯とかグラスゴー◯◯とかが判定できればよい？それとも意識レベルについて判断できるレベルを求める？","","","","","","","","",""
"患者の情報収集","身体所見","","JkxiruU","F-03-05-06-02,G-03-02-na-06,F-03-05-03-05","脳神経系の診察ができる（眼底検査を含む）。,視力、視野、聴力、平衡機能検査を実施できる。,音叉を用いて聴力試験を実施できる。","脳神経系の診察ができる。","脳神経系の診察ができる（眼底検査を含む）。","","別表に","","","","","","技能で審議しこのままとしました","","眼底検査は別でもいいかも","","","","の診察を行い、主な異常の有無を指摘できる。眼底検査の実施は、不要では？学生に眼底鏡で診察させている大学あるでしょうか？","","","",""
"患者の情報収集","身体所見","","","","","眼底検査ができる。","脳神経系の診察ができる（眼底検査を含む）。","","別表に","","","","","脳神経検査から分離","","","","","","","","","","",""
"患者の情報収集","身体所見","","JkxiruY","F-03-05-06-03","腱反射の診察ができる。","腱反射の診察ができる。","腱反射の診察ができる。","","別表に","","","","","","技能で審議しこのままとしました","","","","","","の診察を行い、主な異常の有無を指摘できる。","","","",""
"患者の情報収集","身体所見","","Jkxiruc","F-03-05-06-04","小脳機能・運動系の診察ができる。","小脳機能・運動系の診察ができる。","小脳機能・運動系の診察ができる。","","別表に","","","","","","技能で審議しこのままとしました","","","","","","の診察を行い、主な異常の有無を指摘できる。","","","",""
"患者の情報収集","身体所見","","Jkxirug","F-03-05-06-05","感覚系（痛覚、温度覚、触覚、深部感覚）の診察ができる。","感覚系（痛覚、温度覚、触覚、深部感覚）の診察ができる。","感覚系（痛覚、温度覚、触覚、深部感覚）の診察ができる。","","別表に","","","","","","技能で審議しこのままとしました","","","","","","の診察を行い、主な異常の有無を指摘できる。","","","",""
"患者の情報収集","身体所見","","Jkxiruk","F-03-05-06-06","髄膜刺激所見（項部硬直、Kernig徴候）を確認できる。","髄膜刺激所見を確認できる。","髄膜刺激所見を確認できる。","","別表に","","","","","（項部硬直、Kernig徴候）を削除(2022/2/7)(近藤)","対応しました","","","","","Kernig徴候：陰性尤度比が1に近く（陰性でも腰椎穿刺は必要）、k値も低い（判定が難しい）ので割愛で良いのでは？","を行い、異常の有無を指摘できる。","","","",""
"患者の情報収集","身体所見","","Jkxiruo","F-03-05-07-01","四肢と脊柱（弯曲、疼痛）の診察ができる。","四肢と脊柱（弯曲、疼痛）の診察ができる。","四肢と脊柱（弯曲、疼痛）の診察ができる。","","別表に","","","","","","技能で審議しこのままとしました","","","","","","の診察を行い、主な異常の有無を指摘できる。","","","",""
"患者の情報収集","身体所見","","Jkxiruw","F-03-05-07-02","関節（可動域、腫脹、疼痛、変形）の診察ができる。","関節（可動域、腫脹、疼痛、変形）の診察ができる。","関節（可動域、腫脹、疼痛、変形）の診察ができる。","","別表に","","","","","","技能で審議しこのままとしました","","","","","","の診察を行い、主な異常の有無を指摘できる。","","","",""
"患者の情報収集","身体所見","","Jkxiru0","F-03-05-07-03","筋骨格系の診察（徒手筋力テスト）ができる。","筋骨格系の診察（徒手筋力テスト）ができる。","筋骨格系の診察（徒手筋力テスト）ができる。","","別表に","","","","","","技能で審議しこのままとしました","","","","","","を行い、異常の有無を指摘できる。","","","",""
"患者の情報収集","身体所見","主要診療科[@tbl:主要診療科]において必要な診察ができる。","Jkxiru4","G-04-02-01-04,G-04-02-02-04,G-04-02-03-04,G-04-02-04-04,G-04-02-05-04,G-04-02-06-04,G-04-02-07-04,G-04-02-08-04,G-04-02-09-04,G-04-02-10-04,G-04-02-11-04,G-04-02-13-03,G-04-02-14-04,G-04-02-15-04,G-04-01-01-05,G-04-01-03-06,F-03-05-08-06,G-04-01-04-06","該当診療科の基本的な診察技能について学ぶ。,該当診療科の基本的な診察技能について学ぶ。,該当診療科の基本的な診察技能について学ぶ。,該当診療科の基本的な診察技能について学ぶ。,該当診療科の基本的な診察技能について学ぶ。,該当診療科の基本的な診察技能について学ぶ。,該当診療科の基本的な診察技能について学ぶ。,該当診療科の基本的な診察技能について学ぶ。,該当診療科の基本的な診察技能について学ぶ。,該当診療科の基本的な診察技能について学ぶ。,該当診療科の基本的な診察技能について学ぶ。,該当診療科の基本的な診察技能について学ぶ。,該当診療科の基本的な診察技能について学ぶ。,該当診療科の基本的な診察技能について学ぶ。,基本的な内科的診察技能について学ぶ。,基本的な小児科診察技能について学ぶ。,基本的な小児科診察ができる。,基本的な婦人科診察技能について学ぶ。","主要診療科[^table:主要診療科]における診察ができる。","主要診療科[^table:主要診療科]における診察ができる。","主要診療科[@tbl:主要診療科]において必要な診察ができる。","「主要診療科における診察」が何を指すのかわかりにくいと考え、「必要な診察」としました。","",2.0,"","主要診療科[@tbl:主要診療科]において必要な診察ができる。","以下から統合(脳神経外科,泌尿器科,麻酔科,リハビリテーション科,眼科,歯科口腔外科,皮膚科,病理診断科,臨床検査科,放射線科,耳鼻咽喉科,形成外科,整形外科,その他)(近藤)","基本診療科は別表に記載される診療科を指します。","別テーブルによる記載は冗長な繰り返しを避ける意味で良い考えだと思います","「診療技能」という言葉が抽象的","11から40までの診察技能とはまた別に何か必要な診察技能があるということでしょうか？それであれば明記したほうがよいのでは？","","基本診療科の定義が不明（新専門医制度の基本19領域を指すのであれば、広すぎて不適）では？","基本診療科[^table:基本診療科]において・・・・・・・。』の記述ですが、主に記載されている診察以外に各診療科の診察で、将来、何科に進むにも大切な診察を教えてほしい意味で、記載されていたと思います。現在のところ、主な診察手技の記載では、皮膚所見が見当たりません？？が、それ以外は、ほぼ診察は網羅されて記載されているように思われます。救急、等他も、現在記載されているもので大丈夫であれば、この項目は削除でもよいと思ますが、このような経過があったと思いますので、報告いたします。
その後も何度か　基本診療科[^table:基本診療科]において　　・・・　が出てきます。鑑別、検査、治療等。","","診療技能、が何をさすのかが難しいですね","",""
"患者情報の統合、分析と評価、診療計画","カルテ記載","適切に患者の情報を収集し、問題志向型医療記録<POMR>を作成できる。","Jkxiru8","F-03-03-na-01,G-03-01-na-16","適切に患者の情報を収集し、問題志向型医療記録<POMR>を作成できる。,診療録（カルテ）を作成する。","適切に患者の情報を収集し、問題志向型医療記録（POMR）を作成できる。","適切に患者の情報を収集し、問題志向型医療記録<POMR>を作成できる。","適切に患者の情報を収集し、問題志向型医療記録（POMR）を作成できる。","ママ","",1.0,"","適切に患者の情報を収集し、問題志向型医療記録<POMR>を作成できる。","","","","","","","","","","","",""
"患者情報の統合、分析と評価、診療計画","カルテ記載","診療経過をSOAP（主観的所見・客観的所見・評価・計画）で記載できる。","JkxirvA","F-03-03-na-02","診療経過を主観的所見・客観的所見・評価・計画<SOAP>で記載できる。","診療経過をSOAP（主観的所見・客観的所見・評価・計画）で記載できる。","診療経過を主観的所見・客観的所見・評価・計画<SOAP>で記載できる。","診療経過をSOAP（主観的所見・客観的所見・評価・計画）で記載できる。","ママ","",2.0,"","診療経過をSOAP（主観的所見・客観的所見・評価・計画）で記載できる。","","","","","","","","","","","",""
"患者情報の統合、分析と評価、診療計画","カルテ記載","過去の診療経過をまとめて診療録に記載できる","JkxirvE","","","過去の診療経過をまとめて診療録に記載できる。","過去の診療経過をまとめて診療録に記載できる","過去の診療経過をまとめて診療録に記載できる。","ママ","",1.0,"","過去の診療経過をまとめて診療録に記載できる","カルテ→診療録(2022/2/7)(近藤),新設、第2層「情報収集」に存在した第3層「検査結果」及び「治療経過」は過去の資料の収集を意図したものであったため、「カルテ記載」に移動した(近藤)","病歴・身体所見に加えて過去の情報の収集ということを意図しました","情報チームと協働して、電子カルテへの記載についても考えてください
（診療技能としてのカルテ記載は技能、電カルについての技能や態度は情報になるとは思いますが、相互に参照できるようなあるとベターです）","","","","","カルテ記載は、診療参加の本幹であり、強調してもよいのではとおもいました。定期的にサマリーを記載できる。などは、教える立場の意識改革にもつながり重要なのでは。本当は、退院総括が理想ですが。","","サマリーという意味でしょうか？あえて新設した意義は？","",""
"患者情報の統合、分析と評価、診療計画","臨床推論","主要症候[@tbl:主要症候]について原因と病態生理を理解している。","JkxirvI","F-01-01-na-01,F-01-02-na-01,F-01-03-na-01,F-01-04-na-01,F-01-05-na-01,F-01-06-na-01,F-01-07-na-01,F-01-08-na-01,F-01-09-na-01,F-01-10-na-01,F-01-11-na-01,F-01-12-na-01,F-01-13-na-01,F-01-14-na-01,F-01-15-na-01,F-01-16-na-01,F-01-17-na-01,F-01-18-na-01,F-01-19-na-01,F-01-20-na-01,F-01-21-na-01,F-01-22-na-01,F-01-23-na-01,F-01-24-na-01,F-01-25-na-01,F-01-26-na-01,F-01-27-na-01,F-01-28-na-01,F-01-29-na-01,F-01-30-na-01,F-01-31-na-01,F-01-32-na-01,F-01-33-na-01,F-01-34-na-01,F-01-35-na-01,F-01-36-na-01,F-01-37-na-01,F-03-01-na-04,G-04-01-03-01","発熱の原因と病態生理を説明できる。,全身倦怠感の原因と病態生理を説明できる。,食思(欲)不振の原因と病態生理を説明できる。,体重減少・体重増加の原因と病態生理を説明できる。,ショックの原因と病態生理を説明できる。,心停止の原因と病態生理を説明できる。,意識障害・失神の原因と病態生理を説明できる。,けいれんの原因と病態生理を説明できる。,めまいの原因と病態生理を説明できる。,脱水の原因と病態生理を説明できる。,浮腫の原因と病態生理を説明できる。,発疹の原因と病態生理を説明できる。,咳・痰の原因と病態生理を説明できる。,血痰・喀血の原因と病態生理を説明できる。,呼吸困難の原因と病態生理を説明できる。,胸痛の原因と病態生理を説明できる。,動悸の原因と病態生理を説明できる。,胸水の原因と病態生理を説明できる。,嚥下困難・障害の原因と病態生理を説明できる。,腹痛の原因と病態生理を説明できる。,悪心・嘔吐の原因と病態生理を説明できる。,吐血・下血の原因と病態生理を説明できる。,便秘・下痢の原因と病態生理を説明できる。,黄疸の原因と病態生理を説明できる。,腹部膨隆（腹水を含む）・腫瘤の原因と病態生理を説明できる。,貧血の原因と病態生理を説明できる。,リンパ節腫脹の原因と病態生理を説明できる。,尿量・排尿の異常の原因と病態生理を説明できる。,血尿・タンパク尿の原因と病態生理を説明できる。,月経異常の原因と病態生理を説明できる。,不安・抑うつの原因と病態生理を説明できる。,もの忘れの原因と病態生理を説明できる。,頭痛の原因と病態生理を説明できる。,運動麻痺・筋力低下の原因と病態生理を説明できる。,腰背部痛の原因と病態生理を説明できる。,関節痛・関節腫脹の原因と病態生理を説明できる。,外傷・熱傷の病態生理を説明できる。,主要疾患の症例に関して、診断・治療計画を立案できる。,主訴からの診断推論を組み立てる、又はたどる。","主要症候[^table:主要症候]について原因と病態生理を説明できる。","主要症候[^table:主要症候]について原因と病態生理を説明できる。","主要症候[@tbl:主要症候]について原因と病態生理を理解している。","説明できる→理解しているに変更","",2.0,"","主要症候[@tbl:主要症候]について原因と病態生理を理解している。","知識の症候もまとめた症状・症候のテーブルを作ることを検討(2022/2/7)(近藤)","基本症候は別表に記載されます","","","「基本症候」が「F/G（多臓器にまたがる症状・症候）」に限定されないような書き方が必要。単一臓器がメインとなる他の重要な症状・症候がDに含まれる予定なので。あるいは、「基本症候」としてDとF/Gに含まれる全ての（症状・）症候を列挙する必要がある。","","","","","","",""
"患者情報の統合、分析と評価、診療計画","臨床推論","主要症候[@tbl:主要症候]について鑑別診断を検討し、診断の要点を説明できる。","JkxirvM","F-01-01-na-02,F-01-02-na-02,F-01-03-na-02,F-01-04-na-02,F-01-05-na-02,F-01-06-na-02,F-01-07-na-02,F-01-08-na-02,F-01-09-na-02,F-01-10-na-02,F-01-11-na-02,F-01-12-na-02,F-01-13-na-02,F-01-14-na-02,F-01-15-na-02,F-01-16-na-02,F-01-17-na-02,F-01-18-na-02,F-01-19-na-02,F-01-20-na-02,F-01-21-na-02,F-01-22-na-02,F-01-23-na-02,F-01-24-na-02,F-01-25-na-02,F-01-26-na-02,F-01-27-na-02,F-01-28-na-02,F-01-29-na-02,F-01-30-na-02,F-01-31-na-02,F-01-32-na-02,F-01-33-na-02,F-01-34-na-02,F-01-35-na-02,F-01-36-na-02,F-01-37-na-02,G-02-01-na-01,G-02-01-na-02,G-02-01-na-03,G-02-01-na-04,G-02-01-na-05,G-02-01-na-06,G-02-01-na-07,G-02-01-na-08,G-02-02-na-01,G-02-02-na-02,G-02-02-na-03,G-02-02-na-04,G-02-02-na-05,G-02-02-na-06,G-02-02-na-07,G-02-02-na-08,G-02-02-na-09,G-02-02-na-10,G-02-03-na-01,G-02-03-na-02,G-02-03-na-03,G-02-03-na-04,G-02-03-na-05,G-02-04-na-01,G-02-04-na-02,G-02-04-na-03,G-02-04-na-04,G-02-04-na-05,G-02-04-na-06,G-02-04-na-07,G-02-04-na-08,G-02-04-na-09,G-02-04-na-10,G-02-04-na-11,G-02-05-na-01,G-02-05-na-02,G-02-05-na-03,G-02-05-na-04,G-02-05-na-05,G-02-05-na-06,G-02-05-na-07,G-02-05-na-08,G-02-05-na-09,G-02-05-na-10,G-02-05-na-11,G-02-06-na-01,G-02-06-na-02,G-02-06-na-03,G-02-06-na-04,G-02-06-na-05,G-02-06-na-06,G-02-06-na-07,G-02-06-na-08,G-02-06-na-09,G-02-06-na-10,G-02-06-na-11,G-02-07-na-01,G-02-07-na-02,G-02-07-na-03,G-02-07-na-04,G-02-07-na-05,G-02-07-na-06,G-02-07-na-07,G-02-07-na-08,G-02-07-na-09,G-02-08-na-01,G-02-08-na-02,G-02-08-na-03,G-02-08-na-04,G-02-08-na-05,G-02-08-na-06,G-02-09-na-01,G-02-09-na-02,G-02-09-na-03,G-02-09-na-04,G-02-09-na-05,G-02-09-na-06,G-02-09-na-07,G-02-10-na-01,G-02-10-na-02,G-02-10-na-03,G-02-10-na-04,G-02-10-na-05,G-02-10-na-06,G-02-11-na-01,G-02-11-na-02,G-02-11-na-03,G-02-11-na-04,G-02-11-na-05,G-02-11-na-06,G-02-12-na-01,G-02-12-na-02,G-02-12-na-03,G-02-12-na-04,G-02-12-na-05,G-02-12-na-06,G-02-12-na-07,G-02-13-na-01,G-02-13-na-02,G-02-13-na-03,G-02-13-na-04,G-02-13-na-05,G-02-13-na-06,G-02-13-na-07,G-02-14-na-01,G-02-14-na-02,G-02-14-na-03,G-02-14-na-04,G-02-14-na-05,G-02-14-na-06,G-02-15-na-01,G-02-15-na-02,G-02-15-na-03,G-02-15-na-04,G-02-15-na-05,G-02-15-na-06,G-02-15-na-07,G-02-15-na-08,G-02-16-na-01,G-02-16-na-02,G-02-16-na-03,G-02-16-na-04,G-02-16-na-05,G-02-17-na-01,G-02-17-na-02,G-02-17-na-03,G-02-18-na-01,G-02-18-na-02,G-02-18-na-03,G-02-18-na-04,G-02-18-na-05,G-02-18-na-06,G-02-18-na-07,G-02-18-na-08,G-02-18-na-09,G-02-19-na-01,G-02-19-na-02,G-02-19-na-03,G-02-19-na-04,G-02-19-na-05,G-02-19-na-06,G-02-19-na-07,G-02-20-na-01,G-02-20-na-02,G-02-20-na-03,G-02-20-na-04,G-02-20-na-05,G-02-20-na-06,G-02-20-na-07,G-02-20-na-08,G-02-20-na-09,G-02-20-na-10,G-02-20-na-11,G-02-20-na-12,G-02-20-na-13,G-02-21-na-01,G-02-21-na-02,G-02-21-na-03,G-02-21-na-04,G-02-21-na-05,G-02-21-na-06,G-02-21-na-07,G-02-21-na-08,G-02-21-na-09,G-02-22-na-01,G-02-22-na-02,G-02-22-na-03,G-02-22-na-04,G-02-22-na-05,G-02-22-na-06,G-02-22-na-07,G-02-22-na-08,G-02-23-na-01,G-02-23-na-02,G-02-23-na-03,G-02-23-na-04,G-02-23-na-05,G-02-23-na-06,G-02-23-na-07,G-02-23-na-08,G-02-23-na-09,G-02-24-na-01,G-02-24-na-02,G-02-24-na-03,G-02-24-na-04,G-02-24-na-05,G-02-24-na-06,G-02-25-na-01,G-02-25-na-02,G-02-25-na-03,G-02-25-na-04,G-02-25-na-05,G-02-25-na-06,G-02-25-na-07,G-02-26-na-01,G-02-26-na-02,G-02-26-na-03,G-02-26-na-04,G-02-26-na-05,G-02-26-na-06,G-02-26-na-07,G-02-26-na-08,G-02-27-na-01,G-02-27-na-02,G-02-27-na-03,G-02-27-na-04,G-02-27-na-05,G-02-27-na-06,G-02-28-na-01,G-02-28-na-02,G-02-28-na-03,G-02-28-na-04,G-02-28-na-05,G-02-28-na-06,G-02-28-na-07,G-02-29-na-01,G-02-29-na-02,G-02-29-na-03,G-02-29-na-04,G-02-29-na-05,G-02-29-na-06,G-02-29-na-07,G-02-30-na-01,G-02-30-na-02,G-02-30-na-03,G-02-30-na-04,G-02-30-na-05,G-02-31-na-01,G-02-31-na-02,G-02-31-na-03,G-02-31-na-04,G-02-31-na-05,G-02-31-na-06,G-02-31-na-07,G-02-31-na-08,G-02-31-na-09,G-02-32-na-01,G-02-32-na-02,G-02-32-na-03,G-02-32-na-04,G-02-33-na-01,G-02-33-na-02,G-02-33-na-03,G-02-33-na-04,G-02-33-na-05,G-02-33-na-06,G-02-33-na-07,G-02-34-na-01,G-02-34-na-02,G-02-34-na-03,G-02-34-na-04,G-02-34-na-05,G-02-34-na-06,G-02-34-na-07,G-02-34-na-08,G-02-34-na-09,G-02-34-na-10,G-02-35-na-01,G-02-35-na-02,G-02-35-na-03,G-02-35-na-04,G-02-35-na-05,G-02-35-na-06,G-02-35-na-07,G-02-35-na-08,G-02-35-na-09,G-02-35-na-10,G-02-36-na-01,G-02-36-na-02,G-02-36-na-03,G-02-37-na-01,G-02-37-na-02,G-02-37-na-03,G-02-37-na-04,G-02-37-na-05,G-02-37-na-06,G-02-37-na-07,G-02-37-na-08,G-02-37-na-09,G-04-01-07-02","発熱をきたす疾患(群)を列挙し、診断の要点を説明できる。,全身倦怠感をきたす疾患(群)を列挙し、診断の要点を説明できる。,食思(欲)不振をきたす疾患(群)を列挙し、診断の要点を説明できる。,体重減少・体重増加をきたす疾患(群)を列挙し、診断の要点を説明できる。,ショックをきたす疾患(群)を列挙し、診断の要点を説明できる。,心停止をきたす疾患(群)を列挙し、診断の要点を説明できる。,意識障害・失神をきたす疾患(群)を列挙し、診断の要点を説明できる。,けいれんをきたす疾患(群)を列挙し、診断の要点を説明できる。,めまいをきたす疾患(群)を列挙し、診断の要点を説明できる。,脱水をきたす疾患(群)を列挙し、診断の要点を説明できる。,浮腫をきたす疾患(群)を列挙し、診断の要点を説明できる。,発疹をきたす疾患(群)を列挙し、診断の要点を説明できる。,咳・痰をきたす疾患(群)を列挙し、診断の要点を説明できる。,血痰・喀血をきたす疾患(群)を列挙し、診断の要点を説明できる。,呼吸困難をきたす疾患(群)を列挙し、診断の要点を説明できる。,胸痛をきたす疾患(群)を列挙し、診断の要点を説明できる。,動悸をきたす疾患(群)を列挙し、診断の要点を説明できる。,胸水をきたす疾患(群)を列挙し、診断の要点を説明できる。,嚥下困難・障害をきたす疾患(群)を列挙し、診断の要点を説明できる。,腹痛をきたす疾患(群)を列挙し、診断の要点を説明できる。,悪心・嘔吐をきたす疾患(群)を列挙し、診断の要点を説明できる。,吐血・下血をきたす疾患(群)を列挙し、診断の要点を説明できる。,便秘・下痢をきたす疾患(群)を列挙し、診断の要点を説明できる。,黄疸をきたす疾患(群)を列挙し、診断の要点を説明できる。,腹部膨隆（腹水を含む）・腫瘤をきたす疾患(群)を列挙し、診断の要点を説明できる。,貧血をきたす疾患(群)を列挙し、診断の要点を説明できる。,リンパ節腫脹をきたす疾患(群)を列挙し、診断の要点を説明できる。,尿量・排尿の異常をきたす疾患(群)を列挙し、診断の要点を説明できる。,血尿・タンパク尿をきたす疾患(群)を列挙し、診断の要点を説明できる。,月経異常をきたす疾患(群)を列挙し、診断の要点を説明できる。,不安・抑うつをきたす疾患(群)を列挙し、診断の要点を説明できる。,もの忘れをきたす疾患(群)を列挙し、診断の要点を説明できる。,頭痛をきたす疾患(群)を列挙し、診断の要点を説明できる。,運動麻痺・筋力低下をきたす疾患(群)を列挙し、診断の要点を説明できる。,腰背部痛をきたす疾患(群)を列挙し、診断の要点を説明できる。,関節痛・関節腫脹をきたす疾患(群)を列挙し、診断の要点を説明できる。,外傷・熱傷の診断の要点を説明できる。,感染症：肺炎,感染症：結核,感染症：尿路感染症,腫瘍：悪性リンパ腫,腫瘍：腎細胞癌,自己免疫：全身性エリテマトーデス<SLE>,自己免疫：炎症性腸疾患,環境：熱中症,感染症・炎症性：結核,感染症・炎症性：肝炎,精神：うつ病,精神：双極性障害,中毒性：アルコール依存症,中毒性：薬物依存症,内分泌・代謝：甲状腺機能亢進症,内分泌・代謝：甲状腺機能低下症,内分泌・代謝：更年期障害,腫瘍：悪性腫瘍全般,腫瘍：悪性腫瘍全般,消化器：機能性ディスペプシア<FD>,呼吸器：慢性閉塞性肺疾患<COPD>,循環器：心不全,精神：うつ病,（体重増加）急性：心不全,（体重増加）急性：ネフローゼ症候群,（体重増加）慢性：甲状腺機能低下症,（体重減少）腫瘍：悪性腫瘍全般,（体重減少）内分泌：糖尿病,（体重減少）内分泌：甲状腺機能亢進症,（体重減少）精神：うつ病,（体重減少）感染症：結核,（体重減少）自己免疫：炎症性腸疾患,（体重減少）消化器：慢性膵炎,（体重減少）中毒：アルコール依存症,循環血液量減少性：急性消化管出血,循環血液量減少性：大動脈瘤破裂,循環血液量減少性：熱傷,心原性：急性心筋梗塞,心原性：心筋炎,閉塞性：緊張性気胸,閉塞性：肺塞栓症,血液分布異常性：敗血症,血液分布異常性：急性膵炎,血液分布異常性：アナフィラキシー,血液分布異常性：脊髄損傷,心血管：急性心筋梗塞,心血管：急性大動脈解離,心血管：大動脈瘤破裂,呼吸器：緊張性気胸,呼吸器：外傷性気胸,神経原性：くも膜下出血,神経原性：頭部外傷,神経原性：脊髄損傷,自己免疫：アナフィラキシー,環境：熱中症,環境：寒冷による障害,脳原発性：くも膜下出血,脳原発性：頭蓋内血腫,脳原発性：脳炎,全身性：心筋梗塞,全身性：不整脈,全身性：肺塞栓症,全身性：てんかん,全身性：急性消化管出血,全身性：肝不全,脳血管障害：脳梗塞,中毒：薬物依存症,中毒：アルコール依存症,感染症：脳炎,感染症：脳症,感染症：熱性けいれん,末梢性：良性発作性頭位めまい症,中枢性：脳出血,中枢性：脳梗塞,失神性：不整脈,失神性：肺塞栓症,失神性：弁膜症,心因性：パニック障害,消化器：急性消化管出血,消化器：乳児下痢症,消化器：急性膵炎,内分泌・代謝：糖尿病,環境：熱中症,環境：熱傷,局所性：深部静脈血栓症,全身性：心不全,全身性：ネフローゼ症候群,全身性：慢性腎臓病,全身性：肝硬変,全身性：甲状腺機能低下症,感染症：ウイルス性発疹症（麻疹）,感染症：ウイルス性発疹症（風疹）,感染症：ウイルス性発疹症（水痘）,感染症：ウイルス性発疹症（ヘルペス）,アレルギー、自己免疫：蕁麻疹,アレルギー、自己免疫：薬疹,アレルギー、自己免疫：全身性エリテマトーデス<SLE>,感染症：気管支炎,感染症：肺炎,感染症：副鼻腔炎,腫瘍：肺癌,特発性：間質性肺疾患,自己免疫：気管支喘息,消化器：胃食道逆流症<GERD>,呼吸器：肺結核,呼吸器：肺癌,心血管系：僧帽弁膜症,心血管系：心不全,出血傾向：白血病,出血傾向：播種性血管内凝固<DIC>,呼吸器：肺塞栓症,呼吸器：急性呼吸促(窮)迫症候群<ARDS>,呼吸器：気管支喘息,呼吸器：慢性閉塞性肺疾患<COPD>,呼吸器：緊張性気胸,循環器：心不全,心因性：パニック障害,心因性：過換気症候群,呼吸器：肺塞栓症,呼吸器：気胸,循環器：急性冠症候群,消化器：胃食道逆流症<GERD>,心因性：パニック障害,循環器：不整脈,二次性：甲状腺機能亢進症,心因性：パニック障害,循環器：心不全,呼吸器：肺炎,呼吸器：肺結核,呼吸器：肺癌,消化器：肝硬変,消化器：急性膵炎,自己免疫：関節リウマチ,自己免疫：全身性エリテマトーデス<SLE>,腎・泌尿器：ネフローゼ症候群,神経：脳出血,神経：脳梗塞,呼吸器：扁桃炎,呼吸器：肺癌,消化器：胃食道逆流症<GERD>,消化器：食道癌,心因性：身体症状症,消化器：機能性ディスペプシア<FD>,消化器：過敏性腸症候群,消化器：炎症性腸疾患,消化器：消化性潰瘍,消化器：急性虫垂炎,消化器：胆石症,消化器：急性膵炎,消化器：腸閉塞,消化器：鼠径ヘルニア,泌尿・生殖器：尿路結石,泌尿・生殖器：流・早産,循環器：急性冠症候群,心因性：身体症状症,消化管：機能性ディスペプシア<FD>,消化管：腸閉塞,消化管：食中毒,循環器：急性心筋梗塞,神経：片頭痛,神経：脳出血,神経：くも膜下出血,神経：頭蓋内血腫,精神：うつ病,（吐血）食道：食道静脈瘤,（吐血）食道：食道癌,（吐血）胃：消化性潰瘍,（吐血）胃：胃癌,（下血）上部消化管：食道静脈瘤,（下血）上部消化管：消化性潰瘍,（下血）下部消化管：炎症性腸疾患,（下血）下部消化管：大腸癌,（便秘）機能性：過敏性腸症候群,（便秘）機能性：甲状腺機能低下症,（便秘）器質性：腸閉塞,（便秘）器質性：大腸癌,（下痢）炎症性：急性胃腸炎,（下痢）炎症性：炎症性腸疾患,（下痢）腸管運動異常：過敏性腸症候群,（下痢）腸管運動異常：甲状腺機能亢進症,（下痢）浸透圧性：慢性膵炎,抱合型：急性肝炎,抱合型：慢性肝炎,抱合型：肝硬変,抱合型：胆管炎,抱合型：膵癌,非抱合型：溶血性貧血,消化管：腸閉塞,消化管：大腸癌,腹水：肝硬変,腹水：ネフローゼ症候群,腹水：心不全,腫瘤：肝癌,腫瘤：卵巣嚢腫,鉄欠乏性貧血：消化性潰瘍,鉄欠乏性貧血：痔核,鉄欠乏性貧血：子宮筋腫,造血器腫瘍：白血病,造血器腫瘍：骨髄腫,二次性貧血：肝硬変,二次性貧血：慢性腎臓病,二次性貧血：アルコール依存症,感染症：ウイルス性発疹症（風疹）,感染症：ウイルス性発疹症（麻疹）,感染症：結核,自己免疫：全身性エリテマトーデス<SLE>,腫瘍：悪性リンパ腫,腫瘍：その他の悪性腫瘍全般,（多尿）：浸透圧利尿：糖尿病,（多尿）：中毒：薬剤性,（頻尿）畜尿障害：尿路感染症,（頻尿）畜尿障害：脊髄損傷,（頻尿）排出困難（排出障害）：前立腺肥大症,（頻尿）排出困難（排出障害）：尿路感染症,（頻尿）排出困難（排出障害）：前立腺癌,腎臓：糸球体腎炎症候群,腎臓：ネフローゼ症候群,腎臓：糖尿病腎症,腎臓：腎細胞癌,尿管、膀胱：尿路結石,尿管、膀胱：尿路感染症,尿管、膀胱：膀胱癌,無月経：妊娠,月経困難：月経困難症,月経困難：子宮内膜症,不正性器出血：子宮頸癌,不正性器出血：子宮体癌,一次性：うつ病,一次性：双極性障害,一次性：不安障害,二次性（不安障害）：甲状腺機能亢進症,二次性（不安障害）：悪性腫瘍全般,二次性（うつ病）：甲状腺機能低下症,二次性（うつ病）：認知症,二次性（うつ病）：Parkinson病,二次性（うつ病）：悪性腫瘍全般,血管：脳梗塞,変性：認知症,変性：Parkinson病,精神：うつ病,機能性：緊張型頭痛,機能性：片頭痛,症候性：髄膜炎,症候性：脳出血,症候性：くも膜下出血,症候性：緑内障,症候性：急性副鼻腔炎,脳病変：脳梗塞,脳病変：一過性脳虚血発作,脳病変：脳出血,脳病変：頭蓋内血腫,脊髄病変：脊髄損傷,脊髄病変：椎間板ヘルニア,末梢神経病変：糖尿病,神経筋接合部病変：肺癌,筋病変：甲状腺機能亢進症,筋病変：アルコール性中毒,呼吸器：肺癌,心血管：急性大動脈解離,消化器：胆石症,泌尿・生殖器：尿管結石,泌尿・生殖器：腎細胞癌,脊椎：椎間板ヘルニア,脊椎：変形性脊椎症,脊椎：脊柱管狭窄症,脊椎：脊椎圧迫骨折,脊椎：骨髄腫,単関節炎：痛風,多発関節炎：関節リウマチ,多発関節炎：全身性エリテマトーデス<SLE>,一次性：頭部外傷,一次性：骨折,一次性：外傷性気胸,一次性：脊髄損傷,一次性：熱傷,二次性：急性大動脈解離,二次性：脳出血,二次性：くも膜下出血,二次性：頭蓋内血腫,症候をベースとした診断推論を組み立てる、又はたどる。","主要症候[^table:主要症候]について鑑別診断を検討し、診断の要点を説明できる。","主要症候[^table:主要症候]について鑑別診断を検討し、診断の要点を説明できる。","主要症候[@tbl:主要症候]について鑑別診断を検討し、診断の要点を説明できる。","ママ。学生が症例検討会でプレゼンするイメージ。","",1.0,"","主要症候[^table:主要症候]について鑑別診断を検討し、診断の要点を説明できる。","知識の症候もまとめた症状・症候のテーブルを作ることを検討(2022/2/7)(近藤), 診断の要点と、鑑別診断を統合","基本症候は別表に記載されます","","","「基本症候」が「F/G（多臓器にまたがる症状・症候）」に限定されないような書き方が必要。単一臓器がメインとなる他の重要な症状・症候がDに含まれる予定なので。あるいは、「基本症候」としてDとF/Gに含まれる全ての（症状・）症候を列挙する必要がある。","","","","","","",""
"患者情報の統合、分析と評価、診療計画","臨床推論","","JkxirvQ","F-02-01-na-04","診断仮説を検証するために、診断仮説に基づいた情報収集を実施できる。","","削除:診断仮説を検証するために、診断仮説に基づいた情報収集を実施できる。","診断仮説に基づいて病歴を聴取し、情報を分析することができる。","臨床推論という言葉だけでは伝わっていない可能性がある？","","","","","","対応しました","","前半部分はなしでもよい","コミュ21・総合4と重複。総合4に反映されており、削除でよいのでは","","","","","","",""
"患者情報の統合、分析と評価、診療計画","臨床推論","","JkxirvU","F-03-01-na-01","基本的診療知識に基づき、症例に関する情報を収集・分析できる。","","削除:症例に関する情報を収集・分析できる。","診断仮説に基づいて身体診察を実施し、結果を解釈することができる。","臨床推論という言葉だけでは伝わっていない可能性がある？","","","","","具体的に何を示すか不明、削除も検討(近藤)","対応しました","上の項目と統合しては？","抽象的なので削除で良い","他の各項目で具体的に扱われており、削除でよいのでは。あるいは、一連の診断推論プロセスの学習目標は統合されたコンピテンシーとして扱ってよいと思いますので、47-50を統合して「診断仮説の生成と検証のために必要な情報を収集し、それを統合して鑑別診断や問題点の整理ができる」への変更を提案します。","","","前後とダブり不要そうです。","","","",""
"患者情報の統合、分析と評価、診療計画","臨床推論","","JkxirvY","F-03-01-na-02","得られた情報を基に、その症例の問題点を抽出できる。","","削除:得られた情報を基に、その症例の問題点を抽出できる。","","","","","","","","対応しました","「症例の」がいいでしょうか「患者の」がいいでしょうか","同上","48参照","","","","","","",""
"患者情報の統合、分析と評価、診療計画","臨床推論","","Jkxirvc","F-03-01-na-03","病歴と身体所見等の情報を統合して、鑑別診断ができる。","","削除:病歴と身体所見等の情報を統合して、鑑別診断ができる。","","","","","","","","対応しました","","同上","48参照","","","","","","",""
"患者情報の統合、分析と評価、診療計画","臨床推論","主要診療科[@tbl:主要診療科]で主訴からの診断推論を組み立てられる。","Jkxirvg","F-03-05-08-01,G-04-01-01-01,G-04-01-03-01,G-04-01-04-03,G-04-01-05-01,G-04-02-01-01,G-04-02-02-01,G-04-02-03-01,G-04-02-04-01,G-04-02-05-01,G-04-02-06-01,G-04-02-07-01,G-04-02-08-01,G-04-02-09-01,G-04-02-10-01,G-04-02-11-01,G-04-02-12-01,G-04-02-14-01,G-04-02-15-01","主訴からの診断推論を組み立てられる、又はたどることができる。,主訴からの診断推論を組み立てる、又はたどる。,主訴からの診断推論を組み立てる、又はたどる。,主訴からの診断推論を組み立てる、又はたどる。,主訴からの診断推論を組み立てる、又はたどる。,主訴からの診断推論を組み立てる、又はたどる。,主訴からの診断推論を組み立てる、又はたどる。,主訴からの診断推論を組み立てる、又はたどる。,主訴からの診断推論を組み立てる、又はたどる。,主訴からの診断推論を組み立てる、又はたどる。,主訴からの診断推論を組み立てる、又はたどる。,主訴からの診断推論を組み立てる、又はたどる。,主訴からの診断推論を組み立てる、又はたどる。,主訴からの診断推論を組み立てる、又はたどる。,主訴からの診断推論を組み立てる、又はたどる。,主訴からの診断推論を組み立てる、又はたどる。,主訴からの診断推論を組み立てる、又はたどる。,主訴からの診断推論を組み立てる、又はたどる。,主訴からの診断推論を組み立てる、又はたどる。","主要診療科[^table:主要診療科]でのそれぞれの状況を考慮して主訴からの診断推論を組み立てられる。","主要診療科[^table:主要診療科]でのそれぞれの状況を考慮して主訴からの診断推論を組み立てられる","主要診療科[@tbl:主要診療科]で主訴からの診断推論を組み立てられる。","「主要診療科でのそれぞれの状況」が何をさすのかが曖昧でわかりにくく感じました。","",2.0,"","主要診療科[@tbl:主要診療科]で主訴からの診断推論を組み立てられる。","以下から統合小児科,脳神経外科,,臨床検査科,耳鼻咽喉科,産婦人科,皮膚科,形成外科,整形外科,小児の診察,その他,泌尿器科,麻酔科,歯科口腔外科,眼科,病理診断科,放射線科,精神科,内科","技能で審議しこのままとしました","気持ちはわからなくもないのですが・・・「それぞれの状況を考慮して」の文節は必要でしょうか","","主訴となりうる症状・症候についての第４層で診断推論を扱っている（扱うことにする）ので、削除でよいのでは？","","","","","","","【宮地】「主要診療科でのそれぞれの状況」が何をさすのかが曖昧で、なぜ「主訴からの診断推論が組み立てられる」では不十分なのかを知りたい。"
"患者情報の統合、分析と評価、診療計画","臨床推論","主要診療科[@tbl:主要診療科]における疾患の病態や疫学を理解している。","Jkxirvk","F-03-05-08-02,G-04-01-01-02,G-04-01-03-02,G-04-01-04-04,G-04-01-05-02,G-04-02-01-02,G-04-02-02-02,G-04-02-03-02,G-04-02-04-02,G-04-02-05-02,G-04-02-06-02,G-04-02-07-02,G-04-02-08-02,G-04-02-09-02,G-04-02-10-02,G-04-02-11-02,G-04-02-13-01,G-04-02-14-02,G-04-02-15-02","疾患の病態や疫学を理解する。,疾患の病態や疫学を理解する。,疾患の病態や疫学を理解する。,疾患の病態や疫学を理解する。,疾患の病態や疫学を理解する。,疾患の病態や疫学を理解する。,疾患の病態や疫学を理解する。,疾患の病態や疫学を理解する。,疾患の病態や疫学を理解する。,疾患の病態や疫学を理解する。,疾患の病態や疫学を理解する。,疾患の病態や疫学を理解する。,疾患の病態や疫学を理解する。,疾患の病態や疫学を理解する。,疾患の病態や疫学を理解する。,疾患の病態や疫学を理解する。,疾患の病態や疫学を理解する。,疾患の病態や疫学を理解する。,疾患の病態や疫学を理解する。","主要診療科[^table:主要診療科]における疾患の病態や疫学を説明できる。","主要診療科[^table:主要診療科]における疾患の病態や疫学を説明できる","主要診療科[@tbl:主要診療科]における疾患の病態や疫学を理解している。","説明できる→理解している","",2.0,"","主要診療科[@tbl:主要診療科]における疾患の病態や疫学を理解している。","以下から統合、小児科,脳神経外科,臨床検査科,耳鼻咽喉科,産婦人科,皮膚科,形成外科,整形外科,小児の診察,その他,泌尿器科,麻酔科,歯科口腔外科,眼科,病理診断科,リハビリテーション科,放射線科,精神科,内科","技能で審議しこのままとしました","","","コアカリで扱われるべき疾患・症候群に関しては個別に病態や疫学が説明できるという第４層が立っているので（そうでないならそのようにすることを提案）、削除でよいのでは？","","","","","","",""
"患者情報の統合、分析と評価、診療計画","臨床推論","","Jkxirvo","G-04-01-01-04,G-04-01-06-01","複数の臓器にまたがる問題を統合する視点を獲得する。,病歴・身体診察を重視した診断推論（診断がつかない場合を含む）を組み立てる、又はたどる。","鑑別を複数の観点（頻度・重症度・緊急度等）で整理することができる。","鑑別を複数の観点(頻度・重症度・緊急度など)で整理することができる","","総合４と重複","",2.0,"","","","技能で審議しこのままとしました","総合にも同様の記載がありましたので、協議をお願いします","","総合2.7と重複しており削除？","","他所で行うので削除で良いのでは？","","","総合と重複します","",""
"患者情報の統合、分析と評価、診療計画","臨床推論","","Jkxirvs","G-04-01-03-01","主訴からの診断推論を組み立てる、又はたどる。","","削除:主訴からの診断推論を組み立てる、又はたどる。","","","","","","","「基本症候[^table:基本症候]について鑑別診断を検討し、診断の要点を説明できる」に統合(2022/2/7)(近藤)","対応しました","又はたどる・・・組み立てるとどう違う？
そもそもここに出す必要は？","46と同じ？","削除でよいのでは","","他所で行うので削除で良いのでは？","統合できそうです。","","46とかさなる気がします","",""
"患者情報の統合、分析と評価、診療計画","臨床推論","","Jkxirv0","G-04-01-04-02","女性の健康問題に関する理解を深める。","","削除:女性の健康問題に関する理解を深める。","","","","","","","社会へ(2022/2/7)(近藤)","対応しました","","社会と重なる","「性差による健康問題についての理解を深める」男性の健康問題もあるでしょうし、女性の不平等については社会54で扱われています","","臨床推論で女性だけを取り上げるのは不自然。この括りだと、男性、小児、高齢者、それぞれの外国居住歴が長い人、など切りがなくなる。他所に統合する場所を見つけたい","","女性の健康問題は限定しなくて大丈夫か要確認。","女性限定でなくてもいいと思いました","",""
"患者情報の統合、分析と評価、診療計画","臨床推論","","Jkxirv4","G-04-01-06-01","病歴・身体診察を重視した診断推論（診断がつかない場合を含む）を組み立てる、又はたどる。","病歴・身体診察を重視した診断推論（診断がつかない場合を含む）ができる。","病歴・身体診察を重視した診断推論（診断がつかない場合を含む）ができる。","","44,45を上記のように変更する","",2.0,"","","又はたどるを削除(2022/2/7)(近藤)","できる、としました","又はたどる、という表現・・・なぜ又書き？","削除で良い","削除","","専門的すぎるので削除で良いのでは？","","","54とわける意義はありますでしょうか","",""
"患者情報の統合、分析と評価、診療計画","臨床推論","","Jkxirv8","G-04-01-07-01","呼吸、循環を安定化するための初期治療を学ぶ。","","削除:呼吸、循環を安定化するための初期治療を学ぶ。","","","","","","","初期対応に統合(2022/2/7)(近藤)","対応しました","","知識と重なる","知識313.315でショックと心停止の初期治療は扱われている。技能でより一般的に扱うなら「初期治療を指導医とともに実施できる」であったほうがよい。","","他所（救急あたり）に統合で良いのでは？","","","","",""
"患者情報の統合、分析と評価、診療計画","臨床推論","","JkxirwA","G-04-01-07-02","症候をベースとした診断推論を組み立てる、又はたどる。","","削除:症候をベースとした診断推論を組み立てる、又はたどる。","","","","","","","「基本症候[^table:基本症候]について鑑別診断を検討し、診断の要点を説明できる。」に統合","対応しました","","削除で良い","削除","","他所で行うので削除で良いのでは？","","","46と重なる","",""
"患者情報の統合、分析と評価、診療計画","検査(計画・分析評価)","","JkxirwE","F-03-05-08-05,G-04-01-03-05","小児の成長・発達の評価に可能な範囲で参加できる。,小児の成長・発達の評価に可能な範囲で参加する。","","削除:小児の成長・発達の評価を評価できる。","","","","","","","身体所見と検査結果の2要素ありそう（小松）","対応しました","知識（旧E-7, E-8）チームと整合を
あるいは総合チームに受け渡したかと思います","総合と重なる","〜成長・発達を評価できる。","","他所で行うので削除で良いのでは？","","","総合と重なります","",""
"患者情報の統合、分析と評価、診療計画","検査(計画・分析評価)","主要な臨床・画像検査の目的と意義を理解し、診断仮説の検証に最低限必要な検査項目を選択して、結果を解釈できる","JkxirwI","F-02-03-na-01","臨床検査の目的と意義を説明でき、必要最小限の検査項目を選択できる。","臨床検査の目的と意義を説明でき、必要最小限の検査項目を選択できる。","臨床検査の目的と意義を説明でき、必要最小限の検査項目を選択できる。","主要な臨床・画像検査の目的と意義を理解し、診断仮説の検証に最低限必要な検査項目を選択して、結果を解釈できる","診断仮説との関連性を明確にしてはいかがでしょうか","",2.0,"","主要な臨床・画像検査の目的と意義を理解し、診断仮説の検証に最低限必要な検査項目を選択して、結果を解釈できる","第3層を検査の計画、分析、評価でまとめてしまうか。","技能で審議しこのままとしました","","65以下に具体的な臨床検査の項目をあげるのであれば、この項目は第３層？","","","他所で行うので削除で良いのでは？","","","以下に各論があるので61-63はあえて入れなくていい気がします","","【宮地】44,45と並べては？また、診断仮説との関連性を明確にして「〜を理解し、診断仮説の検証に最低限必要な検査項目を選択して、結果を解釈できる」ところまで求めるのはどうか？"
"患者情報の統合、分析と評価、診療計画","検査(計画・分析評価)","主要な臨床・画像検査の正しい検体採取方法と検体保存方法を理解している。","JkxirwM","F-02-03-na-02","臨床検査の正しい検体採取方法と検体保存方法を説明できる。","臨床検査の正しい検体採取方法と検体保存方法を説明できる。","臨床検査の正しい検体採取方法と検体保存方法を説明できる。","主要な臨床・画像検査の正しい検体採取方法と検体保存方法を理解している。","説明できる→理解しているに変更","",2.0,"","主要な臨床・画像検査の正しい検体採取方法と検体保存方法を理解している。","","技能で審議しこのままとしました","","同上","","","他所で行うので削除で良いのでは？","","","","",""
"患者情報の統合、分析と評価、診療計画","検査(計画・分析評価)","主要な臨床・画像検査の安全な実施方法（患者確認と検体確認、検査の合併症、感染症予防、精度管理）を理解している。","JkxirwQ","F-02-03-na-03","臨床検査の安全な実施方法（患者確認と検体確認、検査の合併症、感染症予防、精度管理）を説明できる。","臨床検査の安全な実施方法（患者確認と検体確認、検査の合併症、感染症予防、精度管理）を説明できる。","臨床検査の安全な実施方法（患者確認と検体確認、検査の合併症、感染症予防、精度管理）を説明できる。","主要な臨床・画像検査の安全な実施方法（患者確認と検体確認、検査の合併症、感染症予防、精度管理）を理解している。","説明できる→理解しているに変更","",2.0,"","主要な臨床・画像検査の安全な実施方法（患者確認と検体確認、検査の合併症、感染症予防、精度管理）を理解している。","","技能で審議しこのままとしました","上の項目と統合","同上","","","他所で行うので削除で良いのでは？","","","","",""
"患者情報の統合、分析と評価、診療計画","検査(計画・分析評価)","主要な臨床・画像検査の特性（感度、特異度、偽陽性、偽陰性、検査前確率・検査後確率、尤度比、ROC曲線）と判定基準（基準値・基準範囲、カットオフ値、パニック値）を理解している。","JkxirxE","F-02-03-na-04,F-02-03-na-07,F-03-04-na-01","臨床検査の特性（感度、特異度、偽陽性、偽陰性、検査前確率（事前確率）・検査後確率（事後確率）、尤度比、receiver operating characteristic <ROC>曲線）と判定基準（基準値・基準範囲、カットオフ値、パニック値）を説明できる。,病態を推察する基本的検査と確定診断のための検査の意義・相違点を理解・説明できる。,臨床疫学的指標（感度・特異度、尤度比等）を考慮して、必要十分な検査を挙げ、症例における検査結果の臨床的意義を解釈できる。","臨床検査の特性（感度、特異度、偽陽性、偽陰性、検査前確率（事前確率）・検査後確率（事後確率）、尤度比、ROC曲線）と判定基準（基準値・基準範囲、カットオフ値、パニック値）を説明できる。","臨床検査の特性（感度、特異度、偽陽性、偽陰性、検査前確率（事前確率）・検査後確率（事後確率）、尤度比、receiver operating characteristic <ROC>曲線）と判定基準（基準値・基準範囲、カットオフ値、パニック値）を説明できる。","主要な臨床・画像検査の特性（感度、特異度、偽陽性、偽陰性、検査前確率・検査後確率、尤度比、ROC曲線）と判定基準（基準値・基準範囲、カットオフ値、パニック値）を理解している。","一部削除。説明できる→理解しているに変更","",2.0,"","主要な臨床・画像検査の特性（感度、特異度、偽陽性、偽陰性、検査前確率・検査後確率、尤度比、ROC曲線）と判定基準（基準値・基準範囲、カットオフ値、パニック値）を理解している。","","技能で審議しこのままとしました","","","他の検査が「結果を解釈できる」レベルまで求めており、「〜を説明し、結果を解釈して、診断推論や治療・検査方針の決定に適用できる」レベルまで求めては？","","","実践レベルまで必要そうです。","","","",""
"患者情報の統合、分析と評価、診療計画","検査(計画・分析評価)","主要な臨床・画像検査の生理的変動、測定誤差、精度管理、ヒューマンエラーについて理解している。","JkxirxI","F-02-03-na-05","臨床検査の生理的変動、測定誤差、精度管理、ヒューマンエラーを説明できる。","臨床検査の生理的変動、測定誤差、精度管理、ヒューマンエラーを説明できる。","臨床検査の生理的変動、測定誤差、精度管理、ヒューマンエラーを説明できる。","主要な臨床・画像検査の生理的変動、測定誤差、精度管理、ヒューマンエラーについて理解している。","説明できる→理解しているに変更","",2.0,"","主要な臨床・画像検査の生理的変動、測定誤差、精度管理、ヒューマンエラーについて理解している。","","技能で審議しこのままとしました","","","","","","実践レベルまで必要そうです。","","","",""
"患者情報の統合、分析と評価、診療計画","検査(計画・分析評価)","患者に応じた検査値特性を理解し、結果を解釈できる。","JkxirxM","F-02-03-na-06","小児、高齢者、妊産婦の検査値特性を説明し、結果を解釈できる。","患者に応じた検査値特性を説明し、結果を解釈できる。","患者に応じた検査値特性を説明し、結果を解釈できる。","患者に応じた検査値特性を理解し、結果を解釈できる。","説明→理解","",2.0,"","患者に応じた検査値特性を理解し、結果を解釈できる。","","技能で審議しこのままとしました","","","","","漠然としているので削除で良いのでは？","実践レベルまで必要そうです。","","","",""
"患者の情報収集","身体所見","主要な臨床・画像検査[@tbl:主要な臨床・画像検査]の目的と適応を理解し、解釈できる。","","F-02-03-na-08,F-02-03-na-11,F-02-13-na-02,F-02-03-na-14,G-03-02-na-04,F-02-03-na-13,F-02-03-na-15,F-02-03-na-10,F-02-04-na-03,F-02-04-na-04,F-02-04-na-01,F-02-03-na-09,F-02-03-na-12,F-02-07-na-01,F-02-07-na-02,F-02-07-na-05,F-02-05-na-01,F-02-05-na-02,F-02-06-na-01,F-02-06-na-02","血算、凝固・線溶検査、尿・糞便検査、生化学検査の目的と適応を説明し、結果を解釈できる。,免疫血清学検査、輸血検査の目的と適応を説明し、結果を解釈できる。,血液型(ABO、RhD)検査、血液交差適合（クロスマッチ）試験、不規則抗体検査を説明できる。,動脈血ガス分析、経皮的酸素飽和度モニターの目的と適応を説明し、結果を解釈できる。,妊娠反応検査を実施できる。,細菌学検査（細菌の塗抹、培養、同定、薬剤感受性試験）の目的と適応を説明し、結果を解釈できる。,脳脊髄液・胸水・腹水検査の目的と適応を説明し、結果を解釈できる。,病理組織検査、細胞診検査、フローサイトメトリの意義を説明できる。,術中迅速診断の利点、欠点を説明できる。,デジタル画像を用いた病理診断（遠隔診断を含む）の利点、欠点を説明できる。,病理診断、細胞診の適切な検体の取扱い、標本作製及び診断過程が説明できる。,染色体・遺伝子検査の目的と適応を説明し、結果を解釈できる。,生体機能検査（心電図、心臓機能検査、呼吸機能検査、超音波検査、内分泌・代謝機能検査、脳波検査、針筋電図検査、末梢神経伝導検査）の目的と適応を説明し、結果を解釈できる。,超音波機器の種類と原理を説明できる。,超音波検査法の種類を列挙し、概説できる。,超音波の生体作用と安全性を説明できる。,エックス線撮影、コンピュータ断層撮影<CT>、磁気共鳴画像法<MRI>と核医学検査の原理を説明できる。,エックス線撮影、コンピュータ断層撮影<CT>、磁気共鳴画像法<MRI>と核医学検査の読影の基本を説明できる。,内視鏡機器の種類と原理を説明できる。,内視鏡検査法の種類を列挙し、概説できる。","","","主要な臨床・画像検査[@tbl:主要な臨床・画像検査]の目的と適応を理解し、解釈できる。","新設","",2.0,"","主要な臨床・画像検査[@tbl:主要な臨床・画像検査]の目的と適応を理解し、解釈できる。","","","","","","","","","","","",""
"患者情報の統合、分析と評価、診療計画","検査(計画・分析評価)","","JkxirwY","F-02-03-na-08","血算、凝固・線溶検査、尿・糞便検査、生化学検査の目的と適応を説明し、結果を解釈できる。","血算、凝固・線溶検査、尿・糞便検査、生化学検査の目的と適応を説明し、結果を解釈できる。","血算、凝固・線溶検査、尿・糞便検査、生化学検査の目的と適応を説明し、結果を解釈できる。","","別表に","","","","","","技能で審議しこのままとしました","61列に項目を記載すればここで個別は不要","61-63が「臨床検査」となっているのに、ここで具体的な血液検査の項目が出てくると、レイヤーの異なりが目立つ","","","他所で行うので削除で良いのでは？","","","","",""
"患者情報の統合、分析と評価、診療計画","検査(計画・分析評価)","","Jkxirwc","F-02-03-na-11","免疫血清学検査、輸血検査の目的と適応を説明し、結果を解釈できる。","免疫血清学検査、輸血検査の目的と適応を説明し、結果を解釈できる。","免疫血清学検査、輸血検査の目的と適応を説明し、結果を解釈できる。","","別表に","","","","","計画と解釈両方を含んでいる(近藤)","技能で審議しこのままとしました","61列に項目を記載すればここで個別は不要","","","","統合というより知識。他所へ統合∴ここでは削除で良いのでは？","","","","",""
"患者情報の統合、分析と評価、診療計画","検査(計画・分析評価)","","Jkxir08","F-02-13-na-02","血液型(ABO、RhD)検査、血液交差適合（クロスマッチ）試験、不規則抗体検査を説明できる。","血液型（ABO、RhD）検査、血液交差適合（クロスマッチ）試験、不規則抗体検査を説明できる。","血液型(ABO、RhD)検査、血液交差適合（クロスマッチ）試験、不規則抗体検査を説明できる。","","別表に","","","","","","技能で審議しこのままとしました","","","実習で行っており、学生の医行為にも入っているので、「実施できる」でよいのでは。","","","","","","",""
"患者情報の統合、分析と評価、診療計画","検査(計画・分析評価)","","JkxirxY","F-02-03-na-14","動脈血ガス分析、経皮的酸素飽和度モニターの目的と適応を説明し、結果を解釈できる。","動脈血ガス分析の目的と適応を説明し、結果を解釈できる。","動脈血ガス分析の目的と適応を説明し、結果を解釈できる。","","別表に","","","","","経皮的酸素飽和度モニターについては身体所見に移動を(近藤)","技能で審議しこのままとしました","","","","","統合というより知識。他所へ統合∴ここでは削除で良いのでは？で良いのでは？","","","","",""
"患者情報の統合、分析と評価、診療計画","検査(計画・分析評価)","","Jkxiryk","G-03-02-na-04","妊娠反応検査を実施できる。","妊娠反応検査が必要な状況とその解釈を説明できる。","妊娠反応検査が必要な状況とその解釈を説明できる。","","別表に","","","","","治療計画から移動(近藤)(2022/2/14)","技能で審議しこのままとしました","・・説明でき、実演できる","","","","","","","","",""
"患者情報の統合、分析と評価、診療計画","検査(計画・分析評価)","","JkxirxU","F-02-03-na-13","細菌学検査（細菌の塗抹、培養、同定、薬剤感受性試験）の目的と適応を説明し、結果を解釈できる。","細菌学検査（細菌の塗抹、培養、同定、薬剤感受性試験）の目的と適応を説明し、結果を解釈できる。","細菌学検査（細菌の塗抹、培養、同定、薬剤感受性試験）の目的と適応を説明し、結果を解釈できる。","","別表に","","","","","計画と解釈両方を含んでいる(近藤)","技能で審議しこのままとしました","","「結果を解釈できる」はしっくりきます","","","統合というより知識。他所へ統合∴ここでは削除で良いのでは？","","","","",""
"患者情報の統合、分析と評価、診療計画","検査(計画・分析評価)","","Jkxirxc","F-02-03-na-15","脳脊髄液・胸水・腹水検査の目的と適応を説明し、結果を解釈できる。","脳脊髄液・胸水・腹水検査の目的と適応を説明し、結果を解釈できる。","脳脊髄液・胸水・腹水検査の目的と適応を説明し、結果を解釈できる。","","別表に","","","","","計画と解釈両方を含んでいる(近藤)","技能で審議しこのままとしました","","","","","統合というより知識。他所へ統合∴ここでは削除で良いのでは？","","","","",""
"患者情報の統合、分析と評価、診療計画","検査(計画・分析評価)","","Jkxirwk","F-02-03-na-10,F-02-04-na-03,F-02-04-na-04","病理組織検査、細胞診検査、フローサイトメトリの意義を説明できる。,術中迅速診断の利点、欠点を説明できる。,デジタル画像を用いた病理診断（遠隔診断を含む）の利点、欠点を説明できる。","病理組織検査や細胞診検査（術中迅速診断を含む）の意義を説明できる。","病理組織検査や細胞診検査（術中迅速診断を含む）の意義を説明できる。","","別表に","","","","","フローサイトメトリーは知識への移行を考慮(近藤)(2022/2/14)","フローサイトメトリーは削除し、技能で審議しこのままとしました","61列に項目を記載すればここで個別は不要
フローサイトメトリーをわざわざ書く理由がない（恐らく昭和コアカリの遺物）","「説明できる」でよいか？","","","統合というより知識。他所へ統合∴ここでは削除で良いのでは？","","","","",""
"患者情報の統合、分析と評価、診療計画","検査(計画・分析評価)","","Jkxirxg","F-02-04-na-01","病理診断、細胞診の適切な検体の取扱い、標本作製及び診断過程が説明できる。","病理診断、細胞診の適切な検体の取扱い、標本作製及び診断過程が説明できる。","病理診断、細胞診の適切な検体の取扱い、標本作製及び診断過程が説明できる。","","別表に","","","","","計画と解釈両方を含んでいる(近藤)","技能で審議しこのままとしました","","","","","統合というより知識。他所へ統合∴ここでは削除で良いのでは？","","","","",""
"患者情報の統合、分析と評価、診療計画","検査(計画・分析評価)","","Jkxirwg","F-02-03-na-09","染色体・遺伝子検査の目的と適応を説明し、結果を解釈できる。","染色体・遺伝子検査の目的と適応を説明し、結果を解釈できる。","染色体・遺伝子検査の目的と適応を説明し、結果を解釈できる。","","別表に","","","","","","技能で審議しこのままとしました","61列に項目を記載すればここで個別は不要","","","","統合というより知識。他所へ統合∴ここでは削除で良いのでは？","","","","",""
"患者情報の統合、分析と評価、診療計画","検査(計画・分析評価)","","JkxirxQ","F-02-03-na-12","生体機能検査（心電図、心臓機能検査、呼吸機能検査、超音波検査、内分泌・代謝機能検査、脳波検査、針筋電図検査、末梢神経伝導検査）の目的と適応を説明し、結果を解釈できる。","生体機能検査（心電図、心臓機能検査、呼吸機能検査、超音波検査、内分泌・代謝機能検査、脳波検査、針筋電図検査、末梢神経伝導検査）の目的と適応を説明し、結果を解釈できる。","生体機能検査（心電図、心臓機能検査、呼吸機能検査、超音波検査、内分泌・代謝機能検査、脳波検査、針筋電図検査、末梢神経伝導検査）の目的と適応を説明し、結果を解釈できる。","","別表に","","","","","計画と解釈両方を含んでいる(近藤)","技能で審議しこのままとしました","上の７５と統合","","","","統合というより知識。他所へ統合∴ここでは削除で良いのでは？","","","","",""
"患者情報の統合、分析と評価、診療計画","検査(計画・分析評価)","","JkxirxA","F-02-07-na-01,F-02-07-na-02,F-02-07-na-05","超音波機器の種類と原理を説明できる。,超音波検査法の種類を列挙し、概説できる。,超音波の生体作用と安全性を説明できる。","超音波検査の適応を説明できる。","超音波検査の適応を説明できる。","","別表に","","","","","超音波検査の適応を説明できるに修正を提案(近藤)","技能で審議しこのままとしました","読影も","「説明できる」でよいか？","79に統合、削除","","統合というより知識。他所へ統合∴ここでは削除で良いのでは？","","","適応を述べるだけなら知識ではないでしょうか","エコーか超音波か、コアカリ全体で統一。",""
"患者情報の統合、分析と評価、診療計画","検査(計画・分析評価)","","Jkxirxs","F-02-07-na-03","主な疾患、病態のエコー像を概説できる。","","削除:主な疾患、病態のエコー像を説明できる。","","別表に","","","","","基本的臨床手技に統合(近藤)(2022/2/14)","対応しました","「主要な疾患において読影できる（あるいは解釈できる）」まで求めてもいいと思います","","主な疾患・病態とは何か、主な疾患や病態で超音波検査は必須なのか、などいろいろ疑問があります。超音波検査が診断や治療において重要となる疾患・病態において、超音波検査を含めた画像検査の特徴を説明できることを明記すべきでは。","","統合というより知識。他所へ統合∴ここでは削除で良いのでは？","","","","",""
"患者情報の統合、分析と評価、診療計画","検査(計画・分析評価)","","Jkxirws","F-02-04-na-03","術中迅速診断の利点、欠点を説明できる。","","削除:術中迅速診断の利点、欠点を説明できる。","","別表に","","","","","","対応しました","利点欠点は病理医に任せて、学生レベルでは術中迅速診断がどのような場面で使われ、どのように利用されているかを説明できるでよいのでは","「説明できる」でよいか？","","","統合というより知識。他所へ統合∴ここでは削除で良いのでは？","","","68と重ならないでしょうか","",""
"患者情報の統合、分析と評価、診療計画","検査(計画・分析評価)","","Jkxirww","F-02-04-na-04","デジタル画像を用いた病理診断（遠隔診断を含む）の利点、欠点を説明できる。","","削除:デジタル画像を用いた病理診断（遠隔診断を含む）の利点、欠点を説明できる。","","別表に","","","","","","対応しました","同上。
利点欠点を学生が説明できる意味はないのでは","「説明できる」でよいか？","","","統合というより知識。他所へ統合∴ここでは削除で良いのでは？","","","遠隔診療なら情報でしょうか","",""
"患者情報の統合、分析と評価、診療計画","検査(計画・分析評価)","","Jkxirw0","F-02-04-na-05","病理解剖の医療における位置付けと法的事項、手続等を説明できる。","","削除:病理解剖の医療における位置付けと法的事項、手続等を説明できる。","","別表に","","","","","","対応しました","参加するという方略的な経験目標は・・・","「説明できる」でよいか？","","","統合というより知識。他所へ統合∴ここでは削除で良いのでは？","","","","",""
"患者情報の統合、分析と評価、診療計画","検査(計画・分析評価)","","Jkxirw4","F-02-05-na-01","エックス線撮影、コンピュータ断層撮影<CT>、磁気共鳴画像法<MRI>と核医学検査の原理を説明できる。","エックス線撮影、CT、MRIと核医学検査の適応を説明できる。","エックス線撮影、コンピュータ断層撮影<CT>、磁気共鳴画像法<MRI>と核医学検査の適応を説明できる。","","別表に","","","","","原理→適応に修正(近藤)(2022/2/14)","技能で審議しこのままとしました","原理の説明だけでなく、一定レベルまでの読影まで求めて（主要疾患のCT/MRIの読影ができる・・・等）下の84との統合しては","「説明できる」でよいか？","84と統合して削除？","","統合というより知識。他所へ統合∴ここでは削除で良いのでは？","","","原理だけなら知識でしょうか","",""
"患者情報の統合、分析と評価、診療計画","検査(計画・分析評価)","","Jkxirxk","F-02-05-na-02","エックス線撮影、コンピュータ断層撮影<CT>、磁気共鳴画像法<MRI>と核医学検査の読影の基本を説明できる。","エックス線撮影、CT、MRIと核医学検査の基本的な読影ができる。","エックス線撮影、コンピュータ断層撮影<CT>、磁気共鳴画像法<MRI>と核医学検査の基本的な読影ができる。","","別表に","","","","","読影が説明できる→基本的な読影ができる(近藤)(2022/2/14)","読影できるとしました","「主要な疾患において読影できる（あるいは解釈できる）」まで求めてもいいと思います","","73と統合して「〜の原理、目的と適応を説明し、読影できる」としては？","","統合というより知識。他所へ統合∴ここでは削除で良いのでは？","","","73と統合でどうでしょうか","",""
"患者情報の統合、分析と評価、診療計画","検査(計画・分析評価)","","Jkxirw8","F-02-06-na-01,F-02-06-na-02","内視鏡機器の種類と原理を説明できる。,内視鏡検査法の種類を列挙し、概説できる。","内視鏡検査の適応を説明できる。","内視鏡検査の適応を説明できる","","別表に","","","","","内視鏡検査の適応を説明できるに修正を提案(近藤)","技能で審議しこのままとしました","読影も","「説明できる」でよいか？","他とあわせて「〜の適応を説明し、結果を解釈できる」としては？","","統合というより知識。他所へ統合∴ここでは削除で良いのでは？","","","適応を述べるだけなら知識ではないでしょうか","",""
"患者情報の統合、分析と評価、診療計画","検査(計画・分析評価)","","Jkxirxw","F-03-04-na-01","臨床疫学的指標（感度・特異度、尤度比等）を考慮して、必要十分な検査を挙げ、症例における検査結果の臨床的意義を解釈できる。","","削除:臨床疫学的指標（感度・特異度、尤度比等）を考慮して、検査計画を立てられる。","","","","","","","「臨床検査の特性（感度、特異度、偽陽性、偽陰性、検査前確率（事前確率）・検査後確率（事後確率）、尤度比、receiver operating characteristic <ROC>曲線）と判定基準（基準値・基準範囲、カットオフ値、パニック値）を説明できる。」に統合(近藤)(2022/2/14)","対応しました","７６と重複","７６と重なる","76に統合、削除？","","","","","76と重複","",""
"患者情報の統合、分析と評価、診療計画","治療(計画・経過の評価)","主要症候[@tbl:主要症候]について初期対応を計画し、専門的診療が必要かどうかを考えることができる。","Jkxirx0","F-01-01-na-03,F-01-02-na-03,F-01-03-na-03,F-01-04-na-03,F-01-05-na-03,F-01-06-na-03,F-01-07-na-03,F-01-08-na-03,F-01-09-na-03,F-01-10-na-03,F-01-11-na-03,F-01-12-na-03,F-01-13-na-03,F-01-14-na-03,F-01-15-na-03,F-01-16-na-03,F-01-17-na-03,F-01-18-na-03,F-01-19-na-03,F-01-20-na-03,F-01-21-na-03,F-01-22-na-03,F-01-23-na-03,F-01-24-na-03,F-01-25-na-03,F-01-26-na-03,F-01-27-na-03,F-01-28-na-03,F-01-29-na-03,F-01-30-na-03,F-01-31-na-03,F-01-32-na-03,F-01-33-na-03,F-01-34-na-03,F-01-35-na-03,F-01-36-na-03,F-01-37-na-03,F-03-01-na-04","発熱がある患者の治療の要点を説明し、専門的治療が必要な状態を概説できる。,全身倦怠感がある患者の治療の要点を説明し、専門的治療が必要な状態を概説できる。,食思(欲)不振がある患者の治療の要点を説明し、専門的治療が必要な状態を概説できる。,体重減少・体重増加がある患者の治療の要点を説明し、専門的治療が必要な状態を概説できる。,ショック状態にある患者の治療の要点を説明し、専門的治療が必要な状態を概説できる。,心停止患者の治療の要点を説明し、専門的治療が必要な状態を概説できる。,意識障害・失神がある患者の治療の要点を説明し、専門的治療が必要な状態を概説できる。,けいれんがある患者の治療の要点を説明し、専門的治療が必要な状態を概説できる。,めまいがある患者の治療の要点を説明し、専門的治療が必要な状態を概説できる。,脱水がある患者の治療の要点を説明し、専門的治療が必要な状態を概説できる。,浮腫がある患者の治療の要点を説明し、専門的治療が必要な状態を概説できる。,発疹がある患者の治療の要点を説明し、専門的治療が必要な状態を概説できる。,咳・痰がある患者の治療の要点を説明し、専門的治療が必要な状態を概説できる。,血痰・喀血がある患者の治療の要点を説明し、専門的治療が必要な状態を概説できる。,呼吸困難がある患者の治療の要点を説明し、専門的治療が必要な状態を概説できる。,胸痛がある患者の治療の要点を説明し、専門的治療が必要な状態を概説できる。,動悸がある患者の治療の要点を説明し、専門的治療が必要な状態を概説できる。,胸水がある患者の治療の要点を説明し、専門的治療が必要な状態を概説できる。,嚥下困難・障害がある患者の治療の要点を説明し、専門的治療が必要な状態を概説できる。,腹痛がある患者の治療の要点を説明し、専門的治療が必要な状態を概説できる。,悪心・嘔吐がある患者の治療の要点を説明し、専門的治療が必要な状態を概説できる。,吐血・下血がある患者の治療の要点を説明し、専門的治療が必要な状態を概説できる。,便秘・下痢がある患者の治療の要点を説明し、専門的治療が必要な状態を概説できる。,黄疸がある患者の治療の要点を説明し、専門的治療が必要な状態を概説できる。,腹部膨隆（腹水を含む）・腫瘤がある患者の治療の要点を説明し、専門的治療が必要な状態を概説できる。,貧血がある患者の治療の要点を説明し、専門的治療が必要な状態を概説できる。,リンパ節腫脹がある患者の治療の要点を説明し、専門的治療が必要な状態を概説できる。,尿量・排尿の異常がある患者の治療の要点を説明し、専門的治療が必要な状態を概説できる。,血尿・タンパク尿がある患者の治療の要点を説明し、専門的治療が必要な状態を概説できる。,月経異常がある患者の治療の要点を説明し、専門的治療が必要な状態を概説できる。,不安・抑うつがある患者の治療の要点を説明し、専門的治療が必要な状態を概説できる。,もの忘れがある患者の治療の要点を説明し、専門的治療が必要な状態を概説できる。,頭痛がある患者の治療の要点を説明し、専門的治療が必要な状態を概説できる。,運動麻痺・筋力低下がある患者の治療の要点を説明し、専門的治療が必要な状態を概説できる。,腰背部痛がある患者の治療の要点を説明し、専門的治療が必要な状態を概説できる。,関節痛・関節腫脹がある患者の治療の要点を説明し、専門的治療が必要な状態を概説できる。,外傷・熱傷がある患者の治療の要点を説明し、専門的治療が必要な状態を概説できる。,主要疾患の症例に関して、診断・治療計画を立案できる。","主要症候[^table:主要症候]について初期対応を計画し、専門的治療が必要な状態を説明できる。","主要症候[^table:主要症候]について初期対応を計画し、専門的治療が必要な状態を説明できる。","主要症候[@tbl:主要症候]について初期対応を計画し、専門的診療が必要かどうかを考えることができる。","日本語をわかりやすく修正","",2.0,"","主要症候[@tbl:主要症候]について初期対応を計画し、専門的診療が必要かどうかを考えることができる。","何症候とするかが難しく●●と仮にした(近藤)(2022/2/14)治療の要点とあったが、まだ「症候」の状態であり初期対応に変更。また初期対応を説明→初期対応を計画とした(Doesに近づけるため)(近藤)","基本症候は別表に記載されます","","","「基本症候」が「F/G（多臓器にまたがる症状・症候）」に限定されないような書き方が必要。単一臓器がメインとなる他の重要な症状・症候がDに含まれる予定なので。あるいは、「基本症候」としてDとF/Gに含まれる全ての（症状・）症候を列挙する必要がある。","","","","","","",""
"患者情報の統合、分析と評価、診療計画","治療(計画・経過の評価)","","Jkxirx4","F-02-01-na-07","治療やマネジメントに関して意思決定するために、患者側と情報共有や摺り合わせをすることができる。","患者ケアに関して情報共有や摺り合わせをすることができる。","患者ケアに関して情報共有や摺り合わせをすることができる。","","コミュ24と重複","",2.0,"","","","患者ケアに関してとしました","「治療に関して」と単純化してはいかがでしょうか
患者と情報共有や擦り合わせを行うことがマネジメントだと思います","","コミュ23、総合13、15と重複。「治療やマネジメントに関し、患者や家族との情報共有や意見の摺り合わせ、適切な説明を実施することで、患者の理解と同意を踏まえた意思決定を支援することができる。」","","他所で行うので削除で良いのでは？","","","コミュにあります","",""
"患者情報の統合、分析と評価、診療計画","治療(計画・経過の評価)","服薬の基本・アドヒアランスについて理解している。","Jkxiry4","F-02-08-na-11","処方箋の書き方、服薬の基本・アドヒアランスを説明できる。","処方箋の書き方、服薬の基本・アドヒアランスを説明できる。","処方箋の書き方、服薬の基本・アドヒアランスを説明できる。","服薬の基本・アドヒアランスについて理解している。","説明→理解
処方箋は切り離し","",2.0,"","服薬の基本・アドヒアランスについて理解している。","","技能で審議しこのままとしました","処方箋については、「発行はできない」が、下書きなどは可能ですので「実演できる」など適切な動詞を考えてください","","卒業の時点で処方箋は書ける必要があると思いますので、「指導医とともに処方箋を作成することができる」と「服薬の基本・アドヒアランスを説明できる」にわけては？","","","を理解し、処方計画を提案できる","","","",""
"患者情報の統合、分析と評価、診療計画","治療(計画・経過の評価)","処方箋の下書きを作成することができる","","","","","","処方箋の下書きを作成することができる","新設","",2.0,"","処方箋の下書きを作成することができる","","","","","","","","","","","",""
"患者情報の統合、分析と評価、診療計画","治療(計画・経過の評価)","薬の薬理作用、適応、有害事象、投与時の注意事項について理解している。","JkxiryY","F-02-08-na-04","各臓器系統（中枢・末梢神経、循環器、呼吸器、消化器、腎泌尿器、血液、内分泌等）に作用する薬の薬理作用、適応、有害事象、投与時の注意事項を説明できる。","各臓器系統（中枢・末梢神経、循環器、呼吸器、消化器、腎泌尿器、血液、内分泌等）に作用する薬の薬理作用、適応、有害事象、投与時の注意事項を説明できる。","各臓器系統（中枢・末梢神経、循環器、呼吸器、消化器、腎泌尿器、血液、内分泌等）に作用する薬の薬理作用、適応、有害事象、投与時の注意事項を説明できる。","薬の薬理作用、適応、有害事象、投与時の注意事項について理解している。","日本語を短く変更。理解→説明","",2.0,"","薬の薬理作用、適応、有害事象、投与時の注意事項について理解している。","","技能で審議しこのままとしました","薬剤に関しては、説明できるだけでなく（臨床実習で）処方計画をたてる、くらいまでは目標としてほしいです","","","","","注意事項を理解し、処方計画を提案できる","","","臓器の具体名は不要かもしれません。",""
"患者情報の統合、分析と評価、診療計画","治療(計画・経過の評価)","年齢や臓器障害に応じた薬物動態の特徴を考慮した薬剤投与の注意点について理解している。","Jkxiryw","F-02-08-na-09","年齢や臓器障害に応じた薬物動態の特徴を考慮して薬剤投与の注意点を説明できる。","年齢や臓器障害に応じた薬物動態の特徴を考慮して薬剤投与の注意点を説明できる。","年齢や臓器障害に応じた薬物動態の特徴を考慮して薬剤投与の注意点を説明できる。","年齢や臓器障害に応じた薬物動態の特徴を考慮した薬剤投与の注意点について理解している。","理解→説明","",2.0,"","年齢や臓器障害に応じた薬物動態の特徴を考慮した薬剤投与の注意点について理解している。","","技能で審議しこのままとしました","","","「考慮した」","","","注意事項を理解し、処方計画を提案できる","","","",""
"患者情報の統合、分析と評価、診療計画","治療(計画・経過の評価)","薬物動態的相互作用について理解している。","Jkxiry0","F-02-08-na-10","薬物動態的相互作用について例を挙げて説明できる。","薬物動態的相互作用について例を挙げて説明できる。","薬物動態的相互作用について例を挙げて説明できる。","薬物動態的相互作用について理解している。","なぜここだけ「例を挙げて」なのか？","",2.0,"","薬物動態的相互作用について理解している。","","技能で審議しこのままとしました","","","","","","理解し、処方計画を提案できる","","知識と重なります","",""
"患者情報の統合、分析と評価、診療計画","治療(計画・経過の評価)","使用禁忌、特定条件下での薬物使用（アンチ・ドーピング等）について理解している。","JkxirzE","F-02-08-na-14","ポリファーマシー、使用禁忌、特定条件下での薬物使用（アンチ・ドーピング等）を説明できる。","ポリファーマシー、使用禁忌、特定条件下での薬物使用（アンチ・ドーピング等）を説明できる。","ポリファーマシー、使用禁忌、特定条件下での薬物使用（アンチ・ドーピング等）を説明できる。","使用禁忌、特定条件下での薬物使用（アンチ・ドーピング等）について理解している。","理解→説明
ポリファーマシーは総合８にあるので削除","",2.0,"","使用禁忌、特定条件下での薬物使用（アンチ・ドーピング等）について理解している。","","技能で審議しこのままとしました","","","ポリファーマシーは総合8で扱われている","","","を理解し、処方計画を提案できる","","","","【宮地】総合８は「ポリファーマシーとその介入方法を理解している」でほとんどかぶりますが、いいか？"
"患者情報の統合、分析と評価、診療計画","治療(計画・経過の評価)","主な薬物アレルギーの症候、診察、診断、予防策と対処法について理解している。","JkxiryU","F-02-08-na-02","主な薬物アレルギーの症候、診察、診断を列挙し、予防策と対処法を説明できる。","主な薬物アレルギーの症候、診察、診断を列挙し、予防策と対処法を説明できる。","主な薬物アレルギーの症候、診察、診断を列挙し、予防策と対処法を説明できる。","主な薬物アレルギーの症候、診察、診断、予防策と対処法について理解している。","理解→説明","",2.0,"","主な薬物アレルギーの症候、診察、診断、予防策と対処法について理解している。","","技能で審議しこのままとしました","重篤（あるいは重要）なものに対して対処法を「実演」できる","","","","","説明できる。を、指導医とともに実践できる。？","","","",""
"患者情報の統合、分析と評価、診療計画","治療(計画・経過の評価)","薬物の蓄積、耐性、タキフィラキシー※、依存について理解している。","JkxiryQ","F-02-08-na-01,","薬物（オピオイドを含む）の蓄積、耐性、タキフィラキシー、依存、習慣性や嗜癖を説明できる。,{not found: }","薬物の蓄積、耐性、タキフィラキシー※、依存を説明できる。","薬物の蓄積、耐性、タキフィラキシー、依存を説明できる。","薬物の蓄積、耐性、タキフィラキシー※、依存について理解している。","理解→説明","",2.0,"","薬物の蓄積、耐性、タキフィラキシー※、依存について理解している。","(オピオイドを含む)(近藤)(2022/2/14)","嗜好は削除しました","薬剤の嗜好とはどのようなことを想定しているのでしょうか？嗜好は不要では？","","","","","","","","",""
"患者情報の統合、分析と評価、診療計画","治療(計画・経過の評価)","抗腫瘍薬の適応、有害事象、投与時の注意事項について理解している。","Jkxiryg","F-02-08-na-06","抗腫瘍薬の適応、有害事象、投与時の注意事項を説明できる。","抗腫瘍薬の適応、有害事象、投与時の注意事項を説明できる。","抗腫瘍薬の適応、有害事象、投与時の注意事項を説明できる。","抗腫瘍薬の適応、有害事象、投与時の注意事項について理解している。","理解→説明","",2.0,"","抗腫瘍薬の適応、有害事象、投与時の注意事項について理解している。","","技能で審議しこのままとしました","抗がん剤はさすがに学生からは外しておくほうが無難か（治療計画はたてていいと思うけど）","","","","","注意事項を理解し、処方計画を提案できる","","知識とかさなります（どちらかに統一）","",""
"患者情報の統合、分析と評価、診療計画","治療(計画・経過の評価)","抗微生物薬の薬理作用、適応、有害事象、投与時の注意事項について理解している。","Jkxiryc","F-02-08-na-05","抗微生物薬の薬理作用、適応、有害事象、投与時の注意事項を説明できる。","抗微生物薬の薬理作用、適応、有害事象、投与時の注意事項を説明できる。","抗微生物薬の薬理作用、適応、有害事象、投与時の注意事項を説明できる。","抗微生物薬の薬理作用、適応、有害事象、投与時の注意事項について理解している。","理解→説明","",2.0,"","抗微生物薬の薬理作用、適応、有害事象、投与時の注意事項について理解している。","","技能で審議しこのままとしました","同上","","","","","注意事項を理解し、処方計画を提案できる","","知識と重なります（どちらかに統一？）","",""
"患者情報の統合、分析と評価、診療計画","治療(計画・経過の評価)","","Jkxirys","F-02-08-na-08","主な薬物の有害事象を概説できる。","","削除:主な薬物の有害事象を説明できる。","","","","","","","他の項目で有害事象について扱っているため削除(近藤)(2022/2/14)","対応しました","","","96, 97, 98, 100, 105で有害事象を扱っていますが、これ以外に「主な薬剤」があるわけではないなら、これは削除でよいのでは。あるいは、B-03-01-na-05「副作用と有害事象の違い、報告の意義（医薬品・医療機器等安全性情報報告制度等）を説明できる。」の行き先がないので、それをここにはめ込む？","","","注意事項を理解し、処方計画を提案できる","","","",""
"患者情報の統合、分析と評価、診療計画","治療(計画・経過の評価)","麻薬性鎮痛薬・鎮静薬の適応、有害事象、投与時の注意事項について理解している。","Jkxiryo","F-02-08-na-07,F-02-16-na-05","麻薬性鎮痛薬・鎮静薬の適応、有害事象、投与時の注意事項を説明できる。,オピオイドの適応と課題を説明できる。","麻薬性鎮痛薬・鎮静薬の適応、有害事象、投与時の注意事項を説明できる。","麻薬性鎮痛薬・鎮静薬の適応、有害事象、投与時の注意事項を説明できる。","麻薬性鎮痛薬・鎮静薬の適応、有害事象、投与時の注意事項について理解している。","理解→説明","",2.0,"","麻薬性鎮痛薬・鎮静薬の適応、有害事象、投与時の注意事項について理解している。","","技能で審議しこのままとしました","薬剤に関しては、説明できるだけでなく（臨床実習で）処方計画をたてる、くらいまでは目標としてほしいです","","オピオイドには麻薬性鎮痛薬と麻薬拮抗性鎮痛薬が含まれますが、非オピオイド性麻薬（ケタミンなど）もありますので、ここで麻薬性鎮痛薬だけ取り上げるのは偏りがありますし、ほかでオピオイドとして扱われていることとも齟齬があります。オピオイドについては技能157で扱っているので、ここは「鎮静薬の〜」だけでよいのでは？","","","注意事項を理解し、処方計画を提案できる","","","",""
"患者情報の統合、分析と評価、診療計画","治療(計画・経過の評価)","分子標的薬・バイオ医薬の薬理作用と有害事象について理解している。","Jkxiry8","F-02-08-na-12","分子標的薬の薬理作用と有害事象を説明できる。","分子標的薬の薬理作用と有害事象を説明できる。","分子標的薬の薬理作用と有害事象を説明できる。","分子標的薬・バイオ医薬の薬理作用と有害事象について理解している。","理解→説明
知識90との重複から「バイオ医薬」を追記","",2.0,"","分子標的薬・バイオ医薬の薬理作用と有害事象について理解している。","","技能で審議しこのままとしました","この薬は説明程度でOKだと思います","","","","","","","知識と重なります","",""
"患者情報の統合、分析と評価、診療計画","治療(計画・経過の評価)","漢方医学の特徴や、主な和漢薬（漢方薬）の適応、薬理作用について理解している。","JkxirzA","F-02-08-na-13","漢方医学の特徴や、主な和漢薬（漢方薬）の適応、薬理作用を概説できる。","漢方医学の特徴や、主な和漢薬（漢方薬）の適応、薬理作用を説明できる。","漢方医学の特徴や、主な和漢薬（漢方薬）の適応、薬理作用を説明できる。","漢方医学の特徴や、主な和漢薬（漢方薬）の適応、薬理作用について理解している。","理解→説明","",2.0,"","漢方医学の特徴や、主な和漢薬（漢方薬）の適応、薬理作用について理解している。","","技能で審議しこのままとしました","この薬は概説程度でOKだと思います","","","","","理解し、処方計画を提案できる","","","",""
"患者情報の統合、分析と評価、診療計画","治療(計画・経過の評価)","主な放射線治療法の適応を理解している。","Jkxirx8","F-02-05-na-03,F-02-05-na-04","放射線治療の原理を説明し、主な放射線治療法を列挙できる。,放射線診断・治療による利益と不利益を説明できる。","主な放射線治療法の適応を説明できる。","主な放射線治療法の適応を説明できる。","主な放射線治療法の適応を理解している。","理解→説明","",2.0,"","主な放射線治療法の適応を理解している。","","","","","","","","","","","",""
"患者情報の統合、分析と評価、診療計画","治療(計画・経過の評価)","","JkxiryA","F-02-05-na-04","放射線診断・治療による利益と不利益を説明できる。","","削除:放射線診断・治療による利益と不利益を説明できる。","","","","","","","(主な放射線治療法の適応を説明できる。)に統合(近藤)(2022/2/14)","","","","","","","","","","",""
"患者情報の統合、分析と評価、診療計画","治療(計画・経過の評価)","インターベンショナルラジオロジー（IVR）※について理解している。","JkxiryE","F-02-05-na-05","インターベンショナルラジオロジー（画像誘導下治療）を概説できる。","インターベンショナルラジオロジー（IVR）※を説明できる。","インターベンショナルラジオロジー（画像誘導下治療）を説明できる。","インターベンショナルラジオロジー（IVR）※について理解している。","理解→説明","",2.0,"","インターベンショナルラジオロジー（IVR）※について理解している。","","技能で審議しこのままとしました","概説でいい？説明できるくらいは学生に求めては","","","","","","","","",""
"患者情報の統合、分析と評価、診療計画","治療(計画・経過の評価)","内視鏡を用いる治療の概要を理解している。","JkxiryI","F-02-06-na-03","内視鏡を用いる治療を概説できる。","内視鏡を用いる治療を説明できる。","内視鏡を用いる治療を説明できる。","内視鏡を用いる治療の概要を理解している。","理解→説明","",2.0,"","内視鏡を用いる治療の概要を理解している。","内視鏡治療の適応を説明できるに修正を提案(近藤)","技能で審議しこのままとしました","91,92,93を一つずつ独立させる必要はないのでは？","","","","","","","","",""
"患者情報の統合、分析と評価、診療計画","治療(計画・経過の評価)","超音波を用いる治療の概要を理解している。","JkxiryM","F-02-07-na-04","超音波を用いる治療を概説できる。","超音波を用いる治療を説明できる。","超音波を用いる治療を説明できる。","超音波を用いる治療の概要を理解している。","理解→説明","",2.0,"","超音波を用いる治療の概要を理解している。","","技能で審議しこのままとしました","","","","","","","","","",""
"患者情報の統合、分析と評価、診療計画","治療(計画・経過の評価)","","JkxirzI","F-02-09-01-01","清潔の概念と必要性を説明できる。","","削除:清潔の概念と必要性を説明できる。","要検討","OSCEの評価項目にもなっている箇所であることに加えて、身体所見・検査項目についてはかなり詳細に第４層に記述することとの整合性","","","","","基本的臨床手技に統合(近藤)(2022/2/14)","削除しました","清潔操作とする方がわかりやすいです。
この項目は説明できるだけで卒業させてはなりません","","実施できるレベルがすでにPost CC OSCE等でも評価されていますし、「清潔の概念と必要性を説明し、実施できる」としては","","","を理解し、実践できる","","実践レベルだと思います","",""
"患者情報の統合、分析と評価、診療計画","治療(計画・経過の評価)","","JkxirzM","F-02-09-01-02","手洗いの意味と手技を説明できる。","","削除:手洗いの意味と手技を説明できる。","要検討","同上","","","","","","削除しました","行う（DO）の動詞に置き換え","","同上で、「〜を説明し、実施できる」","","","を理解し、実践できる","","実践レベルだと思います","",""
"患者情報の統合、分析と評価、診療計画","治療(計画・経過の評価)","","JkxirzQ","F-02-09-01-03","ガウンテクニックの必要性と手技を説明できる。","","削除:ガウンテクニックの必要性と手技を説明できる。","要検討","同上","","","","","","削除しました","行う（DO）の動詞に置き換え","","同上で、「〜を説明し、実施できる」","","","を理解し、実践できる","","実践レベルだと思います","",""
"患者情報の統合、分析と評価、診療計画","治療(計画・経過の評価)","被覆材の種類と適応、効果について理解している。","JkxirzU","F-02-09-01-05,F-02-09-01-04","消毒の意味と方法を説明でき、被覆材の種類と適応、効果を説明できる。,創傷治癒のメカニズムを説明できる。","被覆材の種類と適応、効果を説明できる。","被覆材の種類と適応、効果を説明できる。","被覆材の種類と適応、効果について理解している。","理解→説明","",2.0,"","被覆材の種類と適応、効果について理解している。","「消毒の意味と方法を説明でき、」を削除(近藤)(2022/2/14)","消毒をなくし被覆材のみとしました","現状、消毒という概念そのものが変わっているのに、コアカリは昭和のまま→書き換え
創治癒の原則を説明でき、実演できる","","","","","を理解し、実践できる","","","",""
"患者情報の統合、分析と評価、診療計画","治療(計画・経過の評価)","","Jkxir24","F-02-09-01-04","創傷治癒のメカニズムを説明できる。","","削除:創傷治癒のメカニズムを説明できる。","","","","","","","「被覆材の種類と適応、効果を説明できる。」に統合","対応しました","111行と統合してください","","","","","を理解し、管理できる。","","","",""
"患者情報の統合、分析と評価、診療計画","治療(計画・経過の評価)","外科的治療の適応と合併症について理解している。","JkxirzY","F-02-09-01-06","外科的治療の適応と合併症を説明できる。","外科的治療の適応と合併症を説明できる。","外科的治療の適応と合併症を説明できる。","外科的治療の適応と合併症について理解している。","理解→説明","",2.0,"","外科的治療の適応と合併症について理解している。","","技能で審議しこのままとしました","個々の疾患において、外科的治療の適応について指導医とともに判断ができ、主な合併症について概説できる","","","","","を理解し、基本的な治療計画を提案できる。？？","","","",""
"患者情報の統合、分析と評価、診療計画","治療(計画・経過の評価)","手術の危険因子とその対応の基本について理解している。","Jkxirzc","F-02-09-02-01","手術の危険因子を列挙し、その対応の基本を説明できる。","手術の危険因子を列挙し、その対応の基本を説明できる。","手術の危険因子を列挙し、その対応の基本を説明できる。","手術の危険因子とその対応の基本について理解している。","理解→説明","",2.0,"","手術の危険因子とその対応の基本について理解している。","","技能で審議しこのままとしました","手術の危険因子と対応の基本を説明できる","","","","","","","","",""
"患者情報の統合、分析と評価、診療計画","治療(計画・経過の評価)","主な術後合併症とその予防の基本について理解している。","Jkxirzg","F-02-09-02-03","主な術後合併症を列挙し、その予防の基本を説明できる。","主な術後合併症を列挙し、その予防の基本を説明できる。","主な術後合併症を列挙し、その予防の基本を説明できる。","主な術後合併症とその予防の基本について理解している。","理解→説明","",2.0,"","主な術後合併症とその予防の基本について理解している。","","技能で審議しこのままとしました","手術の合併症とその予防について説明できる（概説かなぁ）","","","","","","","","",""
"患者情報の統合、分析と評価、診療計画","治療(計画・経過の評価)","手術に関するインフォームド・コンセントの注意点について理解している。","Jkxirzk","F-02-09-02-04","手術に関するインフォームド・コンセントの注意点を列挙できる。","手術に関するインフォームド・コンセントの注意点を列挙できる。","手術に関するインフォームド・コンセントの注意点を列挙できる。","手術に関するインフォームド・コンセントの注意点について理解している。","理解→説明","",2.0,"","手術に関するインフォームド・コンセントの注意点について理解している。","","技能で審議しこのままとしました","〜コンセントを指導医とともに得ることができる","","","","","を理解し、指導医の下で実践できる。？","","","",""
"患者情報の統合、分析と評価、診療計画","治療(計画・経過の評価)","周術期における事前のリスク評価について理解している。","Jkxirzo","F-02-09-02-05","周術期管理における事前のリスク評価を説明できる。","周術期における事前のリスク評価を説明できる。","周術期における事前のリスク評価を説明できる。","周術期における事前のリスク評価について理解している。","理解→説明","",2.0,"","周術期における事前のリスク評価について理解している。","","技能で審議しこのままとしました","周術期におけるリスク評価を指導医とともにたてることができる","","","","","","","","",""
"患者情報の統合、分析と評価、診療計画","治療(計画・経過の評価)","周術期における主な薬剤の服薬管理（継続、中止等）の必要性とそれに伴うリスクについて理解している。","Jkxirzs","F-02-09-02-06","周術期における主な薬剤の服薬管理（継続、中止等）の必要性とそれに伴うリスクの基本を説明できる。","周術期における主な薬剤の服薬管理（継続、中止等）の必要性とそれに伴うリスクの基本を説明できる。","周術期における主な薬剤の服薬管理（継続、中止等）の必要性とそれに伴うリスクの基本を説明できる。","周術期における主な薬剤の服薬管理（継続、中止等）の必要性とそれに伴うリスクについて理解している。","理解→説明","",2.0,"","周術期における主な薬剤の服薬管理（継続、中止等）の必要性とそれに伴うリスクについて理解している。","","技能で審議しこのままとしました","〜服薬管理（継続、中止等）の必要性を判断し、指導医とともに計画をたてることができる","","","","","を理解し、提案できる。？","","116と117はまとめて周術期の管理でいいような気がします","",""
"患者情報の統合、分析と評価、診療計画","治療(計画・経過の評価)","周術期における輸液・輸血について理解している。","Jkxirzw","F-02-09-02-07","周術期管理における輸液・輸血の基本を説明できる。","周術期における輸液・輸血の基本を説明できる。","周術期における輸液・輸血の基本を説明できる。","周術期における輸液・輸血について理解している。","理解→説明","",2.0,"","周術期における輸液・輸血について理解している。","","技能で審議しこのままとしました","","","","","","を理解し、提案できる。？","","","",""
"患者情報の統合、分析と評価、診療計画","治療(計画・経過の評価)","周術期における疼痛の管理について理解している。","Jkxirz0","F-02-09-02-08","術後痛の管理を説明できる。","周術期における疼痛の管理を説明できる。","周術期における疼痛の管理を説明できる。","周術期における疼痛の管理について理解している。","理解→説明","",2.0,"","周術期における疼痛の管理について理解している。","","技能で審議しこのままとしました","術後の疼痛に対して、計画的な対応を考案し、指導とともに実施することができる","","","","","を理解し、提案できる。？","","","",""
"患者情報の統合、分析と評価、診療計画","治療(計画・経過の評価)","","Jkxirz4","F-02-09-02-09","術後回復室の役割を概説できる。","","削除:術後回復室の役割を説明できる。","","","","","","","","削除しました","一定の経験目標を入れてもいいかとは思います","","","","","","","","",""
"患者情報の統合、分析と評価、診療計画","治療(計画・経過の評価)","","Jkxirz8","F-02-09-02-10","集中治療室の役割を概説できる。","","削除:集中治療室の役割を説明できる。","","","","","","","","削除しました","〜役割を概説でき、指導医とともに患者治療に参加できる","","","","","","","","",""
"患者情報の統合、分析と評価、診療計画","治療(計画・経過の評価)","","Jkxir0A","F-02-10-na-01","麻酔の概念、種類と麻酔時の生体反応を説明できる。","","削除:麻酔の概念、種類と麻酔時の生体反応を説明できる。","","","","","","","「局所麻酔、末梢神経ブロック、神経叢ブロック、脊髄くも膜下麻酔、硬膜外麻酔の適応、禁忌と合併症を概説できる。」に統合(近藤)(2022/2/14)","","","","","","","","","","",""
"患者情報の統合、分析と評価、診療計画","治療(計画・経過の評価)","局所麻酔、末梢神経ブロック、神経叢ブロック、脊髄くも膜下麻酔、硬膜外麻酔の適応、禁忌と合併症について理解している。","Jkxir0Q","F-02-10-na-06,F-02-10-na-01","局所麻酔、末梢神経ブロック、神経叢ブロック、脊髄くも膜下麻酔、硬膜外麻酔の適応、禁忌と合併症を概説できる。,麻酔の概念、種類と麻酔時の生体反応を説明できる。","局所麻酔、末梢神経ブロック、神経叢ブロック、脊髄くも膜下麻酔、硬膜外麻酔の適応、禁忌と合併症を説明できる。","局所麻酔、末梢神経ブロック、神経叢ブロック、脊髄くも膜下麻酔、硬膜外麻酔の適応、禁忌と合併症を説明できる。","局所麻酔、末梢神経ブロック、神経叢ブロック、脊髄くも膜下麻酔、硬膜外麻酔の適応、禁忌と合併症について理解している。","理解→説明","",2.0,"","局所麻酔、末梢神経ブロック、神経叢ブロック、脊髄くも膜下麻酔、硬膜外麻酔の適応、禁忌と合併症について理解している。","","技能で審議しこのままとしました","局所麻酔、末梢神経ブロック、神経叢ブロック、脊髄くも膜下麻酔、硬膜外麻酔の適応と方法、禁忌、合併症を説明でき、指導医のもとで経験する（目標にならないか・・・）","","","","","","","","",""
"患者情報の統合、分析と評価、診療計画","治療(計画・経過の評価)","麻酔管理を安全に行うための術前評価について理解している。","Jkxir0E","F-02-10-na-02","麻酔管理を安全に行うための術前評価と呼吸管理を概説できる。","麻酔管理を安全に行うための術前評価を説明できる。","麻酔管理を安全に行うための術前評価を説明できる。","麻酔管理を安全に行うための術前評価について理解している。","理解→説明","",2.0,"","麻酔管理を安全に行うための術前評価について理解している。","「と呼吸管理」を削除(近藤)(2022/2/14)","技能で審議しこのままとしました","術前評価と呼吸管理計画を指導医とともに立てることができる","","","","","","","","",""
"患者情報の統合、分析と評価、診療計画","治療(計画・経過の評価)","安全な麻酔のためのモニタリングの方法、重要な異常所見と対処法について理解している。","Jkxir0U","F-02-10-na-07","安全な麻酔のためのモニタリングの方法、重要な異常所見と対処法を概説できる。","安全な麻酔のためのモニタリングの方法、重要な異常所見と対処法を説明できる。","安全な麻酔のためのモニタリングの方法、重要な異常所見と対処法を説明できる。","安全な麻酔のためのモニタリングの方法、重要な異常所見と対処法について理解している。","理解→説明","",2.0,"","安全な麻酔のためのモニタリングの方法、重要な異常所見と対処法について理解している。","","技能で審議しこのままとしました","〜を説明でき、指導医のもとで実施することができる","","","","","","","","",""
"患者情報の統合、分析と評価、診療計画","治療(計画・経過の評価)","麻酔薬と筋弛緩薬の種類と使用上の原則について理解している。","Jkxir0I","F-02-10-na-03","麻酔薬と筋弛緩薬の種類と使用上の原則を説明できる。","麻酔薬と筋弛緩薬の種類と使用上の原則を説明できる。","麻酔薬と筋弛緩薬の種類と使用上の原則を説明できる。","麻酔薬と筋弛緩薬の種類と使用上の原則について理解している。","理解→説明","",2.0,"","麻酔薬と筋弛緩薬の種類と使用上の原則について理解している。","","技能で審議しこのままとしました","","","","","","","","","",""
"患者情報の統合、分析と評価、診療計画","治療(計画・経過の評価)","吸入麻酔と静脈麻酔の適応、禁忌、方法、事故と合併症について理解している。","Jkxir0M","F-02-10-na-04","吸入麻酔と静脈麻酔の適応、禁忌、方法、事故と合併症を概説できる。","吸入麻酔と静脈麻酔の適応、禁忌、方法、事故と合併症を説明できる。","吸入麻酔と静脈麻酔の適応、禁忌、方法、事故と合併症を説明できる。","吸入麻酔と静脈麻酔の適応、禁忌、方法、事故と合併症について理解している。","理解→説明","",2.0,"","吸入麻酔と静脈麻酔の適応、禁忌、方法、事故と合併症について理解している。","","技能で審議しこのままとしました","吸入麻酔と静脈麻酔の適応、使用方法、禁忌、合併症を説明できる。","","","","","","","","",""
"患者情報の統合、分析と評価、診療計画","治療(計画・経過の評価)","","Jkxir0Y","F-02-10-na-08","悪性高熱症や神経筋疾患患者における麻酔管理上の注意点を概説できる。","","削除:悪性高熱症や神経筋疾患患者における麻酔管理上の注意点を説明できる。","","","","","","","他と比べて専門家過ぎるため","","","","","","","","","","",""
"患者情報の統合、分析と評価、診療計画","治療(計画・経過の評価)","","Jkxir0c","F-02-11-na-01","食行動、食事摂取基準、食事バランス、日本食品標準成分表、補助食品、食物繊維・プロバイオティクス・プレバイオティクスを概説できる。","食行動、食事摂取基準、食事バランス、日本食品標準成分表、補助食品、食物繊維、プロバイオティクス、プレバイオティクスを説明できる。","食行動、食事摂取基準、食事バランス、日本食品標準成分表、補助食品、食物繊維・プロバイオティクス・プレバイオティクスを説明できる。","","日本の医師でできる人がほとんどいないのでは？あとは栄養士との協働で対応可能と考える","",2.0,"","","","","","","","","","","","","","【宮地】個人的には医師としてほとんど使っていない知識なのと、127の栄養士やNSTでの協働ができればいらない知識ではあると思うので、相対的に削除候補かなと思います"
"患者情報の統合、分析と評価、診療計画","治療(計画・経過の評価)","栄養アセスメント、栄養ケア・マネジメント、栄養サポートチーム（NST）、疾患別の栄養療法について理解している。","Jkxir0g","F-02-11-na-02","栄養アセスメント、栄養ケア・マネジメント、栄養サポートチーム(nutrition support team <NST>)、疾患別の栄養療法を説明できる。","栄養アセスメント、栄養ケア・マネジメント、栄養サポートチーム（NST）、疾患別の栄養療法を説明できる。","栄養アセスメント、栄養ケア・マネジメント、栄養サポートチーム(nutrition support team <NST>)、疾患別の栄養療法を説明できる。","栄養アセスメント、栄養ケア・マネジメント、栄養サポートチーム（NST）、疾患別の栄養療法について理解している。","理解→説明","",2.0,"","栄養アセスメント、栄養ケア・マネジメント、栄養サポートチーム（NST）、疾患別の栄養療法について理解している。","","技能で審議しこのままとしました","〜を説明し、指導医とともに実施できる","","","","","を理解し、指導医に提案できる。","","","",""
"患者情報の統合、分析と評価、診療計画","治療(計画・経過の評価)","","Jkxir0k","F-02-11-na-03","各種補液製剤（ビタミン、微量元素を含む）の特徴と病態に合わせた適応、投与時の注意事項を説明できる。","","削除:各種補液製剤（ビタミン、微量元素を含む）の特徴と病態に合わせた適応、投与時の注意事項を説明できる。","","","","","","","「経静脈栄養と経管・経腸栄養の適応、方法と合併症、長期投与時の注意事項を説明できる。」に統合(近藤)(2022/2/14)","削除しました","","","","","","を理解し、指導医に提案できる。","","","",""
"患者情報の統合、分析と評価、診療計画","治療(計画・経過の評価)","経静脈栄養と経管・経腸栄養の適応、方法と合併症、長期投与時の注意事項について理解している。","Jkxir0o","F-02-11-na-04,F-02-11-na-03","経静脈栄養と経管・経腸栄養の適応、方法と合併症、長期投与時の注意事項を説明できる。,各種補液製剤（ビタミン、微量元素を含む）の特徴と病態に合わせた適応、投与時の注意事項を説明できる。","経静脈栄養と経管・経腸栄養の適応、方法と合併症、長期投与時の注意事項を説明できる。","経静脈栄養と経管・経腸栄養の適応、方法と合併症、長期投与時の注意事項を説明できる。","経静脈栄養と経管・経腸栄養の適応、方法と合併症、長期投与時の注意事項について理解している。","理解→説明","",2.0,"","経静脈栄養と経管・経腸栄養の適応、方法と合併症、長期投与時の注意事項について理解している。","","技能で審議しこのままとしました","","","","","","を理解し、指導医に提案できる。","","","",""
"患者情報の統合、分析と評価、診療計画","治療(計画・経過の評価)","","Jkxir0s","F-02-11-na-05","乳幼児と小児の輸液療法を説明できる。","","削除:乳幼児と小児の輸液療法を説明できる。","","","","","","","","削除しました","","","","","","を理解し、指導医に提案できる。","","","","【宮地】他のどこでも扱われていないですが、完全に削除でよい？総合で扱う？"
"患者情報の統合、分析と評価、診療計画","治療(計画・経過の評価)","主な医療機器の種類と原理について理解している。","Jkxir0w","F-02-12-na-01","主な医療機器の種類と原理を概説できる。","主な医療機器の説明ができる。","主な医療機器の説明ができる。","主な医療機器の種類と原理について理解している。","理解→説明","",2.0,"","主な医療機器の種類と原理について理解している。","","技能で審議しこのままとしました","〜を説明できる","","あまりに漠然としておりカリキュラム策定に反映しにくいのと、主な医療機器の種類を全部あげられる能力は果たして必要なのか疑問があります。「主な医療機器（.....）の原理を概説できる」ではだめでしょうか。","","","を理解し、実習時に安全に留意する？","","医療機器に例示はいかがでしょうか","",""
"患者情報の統合、分析と評価、診療計画","治療(計画・経過の評価)","主な人工臓器の種類と原理について理解している。","Jkxir00","F-02-12-na-02","主な人工臓器の種類と原理を概説できる。","主な人工臓器の種類と原理を説明できる。","主な人工臓器の種類と原理を説明できる。","主な人工臓器の種類と原理について理解している。","理解→説明","",2.0,"","主な人工臓器の種類と原理について理解している。","","","人工臓器は概説で十分","","","","","","","","",""
"患者情報の統合、分析と評価、診療計画","治療(計画・経過の評価)","血液製剤及び血漿分画製剤の種類と適応について理解している。","Jkxir04","F-02-13-na-01","血液製剤及び血漿分画製剤の種類と適応を説明できる。","血液製剤及び血漿分画製剤の種類と適応を説明できる。","血液製剤及び血漿分画製剤の種類と適応を説明できる。","血液製剤及び血漿分画製剤の種類と適応について理解している。","理解→説明","",2.0,"","血液製剤及び血漿分画製剤の種類と適応について理解している。","","技能で審議しこのままとしました","〜を説明でき、指導医のもとで実施できる","","","","","を理解し、指導医に提案できる。","","","",""
"患者情報の統合、分析と評価、診療計画","治療(計画・経過の評価)","輸血副反応、輸血使用記録保管義務、不適合輸血の防止手順について理解している。","Jkxir1A","F-02-13-na-03","輸血副反応、輸血使用記録保管義務、不適合輸血の防止手順を説明できる。","輸血副反応、輸血使用記録保管義務、不適合輸血の防止手順を説明できる。","輸血副反応、輸血使用記録保管義務、不適合輸血の防止手順を説明できる。","輸血副反応、輸血使用記録保管義務、不適合輸血の防止手順について理解している。","理解→説明","",2.0,"","輸血副反応、輸血使用記録保管義務、不適合輸血の防止手順について理解している。","","技能で審議しこのままとしました","〜を説明でき、指導医のもとで行動できる","","","","","を理解し、実習時に安全に留意する？","","","",""
"患者情報の統合、分析と評価、診療計画","治療(計画・経過の評価)","輸血の適正使用、成分輸血、自己血輸血、緊急時の輸血について理解している。","Jkxir1E","F-02-13-na-04","輸血の適正使用、成分輸血、自己血輸血、緊急時の輸血を説明できる。","輸血の適正使用、成分輸血、自己血輸血、緊急時の輸血を説明できる。","輸血の適正使用、成分輸血、自己血輸血、緊急時の輸血を説明できる。","輸血の適正使用、成分輸血、自己血輸血、緊急時の輸血について理解している。","理解→説明","",2.0,"","輸血の適正使用、成分輸血、自己血輸血、緊急時の輸血について理解している。","","技能で審議しこのままとしました","〜を説明でき、指導医のもとで実施できる","","","","","を理解し、実習時に安全に留意する？","","","",""
"患者情報の統合、分析と評価、診療計画","治療(計画・経過の評価)","移植医療（臓器移植、組織移植、造血幹細胞移植等）の我が国と世界の状況について理解している。","Jkxir1I","F-02-13-na-05","臓器移植、造血幹細胞移植の種類と適応を説明できる。","移植医療（臓器移植、組織移植、造血幹細胞移植等）の我が国と世界の状況を説明できる。","移植医療（臓器移植、組織移植、造血幹細胞移植を含む）の我が国と世界の状況を説明できる","移植医療（臓器移植、組織移植、造血幹細胞移植等）の我が国と世界の状況について理解している。","理解→説明","",2.0,"","移植医療（臓器移植、組織移植、造血幹細胞移植等）の我が国と世界の状況について理解している。","査読者コメントを受けて編集、知識への移動も考慮(2022/2/7)(近藤)","対応しました","移植医療（臓器移植、組織移植、造血幹細胞移植を含む）の我が国と世界の状況を概説できる［厚労省・移植学会と調整済］","","","","","","","","",""
"患者情報の統合、分析と評価、診療計画","治療(計画・経過の評価)","終末期医療における臓器・組織提供選択提示の意義について理解している。","Jkxir1M","F-02-13-na-06","移植と組織適合性の関係を説明できる。","終末期医療における臓器・組織提供選択提示の意義について説明できる。","終末期医療における臓器・組織提供選択提示の意義について説明できる","終末期医療における臓器・組織提供選択提示の意義について理解している。","理解→説明","",2.0,"","終末期医療における臓器・組織提供選択提示の意義について理解している。","査読者コメントを受けて編集、知識への移動も考慮(2022/2/7)(近藤)","対応しました","終末期医療における臓器・組織提供選択提示の意義について説明できる［厚労省・移植学会と調整済］","","","","","","","","",""
"患者情報の統合、分析と評価、診療計画","治療(計画・経過の評価)","移植における免疫応答（拒絶反応、移植片対宿主病）について理解している。","Jkxir1Q","F-02-13-na-07","移植後の拒絶反応、移植片対宿主病の病態生理と発症時の対応を説明できる。","移植における免疫応答（拒絶反応、移植片対宿主病）について説明できる。","移植における免疫応答（拒絶反応、移植片対宿主病）について説明できる","移植における免疫応答（拒絶反応、移植片対宿主病）について理解している。","理解→説明","",2.0,"","移植における免疫応答（拒絶反応、移植片対宿主病）について理解している。","査読者コメントを受けて編集、知識への移動も考慮(2022/2/7)(近藤)","対応しました","移植における免疫応答（拒絶反応、移植片対宿主病）について概説できる［厚労省・移植学会と調整済］","","","","","","","","",""
"患者情報の統合、分析と評価、診療計画","治療(計画・経過の評価)","移植後の免疫抑制について理解している。","Jkxir1U","F-02-13-na-08","免疫抑制薬の種類、適応と副作用を説明できる。","移植後の免疫抑制について説明できる。","移植後の免疫抑制について説明できる","移植後の免疫抑制について理解している。","理解→説明","",2.0,"","移植後の免疫抑制について理解している。","査読者コメントを受けて編集、知識への移動も考慮(2022/2/7)(近藤)","対応しました","移植後の免疫抑制について概説できる［厚労省・移植学会と調整済］","","","","","","必要でしょうか？むしろ、臓器提供の項目を入れるべきでは（ほかの層に入っているのかもしれませんが）","","",""
"患者情報の統合、分析と評価、診療計画","治療(計画・経過の評価)","リハビリテーションの概念と適応について理解している。","Jkxir1Y","F-02-14-na-01,F-02-14-na-03","リハビリテーションの概念と適応（心大血管疾患、呼吸器疾患、癌等の内部障害を含む）を説明できる。,福祉・介護との連携におけるリハビリテーションの役割を説明できる。","リハビリテーションの概念と適応を説明できる。","リハビリテーションの概念と適応を説明できる。","リハビリテーションの概念と適応について理解している。","理解→説明","",2.0,"","リハビリテーションの概念と適応について理解している。","（心大血管疾患、呼吸器疾患、癌等の内部障害を含む）を削除(近藤)(2022/2/14)","技能で審議しこのままとしました","","","","","","を理解し、指導医に提案できる。","","","",""
"患者情報の統合、分析と評価、診療計画","治療(計画・経過の評価)","","Jkxir1c","F-02-14-na-03","福祉・介護との連携におけるリハビリテーションの役割を説明できる。","","削除:福祉・介護との連携におけるリハビリテーションの役割を説明できる。","","","","","","","「リハビリテーションの概念と適応を説明できる。」に統合","","","","","","","を理解し、指導医に提案できる。","","","",""
"患者情報の統合、分析と評価、診療計画","治療(計画・経過の評価)","機能障害と日常生活動作（ADL）の評価ができる。","Jkxir1g","F-02-14-na-05","機能障害と日常生活動作(activities of daily living <ADL>)の評価ができる。","機能障害と日常生活動作（ADL）の評価ができる。","機能障害と日常生活動作(activities of daily living <ADL>)の評価ができる。","機能障害と日常生活動作（ADL）の評価ができる。","","",2.0,"","機能障害と日常生活動作（ADL）の評価ができる。","","","","","","","","","","","",""
"患者情報の統合、分析と評価、診療計画","治療(計画・経過の評価)","理学療法、作業療法と言語聴覚療法について理解している。","Jkxir1k","F-02-14-na-06,F-02-14-na-02","理学療法、作業療法と言語聴覚療法を概説できる。,リハビリテーション・チームの構成を理解し、医師の役割を説明できる。","理学療法、作業療法と言語聴覚療法を説明できる。","理学療法、作業療法と言語聴覚療法を説明できる。","理学療法、作業療法と言語聴覚療法について理解している。","","",2.0,"","理学療法、作業療法と言語聴覚療法について理解している。","","技能で審議しこのままとしました","","","","","","を理解し、指導医に提案できる。","","","",""
"患者情報の統合、分析と評価、診療計画","治療(計画・経過の評価)","主な歩行補助具、車椅子、義肢（義手、義足）と装具について理解している。","Jkxir1o","F-02-14-na-07","主な歩行補助具、車椅子、義肢（義手、義足）と装具を概説できる。","主な歩行補助具、車椅子、義肢（義手、義足）と装具を説明できる。","主な歩行補助具、車椅子、義肢（義手、義足）と装具を説明できる。","主な歩行補助具、車椅子、義肢（義手、義足）と装具について理解している。","","",2.0,"","主な歩行補助具、車椅子、義肢（義手、義足）と装具について理解している。","","技能で審議しこのままとしました","","","","","","","","","",""
"患者情報の統合、分析と評価、診療計画","治療(計画・経過の評価)","","Jkxir1s","F-02-15-na-01","在宅医療の在り方、今後の必要性と課題を概説できる。","","削除:在宅医療の在り方、今後の必要性と課題を説明できる。","","","","","","","総合へ","削除しました","総合で扱っているかもしれません。相談を","","「在り方」として全国均一に定められたものはあるのでしょうか？ない場合、カリキュラム作成者独自の解釈により異なる「在り方」が扱われることになります。「在宅医療の適応、現状、今後の必要性と課題を概説できる」のほうが明確では？","","","","","","",""
"患者情報の統合、分析と評価、診療計画","治療(計画・経過の評価)","","Jkxir1w","F-02-15-na-04","在宅における人生の最終段階における医療、看取りの在り方と課題を概説できる。","","削除:在宅における人生の最終段階における医療、看取りの在り方と課題を説明できる。","","","","","","","総合へ","削除しました","","","上記同様、「在り方」を「現状」へ変更することを提案","","","","","","",""
"患者情報の統合、分析と評価、診療計画","治療(計画・経過の評価)","","Jkxir10","F-02-15-na-05","介護の定義と種類を説明できる。","","削除:介護の定義と種類を説明できる。","","","","","","","社会へ","削除しました","介護については方略にも記載されると思いますが、説明できればいいというより、指導医とともに参画するような動詞を用いてもよいのではないでしょうか","","","","","","","","",""
"患者情報の統合、分析と評価、診療計画","治療(計画・経過の評価)","","Jkxir14","F-02-15-na-06","日常生活動作<ADL>（排泄、摂食、入浴等）に応じた介護と環境整備の要点を概説できる。","","削除:日常生活動作<ADL>（排泄、摂食、入浴等）に応じた介護と環境整備の要点を説明できる。","","","","","","","総合へ","削除しました","","","","","","","","","",""
"患者情報の統合、分析と評価、診療計画","治療(計画・経過の評価)","","Jkxir18","F-02-15-na-07","地域包括ケアシステムと介護保険制度、障害者総合支援法等の医療保健福祉制度を概説できる。","","削除:地域包括ケアシステムと介護保険制度、障害者総合支援法等の医療保健福祉制度を説明できる。","","","","","","","社会へ","削除しました","技能チームとしては、意見書などを指導医と作成するなどは入れなくていいですか？総合チームでしょうか","","","","","を理解し、指導医に提案できる。","","","",""
"患者情報の統合、分析と評価、診療計画","治療(計画・経過の評価)","","Jkxir2A","F-02-16-na-02","全人的苦痛を説明できる。","","削除:全人的苦痛を説明できる。","","","","","","","総合へ","","","","","","","","","","",""
"患者情報の統合、分析と評価、診療計画","治療(計画・経過の評価)","","Jkxir2E","F-02-16-na-03","緩和ケアにおいて頻度の高い身体的苦痛、心理社会的苦痛を列挙することができる。","緩和ケアにおいて頻度の高い身体的苦痛、心理社会的苦痛を列挙することができる。","緩和ケアにおいて頻度の高い身体的苦痛、心理社会的苦痛を列挙することができる。","","総合30と重複","",2.0,"","","","技能で審議しこのままとしました","心理的と社会的は分けて記載？
ここは列挙でなくせめて概説","","全人的苦痛は通常、身体的苦痛・精神心理的苦痛・社会的苦痛・スピリチュアルペインから構成されますので、精神心理的苦痛と社会的苦痛は別にしたほうが適切だと思います。「緩和ケアにおいて頻度の高い、身体的・心理的・社会的苦痛を列挙できる」https://www.mhlw.go.jp/content/10901000/000826532.pdf","","","を理解し、指導医に提案できる？","","","",""
"患者情報の統合、分析と評価、診療計画","治療(計画・経過の評価)","","Jkxir2I","F-02-16-na-04","疼痛のアセスメント、疼痛緩和の薬物療法、癌疼痛治療法を説明できる。","疼痛のアセスメント、疼痛緩和の薬物療法、癌疼痛治療法を説明できる。","疼痛のアセスメント、疼痛緩和の薬物療法、癌疼痛治療法を説明できる。","","総合31と重複","",2.0,"","","","技能で審議しこのままとしました","説明でき、指導医とともに実施できる","","医師国家試験出題基準にあわせて薬物療法以外に拡げる必要はない？「疼痛のアセスメント、疼痛緩和の薬物療法（癌疼痛治療法を含む）、緩和的外科治療、緩和的放射線治療について説明できる」とすべきでは。","","","を理解し、指導医に提案できる。？","","","",""
"患者情報の統合、分析と評価、診療計画","治療(計画・経過の評価)","","Jkxir2M","F-02-16-na-05","オピオイドの適応と課題を説明できる。","","削除:オピオイドの適応と課題を説明できる。","","","","","","","","削除しました","適応、使用方法、禁忌、合併症を説明できる","","「課題」が何をさすか曖昧でわかりにくいので、他とあわせて「オピオイドの適応、有害事象、投与時の注意事項を説明できる。」","","","を理解し、指導医に提案できる？","","100と重なります","",""
"患者情報の統合、分析と評価、診療計画","治療(計画・経過の評価)","","Jkxir2Q","F-02-16-na-06","緩和ケアにおける患者・家族の心理を説明できる。","","削除:緩和ケアにおける患者・家族の心理を説明できる。","","","","","","","","削除しました","","","死にゆく課程に対する心理ということならば、総合71、コミュ24で扱われており、削除でよい。積極的がん治療と並行した緩和ケアそのものに対する心理を扱うということであれば、知識274に統合し「がん治療と同時に行われる支持療法・緩和ケア、およびそれにおける患者・家族の心理を説明できる」として削除でよいのでは。","","","","","155と重なります","",""
"患者情報の統合、分析と評価、診療計画","治療(計画・経過の評価)","","Jkxir2U","F-03-04-na-02","科学的根拠に基づいた治療法を述べることができる。","","削除:科学的根拠に基づいた治療法を述べることができる。","","","","","","","","削除しました","EBMは総合にあるので、ここに必要でしょうか","社会と重なる","ややメタなので、第４層よりは第２層で扱われるべきだと思います。EBMが総合なのでそちらの第２層に入れるか、技能の第２層か迷います。","","","","","総合と重なります","",""
"患者情報の統合、分析と評価、診療計画","治療(計画・経過の評価)","","Jkxir2Y","F-03-05-08-03,G-04-01-01-03,G-04-01-02-01","治療の立案・実施に可能な範囲で参加できる。,内科的治療の立案・実施に可能な範囲で参加する。,外科的治療の適応を知る。","","削除:基本的な治療の立案・実施ができる。","","","","","","","治療手技も","削除しました","大きすぎて具体的でない
治療の実施まで記載するなら「指導医の監督のもと」などの文言を入れるほうが無難","抽象的すぎる。削除で良い","削除でよいのでは。","","","削除でよいのでは。","","","",""
"患者情報の統合、分析と評価、診療計画","治療(計画・経過の評価)","","Jkxir2c","G-04-01-02-02","手術計画の立案に可能な範囲で参加する。","","削除:手術計画の立案に参加する。","","","","","","","方略となっている要検討(近藤)","削除しました","","","「指導医とともに手術計画を立案できる」","","","","","方略と思います","",""
"患者情報の統合、分析と評価、診療計画","治療(計画・経過の評価)","","Jkxir2g","G-04-01-02-03","周術期管理に可能な範囲で参加する。","","削除:周術期管理に参加する。","","","","","","","方略となっている要検討(近藤)","削除しました","参加する、は到達目標となるかどうか？
115,116,117行と統合して指導医とともに実施するような第四層としてはいかがでしょうか","","「指導医とともに周術期管理ができる」","","","","","116-117と合わせてはいかがでしょうか","",""
"患者情報の統合、分析と評価、診療計画","治療(計画・経過の評価)","","Jkxir2k","G-04-01-04-05","手術を含めた婦人科的治療に可能な範囲で参加する。","","削除:手術を含めた婦人科的治療に参加する。","","","","","","","方略となっている要検討(近藤)","削除しました","同上","","「指導医とともに手術を含めた婦人科的治療を実施できる」","","","","","","",""
"患者情報の統合、分析と評価、診療計画","治療(計画・経過の評価)","","Jkxir2o","G-04-01-06-02","健康問題に対する包括的アプローチ（複数の健康問題の相互作用等）を体験する。","","削除:健康問題に対する包括的アプローチ（複数の健康問題の相互作用等）を理解できる。","","","","","","","総合に委託を検討する(近藤)","削除しました","","","総合7とほぼ重複であり、削除？","","","統合可能では","","","",""
"患者情報の統合、分析と評価、診療計画","治療(計画・経過の評価)","","Jkxir2s","G-04-01-06-03","家族や地域といった視点をもち、心理・社会的背景により配慮した診療に可能な範囲で参加する。","","削除:家族や地域といった視点をもち、心理・社会的背景を配慮した診療ができる。","","","","","","","総合に委託を検討する(近藤)","削除しました","総合との重複","","総合9, 10, 32と重複しており、削除？","","","統合可能では。","","","",""
"患者情報の統合、分析と評価、診療計画","治療(計画・経過の評価)","","Jkxir2w","G-04-01-06-04","在宅医療を体験する。","","削除:在宅医療の適応を説明できる。","","","","","","","総合に委託を検討する(近藤)","削除しました","これも総合？","","149に統合し、削除しては？","","","統合可能では・","","","",""
"患者情報の統合、分析と評価、診療計画","治療(計画・経過の評価)","主要診療科[@tbl:主要診療科]の基本的な治療計画を立案できる。","Jkxir20","F-03-05-08-03,G-04-01-01-03,G-04-01-03-03,G-04-02-01-03,G-04-02-02-03,G-04-02-03-03,G-04-02-04-03,G-04-02-05-03,G-04-02-06-03,G-04-02-07-03,G-04-02-08-03,G-04-02-09-03,G-04-02-10-03,G-04-02-11-03,G-04-02-13-02,G-04-02-14-03,G-04-02-15-03","治療の立案・実施に可能な範囲で参加できる。,内科的治療の立案・実施に可能な範囲で参加する。,治療の立案・実施に可能な範囲で参加する。,該当診療科の治療に可能な範囲で参加する。,該当診療科の治療に可能な範囲で参加する。,該当診療科の治療に可能な範囲で参加する。,該当診療科の治療に可能な範囲で参加する。,該当診療科の治療に可能な範囲で参加する。,該当診療科の治療に可能な範囲で参加する。,該当診療科の治療に可能な範囲で参加する。,該当診療科の治療に可能な範囲で参加する。,該当診療科の治療に可能な範囲で参加する。,該当診療科の治療に可能な範囲で参加する。,該当診療科の治療に可能な範囲で参加する。,該当診療科の治療に可能な範囲で参加する。,該当診療科の治療に可能な範囲で参加する。,該当診療科の治療に可能な範囲で参加する。","主要診療科[^table:主要診療科]の基本的な治療を実施できる。","主要診療科[^table:主要診療科]の基本的な治療を実施できる。","主要診療科[@tbl:主要診療科]の基本的な治療計画を立案できる。","「治療を実施」は学生レベルを超えている","",2.0,"","主要診療科[@tbl:主要診療科]の基本的な治療計画を立案できる。","以下から統合、小児科,内科,泌尿器科,脳神経外科,麻酔科,リハビリテーション科,眼科,歯科口腔外科,皮膚科,病理診断科,臨床検査科,放射線科,耳鼻咽喉科,形成外科,整形外科,小児の診察,その他","技能で審議しこのままとしました","治療を実施できると記載する場合は、「指導医とともに」「指導医の監督のもと」などの文言を入れておくのがよいと思います","","それぞれの科で何が基本的な治療に含まれるのかが記載されていないとカリキュラム策定に反映できない。また、全ての治療において実施できるレベルはが学生に求められるのかも疑問。対象となる治療に関して個別に扱い、これは削除でよいのでは？","","","","","","",""
"患者情報の統合、分析と評価、診療計画","教育計画","代表的な疾患における患者指導の計画を立案できる。","Jkxir28","","","代表的な疾患における患者指導が計画できる。","代表的な疾患における患者指導が計画できる","代表的な疾患における患者指導の計画を立案できる。","日本語を読みやすく","",2.0,"","代表的な疾患における患者指導の計画を立案できる。","説明文書を作成できるから患者指導が計画できるに変更(近藤)(2022/2/14)教育計画は学生のレベルとしては高いので第3層から削除→学生でも実現可能と思われるものを新設してみました","技能で審議しこのままとしました","できることを入れることに賛成です。
診断書などの発行は学生では無理ですのでご配慮を","","","","","を作成し、指導医に提案できる","","","",""
"治療を含む対応の実施","検査手技","検査に関する基本的臨床手技[@tbl:基本的臨床手技]を実施できる","Jkxir3E","F-03-06-01-01,F-03-06-01-02,F-03-06-02-01,F-03-06-02-02,F-03-06-02-03,F-03-06-02-04,G-03-01-na-05,G-03-01-na-08,G-03-01-na-09,G-03-02-na-01,G-03-02-na-02,G-03-02-na-03,G-03-02-na-04,G-03-02-na-05,G-03-02-na-06,G-03-02-na-07,G-03-02-na-08,G-03-02-na-09,G-03-02-na-10,G-03-02-na-11,G-03-02-na-12,G-03-03-na-01","皮膚消毒を実施できる。,静脈採血をシミュレータで実施できる。,尿検査（尿沈渣を含む）を実施できる。,末梢血塗抹標本を作成し、観察できる。,微生物学検査（Gram染色を含む）を実施できる。,12誘導心電図を記録できる。,静脈採血を実施できる。,動脈血採血・動脈ラインの確保を見学し、介助する。,腰椎穿刺を見学し、介助する。,尿検査（尿沈渣を含む）を実施できる。,末梢血塗抹標本を作成し、観察できる。,微生物学検査（Gram染色を含む）を実施できる。,妊娠反応検査を実施できる。,血液型判定を実施できる。,視力、視野、聴力、平衡機能検査を実施できる。,12誘導心電図を記録できる。,脳波検査の記録ができる。,眼球に直接触れる検査を見学し、介助する。,心臓、腹部の超音波検査を実施できる。,経皮的酸素飽和度を測定できる。,エックス線撮影、コンピュータ断層撮影<CT>、磁気共鳴画像法<MRI>、核医学検査、内視鏡検査を見学し、介助する。,無菌操作を実施できる。","検査に関する基本的臨床手技[^table:基本的臨床手技]に関して定められた目標を達成できる。","検査に関する基本的臨床手技[^table:基本的臨床手技]に関して定められた目標を達成できる。","検査に関する基本的臨床手技[@tbl:基本的臨床手技]を実施できる","基本的臨床手技のみ第４層に詳細を書かないのは粒度の違いが大きい。学修目標を並べているコアカリの本文に「目標を達成できる」はトートロジーになっている。","",2.0,"","検査に関する基本的臨床手技[@tbl:基本的臨床手技]を実施できる","","項目は別表で提示されます","この基本的臨床手技はH28年度版から持ってきたでしょうか。内容に関しての吟味が必要だと思います","「定められた目標」とはどこにあるのか？","","","","ここは項目の提示が必要では？","","","","【宮地】別表にそれぞれどのレベルが目標になるかが記載されていましたが、それはそのまま採用ですか？であれば「〜に関する基本的臨床手技を実施できる」でもよいのでは。"
"治療を含む対応の実施","治療手技","治療に関する基本的臨床手技[@tbl:基本的臨床手技]を実施できる。","Jkxir3I","G-03-01-na-01,G-03-01-na-06,F-03-06-03-01,F-03-06-03-02,F-03-06-03-03,G-03-01-na-02,G-03-01-na-03,G-03-01-na-04,G-03-01-na-07,G-03-01-na-10,G-03-01-na-11,G-03-01-na-12,G-03-01-na-13,G-03-01-na-14,G-03-01-na-15,G-03-03-na-02,G-03-03-na-03,G-03-03-na-04,G-03-03-na-05,G-03-03-na-06,G-04-01-02-04,G-04-01-02-05,G-04-01-04-01,G-04-01-05-03,G-04-01-05-04","体位交換、移送ができる。,末梢静脈の血管確保を実施できる。,無菌操作を実施できる。,手術や手技のための手洗いができる。,手術室におけるガウンテクニックができる。,皮膚消毒ができる。,外用薬の貼付・塗布ができる。,気道内吸引、ネブライザーを実施できる。,中心静脈カテーテル挿入を見学し、介助する。,胃管の挿入と抜去ができる。,尿道カテーテルの挿入と抜去を実施できる。,ドレーンの挿入と抜去を見学し、介助する。,注射（皮内、皮下、筋肉、静脈内）を実施できる。,全身麻酔、局所麻酔、輸血を見学し、介助する。,眼球に直接触れる治療を見学し、介助する。,手術や手技のための手洗いができる。,手術室におけるガウンテクニックができる。,基本的な縫合と抜糸ができる。,創の消毒やガーゼ交換ができる。,手術、術前・術中・術後管理を見学し、介助する。,手術等の外科的治療に可能な範囲で参加する。,基本的な外科的手技について学ぶ。,妊婦の周産期診察及び分娩に可能な範囲で参加する。,精神科的治療に可能な範囲で参加する。,基本的な精神科面接技法について学ぶ。","治療に関する基本的臨床手技[^table:基本的臨床手技]に関して定められた目標を達成できる。","治療に関する基本的臨床手技[^table:基本的臨床手技]に関して定められた目標を達成できる。","治療に関する基本的臨床手技[@tbl:基本的臨床手技]を実施できる。","基本的臨床手技のみ第４層に詳細を書かないのは粒度の違いが大きい。学修目標を並べているコアカリの本文に「目標を達成できる」はトートロジーになっている。","",2.0,"","治療に関する基本的臨床手技[@tbl:基本的臨床手技]を実施できる。","","項目は別表で提示されます","この基本的臨床手技はH28年度版から持ってきたでしょうか。内容に関しての吟味が必要だと思います","「定められた目標」とはどこにあるのか？","","","","ここは項目の提示が必要では？","","","","【宮地】同上"
"治療を含む対応の実施","救急・初期対応","","Jkxir3M","F-03-06-04-01","緊急性の高い状況かどうかをある程度判断できるようになる。","","削除:緊急性の高い状況を判断できる。","","","","","","","初期対応への分類とどちらが良いか？（小松）","対応しました","気持ちはわかりますが、「ある程度」はアバウトです
緊急性の高い状況を判断して、指導医に報告できる","","174とまとめて「身体徴候、バイタルサインなどから緊急性の高い状況かを判断し、指導医に報告できる」というパフォーマンスのレベルまで求めては？Post CC OSCEの課題でもそのようなレベルまで扱われていると理解しています","","","","","","",""
"治療を含む対応の実施","救急・初期対応","バイタルサインや身体徴候から緊急性の高い状態にある患者を認識できる。","Jkxir3Q","G-03-04-na-01,F-02-09-02-02,F-03-06-04-01","身体徴候、バイタルサインから緊急性の高い状況であることを判断できる。,基本的バイタルサイン（体温、呼吸、脈拍、血圧）の意義とモニターの方法を説明できる。,緊急性の高い状況かどうかをある程度判断できるようになる。","バイタルサインや身体徴候から緊急性の高い状態にある患者を認識（識別）できる。","バイタルサインや身体徴候から緊急性の高い状態にある患者を認識（識別）できる。","バイタルサインや身体徴候から緊急性の高い状態にある患者を認識できる。","（識別）を削除","",2.0,"","バイタルサインや身体徴候から緊急性の高い状態にある患者を認識できる。","初期対応への分類とどちらが良いか？（小松）","対応しました","同上","","173とまとめてよいのでは","","","１７３と統合可能そうです・","","","",""
"治療を含む対応の実施","救急・初期対応","一次救命処置を実施できる。","Jkxir3U","G-03-04-na-02,F-03-06-04-02,G-04-01-07-01","一次救命処置を実施できる。,一次救命処置を実施できる。,呼吸、循環を安定化するための初期治療を学ぶ。","一次救命処置を実施できる。","一次救命処置を実施できる。","一次救命処置を実施できる。","ママ","",1.0,"","一次救命処置を実施できる。","","","","","","","","","","","",""
"治療を含む対応の実施","救急・初期対応","頻度・緊急性の高い患者に対する初期対応（二次救命処置を含む）の実施を補助できる。","Jkxir3Y","G-03-04-na-03,G-04-01-07-01","二次救命処置を含む緊急性の高い患者の初期対応に可能な範囲で参加する。,呼吸、循環を安定化するための初期治療を学ぶ。","二次救命処置を含む頻度の高い緊急性の高い患者の初期対応を実演できる。","二次救命処置を含む頻度の高い緊急性の高い患者の初期対応を実演できる。","頻度・緊急性の高い患者に対する初期対応（二次救命処置を含む）の実施を補助できる。","学生レベルに合わせて文言を修正","",2.0,"","頻度・緊急性の高い患者に対する初期対応（二次救命処置を含む）の実施を補助できる。","二次救命処置を含む緊急性の高い患者の初期対応に可能な範囲で参加する。から実演できるに変更(近藤)","","","","","","","","","","",""
"治療を含む対応の実施","救急・初期対応","","Jkxir3c","F-02-10-na-05","気管挿管を含む各種の気道確保法を概説できる。","","削除:気管挿管を含む各種の気道確保法を実演できる。","","","","","","","","削除しました","「実演」の心はシミュレータを想定されているでしょうか。そのような記載のほうがわかりやすいです。あるいは、指導医のもとで実施と書くのも一法ですがちょっとやりすぎかと思います","","","","","","","BVMとかなら実施できてもいいと思います","",""
"治療を含む対応の実施","救急・初期対応","外傷の病態生理と診断について理解している。","Jkxir3g","F-01-37-na-02,F-01-37-na-03","外傷・熱傷の診断の要点を説明できる。,外傷・熱傷がある患者の治療の要点を説明し、専門的治療が必要な状態を概説できる。","外傷の病態生理と診断の要点を説明できる。","外傷の病態生理と診断の要点を説明できる。","外傷の病態生理と診断について理解している。","","",2.0,"","外傷の病態生理と診断について理解している。","","","","","179とまとめて「外傷の鑑別診断、病態生理と診断、初期対応の要点を説明できる」","","","","","","",""
"治療を含む対応の実施","救急・初期対応","外傷の初期対応の実施を補助できる。","Jkxir3k","G-02-37-na-01,G-02-37-na-02, G-02-37-na-03, G-02-37-na-04, G-02-37-na-05, G-02-37-na-06, G-02-37-na-07, G-02-37-na-08, G-02-37-na-09,F-01-37-na-02,F-01-37-na-03","一次性：頭部外傷,一次性：骨折,一次性：外傷性気胸,一次性：脊髄損傷,一次性：熱傷,二次性：急性大動脈解離,二次性：脳出血,二次性：くも膜下出血,二次性：頭蓋内血腫,外傷・熱傷の診断の要点を説明できる。,外傷・熱傷がある患者の治療の要点を説明し、専門的治療が必要な状態を概説できる。","外傷の場合に適切な鑑別（頭部外傷、骨折、外傷性気胸、脊髄損傷、熱傷、急性大動脈解離、脳出血、くも膜下出血、頭蓋内血腫等）を検討しながら初期対応できる。","外傷の場合に適切な鑑別(頭部外傷, 骨折, 外傷性気胸, 脊髄損傷, 熱傷, 急性大動脈解離, 脳出血, くも膜下出血, 頭蓋内血腫など)を検討しながら初期対応できる。","外傷の初期対応の実施を補助できる。","170に含められるが、外傷特異的な対応(JATECなど)はACLSとは異なるので残す","",2.0,"","外傷の初期対応の実施を補助できる。","この鑑別診断の部分は統合しても良い(近藤)","技能で審議しこのままとしました","初期対応できるでもいいと思いますが、「鑑別を行い、指導医に報告できる」という記載もあるように思います","","178にまとめて削除？","","","１７８統合可能そうです・","","","",""
"治療を含む対応の実施","救急・初期対応","アナフィラキシーショックの対応を補助できる。","Jkxirvw","F-02-08-na-03","薬物によるアナフィラキシーショックの症候、診断、対処法を説明できる。","薬物によるアナフィラキシーショックの対処を実演できる。","薬物によるアナフィラキシーショックの対処を実演できる。","アナフィラキシーショックの対応を補助できる。","薬物による、を削除
対応を補助","",2.0,"","アナフィラキシーショックの対応を補助できる。","臨床推論から移動(2022/2/7)(近藤)","技能で審議しこのままとしました","臨床推論のなかで、個別のものは第三層の記載を分けてはいかがでしょうか","ここから急に各論になり、びっくりしました","薬物に限らずでよいのでは？あるいは、知識312-313でショック全般についての診断と対応が説明できることが扱われているので、削除。","","薬物に限定する必要はない∴他所へ統合で良いのでは？","","","ショックは知識にあります","","【宮地】知識314で「ショックの治療を理解している」があるが、薬物によるアナフィラキシーショックだけ、対応が補助できるレベルが求められる理由は？"
"治療を含む対応の実施","書類の作成","各種診断書・証明書の下書きを作成できる。","Jkxir3o","G-03-01-na-17","各種診断書・検案書・証明書の作成を見学し、介助する。","各種診断書・証明書の下書きを作成できる。","各種診断書・証明書の下書きを作成できる。","各種診断書・証明書の下書きを作成できる。","ママ","",1.0,"","各種診断書・証明書の下書きを作成できる。","変更案-作成を見学する→下書きを作成する(近藤)","技能で審議しこのままとしました","作成し、指導医に提示できる","","","","","下書きを作成し、指導医に提案できる","","","",""
"治療を含む対応の実施","書類の作成","各種検案書の下書きを作成できる。","Jkxir3s","G-03-01-na-17","各種診断書・検案書・証明書の作成を見学し、介助する。","各種検案書の作成を実演できる。","各種検案書の作成を実演できる","各種検案書の下書きを作成できる。","の下書きを作成","",2.0,"","各種検案書の下書きを作成できる。","変更案-作成を見学する→実演できる(近藤)","技能で審議しこのままとしました","各種検案書とはなんでしょうか？しかも実演とはなんでしょうか？行180で十分では？","","","","","下書きを作成し、指導医に提案できる","","","",""
"治療を含む対応の実施","書類の作成","","Jkxir3A","","","各種同意書を用いた説明を実演できる。","各種同意書を用いた説明を実演できる","","学生レベルではない","",2.0,"","","できる→実演できるに(近藤)(2022/2/14)教育計画は学生のレベルとしては高いので第3層から削除→学生でも実現可能と思われるものを新設してみました","技能で審議しこのままとしました","各種同意書が読み手にわかるでしょうか？","","「〜説明を指導医とともに行うことができる」","","","指導医とともに？、指導医のもと？","","","",""
"治療を含む対応の実施","患者ケアに必要な連携","","Jkxir3w","F-02-14-na-04","障害を国際生活機能分類の心身機能・身体構造、活動、参加に分けて説明できる。","","削除:障害を国際生活機能分類の心身機能・身体構造、活動、参加に分けて説明できる。","","","","","","","総合へ,治療計画?(近藤)→カルテ記載としてみました(近藤)","対応しました","妙に粒が小さい目標のイメージがあるのですが・・・","","総合66と重複","","","","","","",""
"治療を含む対応の実施","患者ケアに必要な連携","","Jkxir30","F-02-01-na-08","コンサルテーションや紹介の必要な状況を説明できる。","","削除:コンサルテーションや紹介の必要な状況を説明できる。","","連携８","","","","","各診療科に含まれるため削除(近藤)(2022/2/14)","削除しました","〜状況を判断し、指導医に相談することができる","","","","","を理解し、指導医に提案できる。","","説明レベルではなくて実演とか、指導医とともに実施できる、とかでどうでしょうか","",""
"患者情報の統合、分析と評価、診療計画","患者ケアに必要な連携","","Jkxirwo","F-02-04-na-02","診断に必要な臨床情報の適切な提供法を説明できる。","他の医療従事者に診断に必要な臨床情報の適切な提供ができる。","他の医療従事者に診断に必要な臨床情報の適切な提供ができる。","","連携４","",2.0,"","","","対応し、シンプルな表現としました","適切な提供法って誰が誰になのか明示しないと、学生の目標として理解できません","「説明できる」でよいか？","曖昧でよく意味がわからないのですが、必要でしょうか？","","統合というより知識。他所へ統合∴ここでは削除で良いのでは？","","","","",""
"治療を含む対応の実施","患者ケアに必要な連携","","Jkxir34","G-04-01-06-05","多職種連携を体験してその重要性を認識する。","","削除:多職種連携を体験してその重要性を認識する。","","","","","","","方略であるため","削除しました","できるだけ体験目標でなく到達目標の形態で
ここでいう他職種連携がチーム医療なのか、IPEなのかわからないです","","多職種連携の第４層はほぼ実践レベルとなっており、ここでの184は削除してよいのでは？","","","","","","",""
"治療を含む対応の実施","患者ケアに必要な連携","","Jkxir38","G-04-01-06-06","臨床現場において、保健・医療・福祉・介護に関する制度に触れる。","","削除:臨床現場において、保健・医療・福祉・介護に関する制度に触れる。","","","","","","","方略であるため","削除しました","保健・医療・福祉・介護の連携を臨床現場で経験し、連携の意義を説明できる","","制度に関しては複数のほかの学習目標で説明できるレベルのものがあり、これは削除でよいのでは？","","","","","","",""
"治療を含む対応の実施","患者ケアに必要な連携","","Jkxir4A","G-04-01-07-03","チーム医療の一員として良好なコミュニケーションを実践できる。","チーム医療の一員として良好なコミュニケーションを実践できる。","チーム医療の一員として良好なコミュニケーションを実践できる。","","連携６","",2.0,"","","","技能で審議しこのままとしました","他職種のチームの一員として臨床現場でのコミュニケーションをとる","","「チーム医療」という言葉はここ以外では（コミュニケーションでも多職種連携でも）使われていないので、残す？","","","","","","",""
"治療を含む対応の実施","患者ケアに必要な連携","","Jkxir4E","G-04-01-07-04","家族や地域といった視点をもち、保健・医療・福祉・介護との連携を学ぶ。","保健、医療、福祉、介護との連携を実演できる。","保健・医療・福祉・介護との連携を実演できる。","","連携全般","",2.0,"","","学ぶ→実演できる(近藤)(2022/2/14)","技能で審議しこのままとしました","総合に同じ項目あり","","総合で主に扱われており削除でよいのでは？","","","","","総合にあります","",""
"治療を含む対応の実施","患者ケアに必要な連携","","Jkxir4I","G-04-01-07-05","救急隊員との連携を通じて、病院前救護体制とメディカルコントロールについて学ぶ。","","削除:病院前救護体制とメディカルコントロールについて説明できる。","","","","","","","知識へ(近藤)(2022/2/18),学ぶ→説明できる(近藤)(2022/2/14)","削除しました","救急体制における病院前救護体制とメディカルコントロールについて概説できる","","学生全員に救急隊員と連携する機会を担保するのは困難だと思うのと、「学ぶ」ことは方略だと思うので、「救急隊員との連携、病院前救護体制とメディカルコントロールについて説明できる」","","","","","","",""
"治療を含む対応の実施","患者ケアに必要な連携","","Jkxir4M","G-04-01-07-06","地域の災害医療体制について学ぶ。","地域の災害医療体制について説明できる。","地域の災害医療体制について説明できる。","","社会28と重複","",2.0,"","","学ぶ→説明できる(近藤)(2022/2/14)","技能で審議しこのままとしました","地域の災害医療体制について概説できる（社会にもあり）","","社会27-28と重複しており、削除でよいのでは","","","","","","",""
"治療を含む対応の実施","患者ケアに必要な連携","主要診療科[@tbl:主要診療科]にどのようにコンサルテーションすればよいかを理解している。","Jkxir4Q","F-03-05-08-07,G-04-01-01-06,G-04-01-02-06,G-04-01-03-07,G-04-01-04-07,G-04-01-05-05,G-04-02-01-05,G-04-02-02-05,G-04-02-03-05,G-04-02-04-05,G-04-02-05-05,G-04-02-06-05,G-04-02-07-05,G-04-02-08-05,G-04-02-09-05,G-04-02-10-05,G-04-02-11-05,G-04-02-13-04,G-04-02-14-05,G-04-02-15-05","どのように小児科にコンサルテーションすればよいか説明できる。,どのように内科にコンサルテーションすればよいかわかる。,どのように外科にコンサルテーションすればよいかわかる。,どのように小児科にコンサルテーションすればよいかわかる。,どのように産婦人科にコンサルテーションすればよいかわかる。,どのように精神科にコンサルテーションすればよいかわかる。,どのように該当診療科にコンサルテーションすればよいかわかる。,どのように該当診療科にコンサルテーションすればよいかわかる。,どのように該当診療科にコンサルテーションすればよいかわかる。,どのように該当診療科にコンサルテーションすればよいかわかる。,どのように該当診療科にコンサルテーションすればよいかわかる。,どのように該当診療科にコンサルテーションすればよいかわかる。,どのように該当診療科にコンサルテーションすればよいかわかる。,どのように該当診療科にコンサルテーションすればよいかわかる。,どのように該当診療科にコンサルテーションすればよいかわかる。,どのように該当診療科にコンサルテーションすればよいかわかる。,どのように該当診療科にコンサルテーションすればよいかわかる。,どのように該当診療科にコンサルテーションすればよいかわかる。,どのように該当診療科にコンサルテーションすればよいかわかる。,どのように該当診療科にコンサルテーションすればよいかわかる。","主要診療科[^table:主要診療科]にどのようにコンサルテーションすればよいか説明できる。","主要診療科[^table:主要診療科]にどのようにコンサルテーションすればよいか説明できる。","主要診療科[@tbl:主要診療科]にどのようにコンサルテーションすればよいかを理解している。","説明→理解","",2.0,"","主要診療科[@tbl:主要診療科]にどのようにコンサルテーションすればよいかを理解している。","分かる→説明できるに。以下から統合。小児科,脳神経外科,臨床検査科,耳鼻咽喉科,産婦人科,皮膚科,形成外科,整形外科,小児の診察,その他,泌尿器科,麻酔科,歯科口腔外科,眼科,病理診断科,外科,リハビリテーション科,放射線科,精神科,内科","技能で審議しこのままとしました","基本診療科へのコンサルテーションの方法について説明でき、指導医とともに実施することができる","","","","","","","183と合併でいいと思います","",""
"治療を含む対応の実施","患者ケアに必要な連携","","Jkxir4U","G-04-03-na-02","学外の臨床研修病院等の地域病院や診療所、さらに保健所や社会福祉施設等の協力を得る。","","削除:学外の臨床研修病院等の地域病院や診療所、さらに保健所や社会福祉施設等の協力を得る。","","","","","","","方略であるため","削除しました","医学生に協力を得させるのは無理難題。
「〜施設等での経験をもとに病院外の施設との協力について説明できる」","","教育システムという意味であれば学生の学習目標ではないと思いますので削除でよいと思いますし、医療・福祉・介護の実践のための施設間の連携という意味だとしても、学生レベルを超えています。また後者の場合は総合34.40あたりで扱われているので、結局削除でよいのでは。","","","記載場所？","","学生が自ら協力をえるとは思いにくいです","",""
"治療を含む対応の実施","患者ケアに必要な連携","","Jkxir4Y","G-04-03-na-03","必要に応じて臨床教授制度等を利用する。","","削除:必要に応じて臨床教授制度等を利用する。","","","","","","","方略であるため","削除しました","この項目は削除 → 方略で記載を","これは学生ではなく教員のやるべきことでは？もしくは方略か？","患者ケアに必要な連携で臨床教授制度を利用する、というのをどうカリキュラムに反映させればいいのか想像がつきません。削除でもよいのでは？","","","不要では・","","学生自らが利用するとは思いにくいです","組織体制などの方略だと思います。主語が医学生ではなくなっています。",""
"治療を含む対応の実施","患者ケアに必要な連携","","Jkxir4c","G-04-03-na-04","早期臨床体験実習を拡充し、低学年から継続的に地域医療の現場に接する機会を設ける。","","削除:早期臨床体験実習を拡充し、低学年から継続的に地域医療の現場に接する機会を設ける。","","","","","","","方略であるため","削除しました","この項目は削除 → 方略で記載を
「医学生の早い段階から患者と接する経験をもとに、医学と地域医療を含む医療について概説できる」くらいだと目標にすることは不可能ではないか？","これは学生ではなく教員のやるべきことでは？もしくは方略か？","学生のアウトカムとしての表現ではないと思いますし、早期体験実習や継続的な地域医療の実習機会は、総合で扱われているアウトカムを達成するための方略だと思いますので、削除でよいのでは。","","","ここでは不要では？","","主語が学生ではないと思います","総合の「地域におけるプライマリ・ケア」にも属する項目かもしれません。ただ、主語は医学生になるように修正した方がよろしいかと思います。もしくは方略でしょうか。",""
"治療を含む対応の実施","患者ケアに必要な連携","","Jkxir4g","G-04-03-na-05","衛生学・公衆衛生学実習等と連携し、社会医学的（主に量的）な視点から地域を診る学習機会を作る。","","削除:衛生学・公衆衛生学実習等と連携し、社会医学的（主に量的）な視点から地域を診る学習機会を作る。","","","","","","","方略であるため","削除しました","この項目は削除 → 方略で記載を","これは学生ではなく教員のやるべきことでは？もしくは方略か？","総合83に統合：「患者、家族、生活環境、地域社会、病院等の組織等について理解し【誰と？】共有するために、 量的研究のみならず、エスノグラフィ等の質的記述的研究の基本的な視点や方法(参与観察やインタビュー)を用いることができる。」学習機会を作るのは学生の目標ではないと思いますので。","","","
ここでは不要では？
","","主語が学生ではないと思います","",""
"治療を含む対応の実施","患者ケアに必要な連携","","Jkxir4k","G-04-03-na-06","人類学・社会学・心理学・哲学・教育学等と連携し、行動科学・社会科学的（主に質的）な視点から地域における生活の中での医療を知り体験する学習機会を作る。","","削除:人類学・社会学・心理学・哲学・教育学等と連携し、行動科学・社会科学的（主に質的）な視点から地域における生活の中での医療を知り体験する学習機会を作る。","","","","","","","方略であるため","削除しました","この項目は削除 → 方略で記載を","これは学生ではなく教員のやるべきことでは？もしくは方略か？","学習機会を作るのは学生のアウトカムではないと思うのと、あまりに高い統合された能力としての表現であり、学生のカリキュラムに落とし込むにはもう少し細分化したほうがよいと思います。すでに総合83で行動科学・社会科学的アプローチの適用、哲学は社会53、教育学は生涯17-20で扱われており、心理学はコミュ11で扱うことにして、削除でよいのでは？","","","ここでは不要では？","","主語が学生ではないと思います","",""
"治療を含む対応の実施","患者ケアに必要な連携","","Jkxir4o","G-04-04-na-04","チームトレーニングによって、チーム医療の実践能力を高める。","","削除:チームトレーニングによって、チーム医療の実践能力を高める。","","","","","","","方略であるため","削除しました","この項目は削除 → 方略で記載を","多職種連携と重なる","チームトレーニングは方略であり、ここではチーム医療の実践能力として具体的にどのような資質や能力（およびそのために学ぶべき内容）だと思いますが、それは多職種で扱われています。したがって削除を提案します。","","","","","多職種でしょうか。チームトレーニングの意味がわかりかねます","",""
"治療を含む対応の実施","患者ケアに必要な連携","","Jkxir4s","F-02-14-na-02","リハビリテーション・チームの構成を理解し、医師の役割を説明できる。","","削除:リハビリテーション・チームの構成を理解し、医師の役割を説明できる。","","","","","","","「理学療法、作業療法と言語聴覚療法を概説できる。」と統合","削除しました","リハビリテーション・チームの目的と構成を理解し、チームのなかでの医師の役割を説明できる。","","","","","","","","",""
"治療を含む対応の実施","患者ケアに必要な連携","","Jkxir4w","F-02-15-na-02","在宅医療における多職種連携の重要性を説明できる。","","削除:在宅医療における多職種連携の重要性を説明できる。","","","","","","","総合へ","削除しました","在宅医療における多職種連携経験し、その目的と重要性を説明できる","多職種連携と重なる","「重要性を説明できる」がもう少し具体的なほうが、何を学ぶべきかがわかりやすい。「在宅医療に携わる多職種の構成、および多職種連携の目的や課題について説明できる。」","","","","","","",""
"治療を含む対応の実施","患者ケアに必要な連携","褥瘡の予防、評価、処置・治療について理解している。","Jkxir40","F-02-15-na-03","褥瘡の予防、評価、処置・治療及びチーム医療の重要性を説明できる。","褥瘡の予防、評価、処置・治療及びチーム医療の重要性を説明できる。","褥瘡の予防、評価、処置・治療及びチーム医療の重要性を説明できる。","褥瘡の予防、評価、処置・治療について理解している。","説明→理解、チーム医療を削除","",2.0,"","褥瘡の予防、評価、処置・治療について理解している。","","","","","","","","","","","",""
"治療を含む対応の実施","患者ケアに必要な連携","","Jkxir44","F-02-16-na-01","緩和ケア（緩和ケアチーム、ホスピス、緩和ケア病棟、在宅緩和ケアを含む）を概説できる。","緩和ケア（緩和ケアチーム、ホスピス、緩和ケア病棟、在宅緩和ケア等）を説明できる。","緩和ケア（緩和ケアチーム、ホスピス、緩和ケア病棟、在宅緩和ケアを含む）を説明できる。","","総合30-32と重複","",2.0,"","","","技能で審議しこのままとしました","緩和ケア（・・・・・）の目的と重要性を説明できる","","緩和ケアそのものに対する説明能力は、技能よりは知識で扱うべき。連携に関するから技術でということだと思うので、「緩和ケアにおける多職種連携（緩和ケアチーム,...）を概説できる」","","","","","","",""
"治療を含む対応の実施","診療計画カンファレンス","症例検討会において適切にプレゼンテーションできる。","Jkxir48","F-03-03-na-03","症例を適切に要約する習慣を身に付け、状況に応じて提示できる。","医師カンファレンスにおいて症例を適切に要約し提示できる。","医師カンファレンスにおいて症例を適切に要約し提示できる。","症例検討会において適切にプレゼンテーションできる。","日本語を修正","",2.0,"","症例検討会において適切にプレゼンテーションできる。","（≒プレゼンテーションスキル、小松）","技能で審議しこのままとしました","医師カンファレンスと限定しなくてよいのでは","","","","","","","","",""
"治療を含む対応の実施","診療計画カンファレンス","","Jkxir5A","","","多職種カンファレンスに参加し発言することができる。","多職種カンファレンスに参加し発言することができる。","","連携６と重複","",2.0,"","","新設","技能で審議しこのままとしました","上と合同して、要約・提示でいいと思います","多職種連携と重なる","","","","","","","",""
"治療を含む対応の実施","診療計画カンファレンス","診察で得た情報を上級医にわかりやすく報告できる。","Jkxir5E","F-03-02-na-05","診察で得た所見、診断、必要な検査を上級医に説明、報告できる。","診察で得た所見、診断、必要な検査を上級医に説明、報告できる。","診察で得た所見、診断、必要な検査を上級医に説明、報告できる。","診察で得た情報を上級医にわかりやすく報告できる。","日本語を修正","",2.0,"","診察で得た情報を上級医にわかりやすく報告できる。","（≒プレゼンテーションスキル、小松）","技能で審議しこのままとしました","","","診察所見を説明・報告する（Reporter）レベルでよいのか、所見を解釈した診断推論および必要な検査の提案（Interpreter）レベルなのか。後者を卒業時レベルのアウトカムにするなら、それを明確にしたほうがよい。「診察で得た所見を解釈し、診断および必要な検査についての考察を上級医に説明できる。」","","","","","","201と203の配置を入れ替え。",""
"診療経過の振り返りと改善","振り返りカンファレンス","M&Mカンファレンスに参加して自身の意見を述べることができる。","Jkxir5I","","","M&Mカンファレンスに参加し発言することができる。","M&Mカンファレンスに参加し発言することができる","M&Mカンファレンスに参加して自身の意見を述べることができる。","","",2.0,"","M&Mカンファレンスに参加して自身の意見を述べることができる。","多職種カンファレンスに入れてしまう（もしくは患者安全の方？）。Ｍ＆Ｍを第4層でもよい。→第4層としてみました。文言はこれで良いでしょうか?(近藤)","技能で審議しこのままとしました","発言が何を意味するか？","いいですね！","M&M (Morbidity and Mortality) カンファレンス","","具体的で良いですが、発言できるかどうかは、学生の態度以上に会の空気次第だと思います。","","","","",""
"診療経過の振り返りと改善","振り返りカンファレンス","CPCに参加して自身の意見を述べることができる。","Jkxir5M","","","CPCカンファレンスに参加し発言することができる。","CPCカンファレンスに参加し発言することができる","CPCに参加して自身の意見を述べることができる。","CPCカンファランスは日本語がおかしい","",2.0,"","CPCに参加して自身の意見を述べることができる。","医師カンファレンスに入れてしまう。ＣＰＣを第4層にでもよい。→第4層の場合医師カンファレンスが第3層でしょうか? CPCは治療を含む対応の実施では内転が気にかかります(近藤)","技能で審議しこのままとしました","上とまとめてもいいのでは","いいですね！","CPC (Clinico-pathological conference)。「カンファレンス」が重複するので削除。","","同上","","","","","【宮地】（やっぱり「CPCカンファレンス」って変だと思うんですけど、私だけですか？CPCか臨床病理検討会では？）"
"診療経過の振り返りと改善","自己省察とメタ認知","","Jkxir5Q","F-02-01-na-06","状況に応じ、診断プロセスと治療やマネジメントが並行して行われることが説明できる。","診療中に自分が行っている診療を振り返ることができる。","診療中に自分が行っている診療を振り返ることができる","","生涯18と重複","",2.0,"","","","文言を修正しました","同時進行がわかっていないと卒業できないという意味でしょうか？学修目標になりますか？","","これをどのようにカリキュラムに落とし込むかが想定しにくい。「緊急性や重症度に応じ、医療面接・身体診察・検査などの情報収集、診断確定、治療の各プロセスの優先度の判断や同時並行での実施といった、全体を俯瞰した臨床マネジメントを指導医と行うことができる」ということでしょうか？","","診断的治療を意図しているのであれば、メタ認知のレベルとは言えません∴削除","","","","",""
"診療経過の振り返りと改善","自己省察とメタ認知","","Jkxir5U","G-04-04-na-05","振り返りによって自己省察能力を高める。","診療後に自分が行った診療を振り返ることができる。","診療後に自分が行った診療を振り返ることができる","","生涯18と重複","",2.0,"","","","文言を修正しました","その通りで重要なことなのですが、具体的でなく振り返りで省察するという文章も馬から落ちて落馬するような・・","生涯と重なる","パフォーマンスとしての表現に近づけるなら「振り返りによって自己省察的に学習できる」","","","","振り返りと自己省察の違いがよく分かりません。","生涯でしょうか","生涯にわたって共に学ぶ姿勢にも省察があるため、どちらかに統合。その場合、メタ認知は必要なので残す。",""
"診療経過の振り返りと改善","患者安全の配慮と促進","","Jkxir5Y","F-02-01-na-05","診断過誤の原因とその防止法を説明できる。","","削除：診断エラーの原因とその防止法を説明できる。","","","","","","","","削除しました","医療安全（患者安全）のところへ移しては","","","","","","","","「診断過誤」は「診断エラー」への変更はいかがでしょうか。昨今は後者で呼ばれる機会が増えております。",""
"診療経過の振り返りと改善","患者安全の配慮と促進","","Jkxir5c","F-03-03-na-04","プライバシー保護とセキュリティーに充分配慮できる。","","削除:プライバシー保護とセキュリティーに充分配慮できる。","","","","","","","コミュニケーションチームあるいは情報チームへ","削除しました","コミュニケーションチームあるいは情報チームへ","","コミュ5-6で扱われており、削除でもよい？","","","","充分→十分ではないでしょうか。","コミュにもありました","",""
"診療経過の振り返りと改善","患者安全の配慮と促進","","Jkxir5g","F-03-05-01-02","患者の安全を重視し、有害事象が生じた場合は適切に対応ができる。","","削除:患者の安全を重視し、有害事象が生じた場合は適切に対応ができる。","","","","","","","医療安全（生涯教育）へ","削除しました","医療安全（生涯教育）へ","","卒業時レベルだとひとりで対応できることではなく、まず上級医への報告では。「患者の安全を重視し、有害事象が生じた場合は上級医に報告できる」","","","","","","",""
"診療経過の振り返りと改善","患者安全の配慮と促進","","Jkxir5o","F-03-05-01-03","患者のプライバシー、羞恥心、苦痛に配慮し、個人情報等を守秘できる。","","削除:患者のプライバシー、羞恥心、苦痛に配慮し、個人情報等を守秘できる。","","","","","","","コミュニケーションチームへ","削除しました","コミュニケーションチームへ","","コミュ5と重複","","","統合可能そうです。","","","",""
"診療経過の振り返りと改善","患者安全の配慮と促進","","Jkxir5s","F-03-05-01-04,F-03-06-01-03","感染を予防するため、診察前後の標準予防策(standard precautions)ができる。,手指衛生等の標準予防策(standard precautions)を実施できる。","","削除：感染を予防するため、診察前後の標準予防策(standard precautions)ができる。","","","","","","","標準予防策〈standard precautions〉の必要性を説明し、実践できる。に統合","削除しました","","","213と統合し、「診察前後などに手指衛生等の標準予防策（standard precautions）を実施できる」でよいのでは。","","","","","知識と重なります","","【宮地】知識221に統合（ただし「理解している」レベル）"
"診療経過の振り返りと改善","患者安全の配慮と促進","","Jkxir5w","F-03-06-01-03","手指衛生等の標準予防策(standard precautions)を実施できる。","","削除:手指衛生等の標準予防策(standard precautions)を実施できる。","","","","","","","「感染を予防するため、診察前後の標準予防策(standard precautions)ができる。」に統合","削除しました","","","","標準予防策〈standard precautions〉と記載","","","","生涯と重なります","","【宮地】知識221に統合（ただし「理解している」レベル）"
"医療の質と患者安全","医療の質向上","品質改善の手法を用いて医療を改善する重要性を理解し、繰り返し評価する姿勢を身に着ける。","JkxoFEA","","","品質改善の手法を用いて医療を改善する重要性を理解し、繰り返し評価する姿勢を身に着ける。","品質改善の手法を用いて医療を改善する重要性を理解し、繰り返し評価する姿勢を身に着ける。","品質改善の手法を用いて医療を改善する重要性を理解し、繰り返し評価する姿勢を身に着ける。","ママ","",2.0,"","品質改善の手法を用いて医療を改善する重要性を理解し、繰り返し評価する姿勢を身に着ける。","新規","","","","","","","","","","",""
"医療の質と患者安全","医療従事者の健康管理","医療従事者に求められる健康管理（生活習慣改善、予防接種、被ばく低減策）、職業感染対策（結核スクリーニング、ワクチン接種）を実践する。","JkxoFEE","A-06-03-na-01、A-06-03-na-04","{not found: A-06-03-na-01、A-06-03-na-04}","医療従事者の健康管理（生活習慣改善、予防接種、被ばく低減策）、職業感染対策（結核スクリーニング、ワクチン接種）を実践できる。","医療従事者の健康管理（生活習慣改善、予防接種、被ばく低減策）、職業感染対策（結核スクリーニング、ワクチン接種）を実践できる。","医療従事者に求められる健康管理（生活習慣改善、予防接種、被ばく低減策）、職業感染対策（結核スクリーニング、ワクチン接種）を実践する。","日本語を修正","",2.0,"","医療従事者に求められる健康管理（生活習慣改善、予防接種、被ばく低減策）、職業感染対策（結核スクリーニング、ワクチン接種）を実践する。","睡眠、過重労働、生活習慣とリスク","","","","","","","","","","",""
"医療の質と患者安全","医療従事者の健康管理","自身を含む医療者の労働環境の改善の必要性を理解し、実際の医療現場において改善に努めることができる。","JkxoFEM","A-06-03-na-05","医療現場における労働環境の改善の必要性を説明できる。","自身を含む医療者の労働環境の改善の必要性を理解し、実際の医療現場において改善に努めることができる。","自身を含む医療者の労働環境の改善の必要性を理解し、実際の医療現場において改善に努めることができる。","自身を含む医療者の労働環境の改善の必要性を理解し、実際の医療現場において改善に努めることができる。","ママ","",2.0,"","自身を含む医療者の労働環境の改善の必要性を理解し、実際の医療現場において改善に努めることができる。","長時間労働の医師の健康管理,自身を含む医療者の労働環境の改善の必要性を説明できる。から改変","","","","","","","","","","",""
"医療の質と患者安全","安全管理体制","患者安全のための管理体制と各々の役割（リスクマネージャー、医療安全管理委員会等）を理解している。","JkxoFD4","A-06-01-na-06","医療機関における医療安全管理体制の在り方（事故報告書、インシデントレポート、医療事故防止マニュアル、医療廃棄物処理、医療安全管理者（リスクマネージャー）、安全管理委員会、事故調査委員会、医療事故調査制度、産科医療補償制度）を概説できる。","患者安全のための管理体制と各々の役割（リスクマネージャー、医療安全管理委員会等）を説明できる。","患者安全のための管理体制と各々の役割（リスクマネージャー、医療安全管理委員会等）を説明できる","患者安全のための管理体制と各々の役割（リスクマネージャー、医療安全管理委員会等）を理解している。","説明→理解","",2.0,"","患者安全のための管理体制と各々の役割（リスクマネージャー、医療安全管理委員会等）を理解している。","","","","","","","","","","","",""
"医療の質と患者安全","安全管理体制","医療過誤に関連した刑事・民事責任や医師法に基づく行政処分を理解している。","JlBpVX0","A-06-02-na-03","医療過誤に関連した刑事・民事責任や医師法に基づく行政処分を説明できる。","医療過誤に関連した刑事・民事責任や医師法に基づく行政処分を説明できる。","医療過誤に関連した刑事・民事責任や医師法に基づく行政処分を説明できる。","医療過誤に関連した刑事・民事責任や医師法に基づく行政処分を理解している。","説明→理解","",2.0,"","医療過誤に関連した刑事・民事責任や医師法に基づく行政処分を理解している。","","","","","","","","","","","",""
"医療の質と患者安全","感染制御","医療関連感染症に関連したシステム（院内感染対策委員会、院内感染サーベイランス、感染制御チーム（ICT）、感染対策マニュアル等)の役割や意義を理解して参加する。","JkxoFD8","A-06-01-na-07","医療関連感染症の原因及び回避する方法（院内感染対策委員会、院内感染サーベイランス、院内感染対策チーム(infection control team <ICT>)、感染対策マニュアル等)を概説できる。","医療関連感染症の原因と対策（院内感染対策委員会、院内感染サーベイランス、感染制御チーム（ICT）、感染対策マニュアル等)を理解し、積極的に参加できる。","医療関連感染症の原因と対策（院内感染対策委員会、院内感染サーベイランス、院内感染対策チーム(infection control team <ICT>)、感染対策マニュアル等)を理解し、積極的に参加できる。","医療関連感染症に関連したシステム（院内感染対策委員会、院内感染サーベイランス、感染制御チーム（ICT）、感染対策マニュアル等)の役割や意義を理解して参加する。","日本語を変更","",2.0,"","医療関連感染症に関連したシステム（院内感染対策委員会、院内感染サーベイランス、感染制御チーム（ICT）、感染対策マニュアル等)の役割や意義を理解して参加する。","ICTはこのままでよいか、Information and Communication Technology","","","","","","","","","","",""
"医療の質と患者安全","感染制御","標準予防策（Standard precautions）の必要性を説明し、実践できる。","JkxoFEI","A-06-03-na-02","標準予防策(standard precautions)の必要性を説明し、実行できる。","標準予防策（Standard precautions）の必要性を説明し、実践できる。","標準予防策〈standard precautions〉の必要性を説明し、実践できる。","標準予防策（Standard precautions）の必要性を説明し、実践できる。","ママ","",2.0,"","標準予防策（Standard precautions）の必要性を説明し、実践できる。","患者ケアと重複する→削除？安全の項目として重視するのであればむしろこちらを残す？","","","","","","","","","","",""
"医療の質と患者安全","感染制御","針刺切創、体液暴露等に遭遇した際、適切に対処できる。","JlBpVX4","A-06-03-na-04","針刺し事故（針刺切創）等に遭遇した際の対処の仕方を説明できる。","針刺切創、体液暴露等に遭遇した際、適切に対処できる。","針刺切創、体液暴露等に遭遇した際、適切に対処できる。","針刺切創、体液暴露等に遭遇した際、適切に対処できる。","ママ","",2.0,"","針刺切創、体液暴露等に遭遇した際、適切に対処できる。","文言を変更","","","","","","","","","","",""
"医療の質と患者安全","患者安全の配慮と促進","基本的予防策（患者確認、ダブルチェック、チェックリスト法、類似名称薬への注意喚起、フェイルセイフ・フールプルーフの考え方等）を実践できる。","JlBpVX8","A-06-02-na-04","基本的予防策（ダブルチェック、チェックリスト法、薬品名称の改善、フェイルセイフ・フールプルーフの考え方等）を概説し、指導医の指導の下に実践できる。","基本的予防策（患者確認、ダブルチェック、チェックリスト法、類似名称薬への注意喚起、フェイルセイフ・フールプルーフの考え方等）を説明し、実践できる。","基本的予防策（患者確認、ダブルチェック、チェックリスト法、類似名称薬への注意喚起、フェイルセイフ・フールプルーフの考え方等）を説明し、実践できる。","基本的予防策（患者確認、ダブルチェック、チェックリスト法、類似名称薬への注意喚起、フェイルセイフ・フールプルーフの考え方等）を実践できる。","説明→実践","",2.0,"","基本的予防策（患者確認、ダブルチェック、チェックリスト法、類似名称薬への注意喚起、フェイルセイフ・フールプルーフの考え方等）を実践できる。","患者確認を追加、類似名称薬への注意喚起と表現の変更","","","","","","","","","","",""
"医療の質と患者安全","患者安全の配慮と促進","医療の安全性に関する情報（薬剤等の副作用、薬害、医療過誤、やってはいけないこと、優れた取組事例等）を共有し、事後に役立てるための分析ができる。","JkxoFD0","A-06-01-na-04","医療の安全性に関する情報（薬剤等の副作用、薬害、医療過誤（事例や経緯を含む）、やってはいけないこと、優れた取組事例等）を共有し、事後に役立てるための分析の重要性を説明できる。","医療の安全性に関する情報（薬剤等の副作用、薬害、医療過誤、やってはいけないこと、優れた取組事例等）を共有し、事後に役立てるための分析ができる。","医療の安全性に関する情報（薬剤等の副作用、薬害、医療過誤、やってはいけないこと、優れた取組事例等）を共有し、事後に役立てるための分析ができる。","医療の安全性に関する情報（薬剤等の副作用、薬害、医療過誤、やってはいけないこと、優れた取組事例等）を共有し、事後に役立てるための分析ができる。","ママ","",2.0,"","医療の安全性に関する情報（薬剤等の副作用、薬害、医療過誤、やってはいけないこと、優れた取組事例等）を共有し、事後に役立てるための分析ができる。","薬剤の誤投与のビデオ→分析 90×2時間","","","","","","","","","","",""
"医療の質と患者安全","患者安全の実践","個人及び組織における患者安全管理の重要性を理解し、行動できる。","JkxoFDo","A-06-01-na-02","医療上の事故等を防止するためには、個人の注意（ヒューマンエラーの防止）はもとより、組織的なリスク管理（制度・組織エラーの防止）が重要であることを説明できる。","個人及び組織における患者安全管理の重要性を理解し、行動できる。","個人及び組織における患者安全管理の重要性を理解し、行動できる。","個人及び組織における患者安全管理の重要性を理解し、行動できる。","ママ","",2.0,"","個人及び組織における患者安全管理の重要性を理解し、行動できる。","患者安全のための個人および組織におけるリスク管理の重要性を理解し、行動できる。ヒューマンファクターズ 90分 講義","","","","","","","","","","",""
"医療の質と患者安全","患者安全の実践","診療録の重要性を理解し、適切に記載し取り扱うことができる。","JkxoFDs","A-06-01-na-03","医療現場における報告・連絡・相談と記録の重要性や、診療録（カルテ）改竄の違法性を説明できる。","診療録の重要性を理解し、適切に記載し取り扱うことができる。","診療録の重要性を理解し、適切に記載し取り扱うことができる。","診療録の重要性を理解し、適切に記載し取り扱うことができる。","ママ","",2.0,"","診療録の重要性を理解し、適切に記載し取り扱うことができる。","医療現場における報告・連絡・相談を実践し、記録の重要性を理解する。から改変,インシデントレポート、M＆Mカンファ、2 challenge rule","","","","","","","","","","",""
"医療の質と患者安全","患者安全の実践","","JkxoFDw","A-06-01-na-03","医療現場における報告・連絡・相談と記録の重要性や、診療録（カルテ）改竄の違法性を説明できる。","患者や介護者と協働するために情報共有することの重要性を説明できる。","患者や介護者と協働するために情報共有することの重要性を説明できる。","","説明→理解","",2.0,"","","コミュニケーションと多職種へ送る査読あったが、情報開示の観点で「患者や介護者と協働するための情報共有を理解できる」から文言変更してのこす,オープンディスクロージャー ロールプレイ90分","","","","","","","","","","",""
"医療の質と患者安全","患者安全の実践","真摯に疑義に応じることができる。","JlBpRvs","A-06-01-na-08","真摯に疑義に応じることができる。","真摯に疑義に応じることができる。","真摯に疑義に応じることができる。","真摯に疑義に応じることができる。","ママ","",2.0,"","真摯に疑義に応じることができる。","患者ケアのための診療技能","","","","","","","","","","",""
"医療の質と患者安全","患者安全の実践","医療上の事故等（インシデントを含む）が発生した際に、緊急対応や記録、報告することができる。","JlBpRvw","A-06-02-na-01,A-06-02-na-02","医療上の事故等（インシデントを含む）と合併症の違いを説明できる。,医療上の事故等（インシデントを含む）が発生したときの緊急処置や記録、報告を説明し、実践できる。","医療上の事故等（インシデントを含む）が発生したときの緊急対応や記録、報告を説明し、実践できる。","医療上の事故等（インシデントを含む）が発生したときの緊急対応や記録、報告を説明し、実践できる。","医療上の事故等（インシデントを含む）が発生した際に、緊急対応や記録、報告することができる。","説明→実践的な動詞","",2.0,"","医療上の事故等（インシデントを含む）が発生した際に、緊急対応や記録、報告することができる。","医療上の事故等（インシデントを含む）と合併症の違いを説明できる。をまとめた","","","","","","","","","","",""
