"第1層イニシャル","UID","査読への返答","A","B","C","D","E","F","G","H","I"
"PR","JkxiJUs","平叙文で記述すると「当たり前の行動原則」について書かれているように学習者・教育者に感じられるのではないかと思われます。しかし、現場においては、この「当たり前の行動原則」に則ることができない状況というものが多々発生し、その際に問われるのが「職業倫理規範」（プロフェッショナリズム）なのではないだろうか、と考えました。そして、そういった困難を伴う状況において「どうすれば良いだろうか？」を自ら考え続け、行動することが、今後求められるのではないか、と考えております。このため、今回「以下について考え続けそして適切に行動できる」という文言を文頭におき、以下を「問い」としてみました。全体会議でご討議いただいた結果を受けまして、問いではなく「考える」という要素を含んだ平叙文に書きかえました。","問いは斬新だが、到達すべき目標としては学修者にわかりにくく、評価も行いにくい（以下同文でこれ以降の記載は省略する）
・患者や社会に対して誠実に振る舞うことの重要性を「説明でき」「研修医1日目には実際に身につけている」など具体的な動詞は難しいですが","","","","最も教育効果が小さい資質であり、漠とした問なので割愛","表現についてですが、振る舞う　は、医師・医療ではなじまない気がしました。本心は　違う　というニュアンスがはいってしまうのでは。","","",""
"PR","JkxiJUw","一員を追記しました。","・・・集団であることは、学修者の目標になるでしょうか。
社会から信頼される専門職の一員であるための行動には、どのような要素があるのか説明でき、実際の行動に結びつけることができる","","「信頼される専門職集団の一員であるためにはどのように行動すればよいか？」Community of Practiceへの参加を意識した提案です。","","","","","",""
"PR","JkxiJU0","A/H:情報への移動を検討いただければと思いますが、コミュニケーションに入るならばそちらでも良いのかもしれません。情報・コミュニケーション・患者安全の中でどこに置くのが良いのか検討が必要だと思われます。C:「~できるか？」としたのは「できる」ことを前提としている、という意味を含んでおります。その上で、遵守しようとしてもいかんともできない場合（状況）について問いたいと考えているためこの文言といたしました。","守秘は情報で扱われると思います
大切なことなので、ここで扱うことはよいと思いますが、情報と関連づけ（参照）がされるといいと思います","","「何が守秘義務の遵守を妨げるか？」望ましい態度としての表現でなくてもよいなら、こちらの問いのほうが表面的でない思考を促せるように思いました。","","","","","守秘義務についてはコミュニケーションの6でもでてきます。どちらかに統一すべきでしょうか？",""
"PR","JkxiJU4","A:問いにした理由は上記の通りです。（A2)　C:総合の省察とこの項目はご指摘いただいた通り関連があります。総合の省察において、強み・弱みについて考えることも想定しておられると思いますが、このプロフェッショナリズムは、自分自身ができないことにいかに気付くことができるのか（できないのか）という点に焦点をあてました。そして、「認識する」に止まらず、それを「認識」する個人の態度と、個人がその仕組み（環境）を作っていくことも含め考えてほしい、と考えてこの問いとしました。また、バーンアウトもこの「限界」の中に含まれていると考えいますが一要素（帰結）であると考え言葉としては残しませんでした。バーンアウトに関しては、患者安全と医療の質でも、医師の精神的・身体的限界についての項目があり、そちらでも扱えるのではないかと考えています。H:ご指摘いただいた通り、「限界」を認識する際には、フィードバックを受け入れることも含まれるかと思います。","自身の限界を認識する習慣を身につけ、医師になるものとしての行動に結びつけることができる","","総合と技能で扱われている省察との関連を考えると、限界だけではなく、自分自身の特性、強みと弱みが表現できるといいと思いました。B-04-01-na-10　バーンアウトリスクについてはどこにも反映されていませんが、「バーンアウトリスク」というキーワードは残しますか？","","","","","自分自身の限界を受け止めることと他者のフィードバックを受け入れることは近いのではないかと感じますので、５と６はひとまとめでもいいのかなと思いました。",""
"PR","JkxiJU8","問いにした理由は上記の通りでしたが、全体会議での討論の結果、平叙文といたしました。（A2)　C:他者からのフィードバックを受け入れる際の障壁について考えたところで停止するのではなく、「受け入れること」について考えてもらうための問いかけとして考えてみました。（ここでは考えることとして、「謙虚さ」「自らを省みること」「複眼的視点」「メタ視点」などを想定しています。）E:ここでは個人の可変性について想定しています。（今回のプロフェッショナリズムは、医師人生をかけて涵養し続けるものという前提のもと作成してみております。）また、フィードバックの仕方については生涯学習の中の成人学習理論・協働学習に含まれているのではないかと思われます。","他者からのフィードバックを受け入れる方法を持ち、受け入れる態度を身につけている","","考えるのが難しい問いだと思いました。「何が他者からのフィードバックを受け入れることの障壁になるか？」のほうが考えやすいですし、文献もたくさんあります。","","心持ちを変えるのは困難。むしろフィードバックの仕方を工夫した方が実効性がある。∴省察の元では割愛→他所へ移せないか？","","","",""
"PR","JkxiJVA","誰に対しても・話す相手に応じて話すことができる能力を想定しています。I: 患者さんたちの意思決定に限らず、様々な人々との会話において「相手に伝わる」ように話すことを目指すためにどうすれば良いか、を尋ねる問いにしておりました。全体会議での討論の結果、兵序文とし、「説明する」ではなく、「説明を理解する」段階にとどめております。","わかりやすく正確な説明を行うことができる
誰への説明ですか？","","","","","","","","「意思決定のために」を追記してはいかがでしょうか。"
"PR","JkxiJVE","患者の自律性を尊重することを想定していました。「自律性の尊重」と変更しています。","ここで言う自律性とは患者の自律性でしょうか？それとも医師（医学生）の自律性でしょうか
第２層「信頼」というなかにおいてありますが、プロフェショナリズムのなかでの自律性はやはり医師の自律性だと思います","","","","","","","","説明責任に包含されませんでしょうか。"
"PR","JkxiJVI","他項目でも「患者を含めた」は入っていないのですが「患者」を含んでいます。ここで「他者」といった時に、「他者とは誰か？」と疑問に思う方がおられるかもしれないと考え「患者も含めた」という文言を入れてみました。","","","「患者を含めた」を省略してもよいのでは？","","","","","他の項目では「患者を含めた」が入らないです。",""
"PR","JkxiJVM","利他的であることは上の「思いやり」に含まれると考えております。そのため、「利他的に行動できる」は、「思いやりをもって他者に接することができる」（9）に含まれ得ると考えました。この「思いやりをもって他者に接することができる」ことを目指しつつ、そうはいっても、「利他的ではいられない状況」があり得るかと思います。こういった「利他的でいられない状況」について想定し、その時、自分はどうすべかを考えてもらうことができれば、と考えこの問いを作成しました。＞問いは全体会議の結果、平叙文にしておりますが、「考える」という文言は文中に残しております。","利他に相応するものを利己と置いてよいものでしょうか。言葉に酔っていると思います。
利己でない部分は多くの医師にありますが、その中でさらに利他的な態度と行動の重要性を認識し、行動にまでつながることを目標として明示してほしいです","","「利己と利他が両立し得なくなるのはどのような時か？」のほうが考えやすいと個人的には思います。","","新設のプライオリティは高くない。9に統合可能。","表現についてですが、利他的行動は、自分のためになるという展開は、初学者に対する医師・医療教育では若干なじまないのではと思いました。勘違いであれば申し訳ありません。","","",""
"PR","JkxiJVQ","これは医療の質・患者安全に移動しました。医療の質・患者安全は技能チームで扱っていただく予定です。","これは思いやりと利他ではないと思います。","","","","新設のプライオリティは高くない。メンタルハイジーンは、この項目に限らない普遍的な課題。","","","生涯9の医療従事者の健康管理と重なる部分があると思います。",""
"PR","JkxiJVU","A: そもそも「他者理解」とは何か？という問いに変換しました。他者は理解できない、という前提があり、どこまで理解できるのだろうか、理解できるとはどういう状態なのだろうか、といったことを考えてほしいと意図を込めております。他者を理解しようとし続けることが、人（病める人）との関係を構築していく上で医療専門家には求められることだと思われます。C:自己理解については、総合の「省察」と、プロフェッショナリズムの5「自己の限界」と13「自分と自集団の持つ偏見」とで扱っています。E:漠然とした問いで、哲学的ではあるのですが、医療を実践する上では非常に重要な問いなのではないかと思っております。問いについては、全体会議を受けて平叙文としています。","一般論としての他者理解と自己理解は第３層ならOKですが、第４層は具体的な記載が必要
プロフェッショナリズムの１項目として何が求められるのでしょうか","","5で自己の限界しか触れないのであれば、ここは「自己と他者」を対象とするほうがいいのではないでしょうか。「自己と他者を理解するにはどうすればよいか？","","漠とした問なので割愛","","","",""
"PR","JkxiJVY","C:自分たちの持つ価値観（いわゆるpositiveな方向性を持つもの）ではなく、偏見(negativeは方向性を持ち、見えないもの）に自覚的であることは非常に難しいと考えたため、この問いとしました。この偏見は、見えないがために他者を理解する上で気づかない障壁になっている可能性があるのではないか、と考えております。（これは「社会的公正教育」において指摘されていることで、例えば差別の問題、ジェンダーの問題などは、この「偏見」（あるいは「特権」）に自覚的でなければなかなか乗り越えることができない、と言われております。）","","","自分や自集団の偏見は妨げになることが多いですが、自分や自集団の持つ価値観を知ることは他者を適切に理解するために必要なことだと考えると、「他者を理解する上で影響しうる自分や自集団の価値観はどのようなものか？」","","","","","",""
"PR","JkxiJVc","E:「一見無礼でも患者思い」は、外からみて「無礼」であっても患者さんと医師の関係性において適切な「礼節」であるという意味でしょうか？そうであればそれも「礼儀正しさ」であるといえるのかもしれない、と考えました。ここで記載した「礼儀」で想定していたのは「挨拶」を含む、非常に基本的な、関係を構築する上で必要な、相手を不快にさせない（相手に誤解させない）ような立ち居振る舞いについて、でした。","","","","","礼儀正しく振る舞うのが絶対の善という価値観は疑問、一見無礼でも患者思いの名医は存在しうる∴割愛","","","",""
"PR","JkxiJVg","C:入れ替えました。H:文頭に「以下について考え続けそして適切に行動できる」を付記しました。評価は難しいと思います。ここでは、「考え続け、それに基づき行動しようとすること」を重視しており、何が品格か定義し、評価することはあまり想定しておりません。","","","第３層が品格・礼儀の順なので、上記と入れ替え？","","","","","具体的な方略や評価が難しいように思います。「議論できる」くらいならいいと思いました。",""
"PR","JkxiJVk","C:医療資源の公平な分配とはどういうことなのか？についてまず考える必要があると考え改訂しました。H:社会制度・医療制度とは関連がありますが、それら制度についてだけでなく、社会状況、人々の言説、医療現場の状況、自分の経験や価値観などを含め、多角的に「公平性」について考える必要があるのではないか、と考えこの問いを設定してみました。＞問いを平叙文にしましたが「考える」要素は残しました。","","","「医療資源の公平な分配を妨げる行動とはなにか。」","","","","","医療保険制度や社会制度と関連しますでしょうか","保留中。"
"PR","JkxiJVo","SDHについては総合・社会的弱者については社会の中にあるため、こちらは削除しています。患者が弱者であると理解することについては「他者理解」に含まれていると考えております。","患者は社会的な弱者とは限らないと思います。（患者＝すでに弱者です）
患者が弱者であることを理解し、医師（医学生）として配慮することができる","","その人固有に備わった性質によってだけでなく、構造や関係性の中で弱者となりうることに目を向けることが、弱者に対するアドヴォケートの役割として必要だと思うので、「どのような社会構造や関係性の中で、どのような特性を持つ人たちが社会的弱者となりうるか？」はどうでしょうか。","","18に統合（定義は割愛）","","","17と１８はまとめてもいいように思います",""
"PR","JkxiJVs","同上","繰り返しますが、社会正義のなかには社会的弱者しか入らないのでしょうか","","","","","１７か１８どちらかにまとめてよいのではと思います。","","",""
"GE","JkxpsrE","","","","","","","","","",""
"GE","JkxpsrI","","","","","","","","","",""
"GE","JkxpsrM","（変更あり）ご指摘の通り、フレームワークについては。普遍的に用いられている項目（査読者にご指摘頂いた事例など）を追記させて頂きました。","基本的なフレームワークという言葉で誰もが同じものを想像できるでしょうか","「基本的なフレームワーク」がわかりにくい","カリキュラム作成者に対する情報としては「基本的なフレームワーク」に何が含まれるかがより具体的なほうがよいと思いました。「〜の基本的なフレームワーク（診断仮説、鑑別診断、二重課程理論（dual process theory）など）を概説できる」https://www.tandfonline.com/doi/full/10.1080/0142159X.2020.1842343","","","","","概説できる、でいいのでしょうか。","フレームワークの例がないと確かにイメージしにくいと思います。例としてキーワードとしてここに記載するか、方略で記載するか。"
"GE","JkxpsrQ","（変更なし）H28の項目についてスリム化を目的とし統合、その上で本項目を作成しております。技能チームと重複する可能性が場合、検討させて頂けますと幸いです。","検査計画、治療計画までは不要ということでいいですね（確認）","","","","","","","",""
"GE","JkxpsrU","（変更あり）ご指摘の通り、「未分化で多様かつ複雑」という表現は曖昧であると判断しました。そのため、より具体的な用語（臓器に特定されない健康問題など）に変更を行なっております。また、概説のレベルから、これらの問題に対するアプローチを説明できるというレベルに変更を行い対応させて頂きました。","未分化で多様かつ複雑という表現が誰もに通じるかどうかご検討ください。
しかも「概説できる」なので","","","","","","","言葉が少し難しいのですが、具体例をしめすことはできますでしょうか。",""
"GE","JkxpsrY","（変更あり）ご指摘の通り、パターンの部分は曖昧であったため、削除することで対応しております。","パターンという限りは一定の法則があるように聞こえますがそうですか？","","","","","","","パターン、というよりは、問題点やその介入方法、でしょうか",""
"GE","Jkxpsrc","（変更あり）ご指摘の通り、パターンの部分は曖昧であったため、削除することで対応しております。","パターンについて同上です
H28に比べて具体的にわかりにくくならないように","","","","","","","",""
"GE","Jkxpsrg","","","","","","","","","",""
"GE","Jkxpsrk","（変更なし）踏まえたアプローチはご指摘頂いた「配慮」を包含する意味で用いておりました。配慮を明示することで内容がより伝わるのであれば、再度検討させて頂けますと幸いです。","配慮という言葉は復活できませんか","","","","","","","",""
"GE","Jkxpsro","","","","","","","","","",""
"GE","Jkxpsrs","（削除）トラウマドインフォームドケアですが、社会PTでの有識者インタビューから得られた項目でした。そのコンテクストを確認し、子供に限らず、成人にも重要な概念だとは思いますが、現時点では十分に医療者にも共有されていない概念ですので、今回は削除といたしました。","新たな項目（概念）なので、一定の説明を入れるほうがいいと思います
この項目を入れる代わりに削除したのは何ですか？","","","","新規投入の必要性は高い文言でしょうか？","","","「トラウマインフォームドケア」をあまりよくわかっていないだけかもしれませんが、「身体・心理・社会の問題を統合したアプローチ」にふくまれないでしょうか。
","補足）2021年上半期社会PTより提案あり。私個人は、「すべての人にトラウマ体験の影響があるかもしれないということを念頭に置いたケアのアプローチ」と解釈しています。"
"GE","Jkxpsrw","（変更なし）コミュニケーションの23が削除で検討中と理解しております。そのためこの項目についてはそのまま総合で記載をしております。","","","コミュ23と重複しています。コミュに統合？","","","","","医療面接の技能にも思えます（技能４とかと近い？）","プロフェッショナリズム 「わかりやすく正確な説明を行うにはどのようにすればよいか？」にも該当（H28コアカリと同じ引用）"
"GE","Jkxpsr0","（変更あり）査読者Aのご指摘に従い、「個々の」を削除しました。","患者が単数形だとすると「病に及ぼす影響を」でよいと思います。ひとりの患者が多疾患を持っている場合に、そのひとつひとつの疾患に及ぼす影響…という風に読めます","","","","","","","",""
"GE","Jkxpsr4","（変更あり）ここで意図している共通の理解基盤は、「患者中心の医療（Patient-centered clinical method(PCCM)」を意図した内容になっており、ご指摘のインフォームドコンセント・アセントとは異なるものでした。診療におけることを追記し、明示するように変更しております。","インフォームド・コンセントとインフォームド・アセントという言葉は残したほうがよいのではないでしょうか","","コミュ23と一部重複。コミュ23は実践レベルを求めています。","","","","","どんな方法があるのか例示はあるでしょうか（インフォームドコンセントやアセントがそれに該当する？）","共通基盤を築くための「方法」を述べているので、キーワードや例示があった方が良い。コミュ21-23でインフォームドコンセントの記載があるため重複を検討。"
"GE","Jkxpsr8","（削除）ご指摘にしたがい、削除とさせて頂きました。","第三層と第四層があまり変わらないか","","","","問が漠然としているので割愛","削除候補と思います。","","大切なこととは思いますが、あえて入れなくてもいいように思いました。",""
"GE","JkxpssA","（変更あり）医療の継続性について、用語説明を補足することで、内容が読者に伝わりやすい形式し、ご指摘に対応しました（時間性、情報性、関係性など）。","急性期→慢性期→在宅などの継続でしょうか？一人の患者をずっと見るという意味でしょうか？
医療の継続性がいろいろな読み方をされそうです","","","","","削除候補と思います。","","b",""
"GE","JkxpssE","","","","","","","","","",""
"GE","JkxpssI","","","","","","","","","",""
"GE","JkxpssM","","","","","","","","","",""
"GE","JkxpssQ","（変更なし）チームで検討を重ねましたが、この項目については学生レベルで実施ができる内容と考え、変更を行わず記載しております。科学10と重複につきましては、今後チーム間での検討をさせて頂けますと幸いです。","","","「指導医とともに得られたエビデンスの批判的吟味ができる」が現実的かと。科学10と重複。","","","","","化学10と重複します。総合では診療現場での実践を示していると思いますが、違いがわかりにくいです。",""
"GE","JkxpssU","","","","","","","","","",""
"GE","JkxpssY","","","","","","","","","",""
"GE","Jkxpssc","（変更あり）査読者のコメントを元に、「目の前の」を「臨床実習で関わっている」に修正を行なっています。","目の前の→臨床実習で関わっている / 担当している","これはいいですね！","「患者に適用できる」レベルは研修医かと。「得られたエビデンスを、患者に対する治療・診断・説明の計画に適用できる」","","当たり前なので割愛。これはEBM世代前の経験だけで診療している医師が学ぶべきことでは？","","","18-23は科学的探究におとしこみ、24はこちらに残すのでどうでしょうか",""
"GE","Jkxpssg","（変更あり）行動に関する知識や理論と予防医療については査読者が示したような内容について、補足説明を加えることとしました。","0次〜３次予防という呼び方が今も一般的な呼び方かについて検討","","H28C-5-1（人の行動）C-5-2（行動の成り立ち）の要素が「行動に関する知識や理論」に含まれるのだと思いますが、他のどこでも扱われていないので、カッコ内で扱うことは可能でしょうか。「行動に関する知識や理論（脳内基礎過程、内的・外的要因との関係、本能行動と学習行動、条件づけ、社会的学習など）、面接法を予防医療(0 次-3 次予防)、診断、治療、ケアに適用することができる。」","","","","","",""
"GE","Jkxpssk","（変更有）査読者のコメントをもとに、認知行動療法を提案できるに修正をしました。","","","学生だと「提案できる」までが妥当な気がします。","","心身医学療法は割愛（定義が不明）→認知行動療法を説明できる、に変更をご検討下さい。","","","",""
"GE","Jkxpsso","（変更有）25とも重複するので、この項目は削除しました。","","","研修医か専向医レベルかと思います。C-05-03の要素も他のどこにもないので、「動機付けや行動変容に関する理論（生理的・内発的・社会的動機、欲求とフラストレーション・葛藤、適応（防衛）機制）を踏まえ、行動変容を促す面接の流れやポイントを説明できる」","","","","","",""
"GE","Jkxpsss","健康診査や行動変容などで行動経済学の知識は活用されていることが多いため、30年を見据えて必要な知識と考え残しております。一方で、医療行動経済学ですが、より正確な文言である「健康に関する行動経済学」に変更し、この用語を補足説明に加えることを検討し、下記の学修項目と統合しました。","文章がわかりにくいです。書いている人には普通でしょうが、読み手にバイアスの内容がわかるかどうか","","","","専門的過ぎるので割愛","２８、２９は行動医療経済学で統合？＿","","医療行動経済学がよくわかっていませんが、28と29でまとめてはいかがでしょうか。",""
"GE","Jkxpssw","上記の項目と統合しました。","上の項目と同じく、「医療行動経済学」はコアカリに載せるほど一般化しているかどうか大きな疑問です","","","","専門的過ぎるので割愛","","","",""
"GE","Jkxpss0","学生のレベルではないため、「判断できる」に修正しました。","これは学生レベルでは全くありません →削除","","「診療を行うことができる」が非観察下での単独レベルのような印象を与えるため、学生レベルでは難しいように思いました。「指導医とともに行うことができる」か「〜の課題を適切に判断できる」","","診療できる→概説できるで十分では？","","","診療をできる、は難しいと思います。知識レベルでいかがでしょうか。",""
"GE","Jkxpss4","学生にとってわかりにくいと思われる文言を修正し、「説明できる」としました。","学生にとって、なんのことかわかるでしょうか？
英語から訳されたJACMEの訳を読むのと同じ感覚が残りました","","","","","３０と３１、３２はすこしレベル下げて統合？","","11に含まれる内容と思いました。",""
"GE","Jkxpss8","上記と統合して削除しました","プライマリケアにおける基本概念全体が、学生のレベルとあっているかどうか・・・","","「診療を行うことができる」が非観察下での単独レベルのような印象を与えるため、学生レベルでは難しいように思いました。「指導医とともに行うことができる」？","","","","","9に含まれる内容ではないでしょうか（動詞レベルが違いますか？）",""
"GE","JkxpstA","査読者コメント、ならびにH28の項目を受け「医師の偏在（地域、診療科及び臨床・非臨床）の現状について」を追記しております。","上の項目にあった「医療の継続性」はこの項目と近いですか？","","","","","","「地域(都会・郊外・へき地・離島を含む)の実情に応じた医療の状況、医師の偏在（地域、診療科及び臨床・非臨床）の現状について概説できる。」に修正するのはいかがでしょうか。","",""
"GE","JkxpstE","学生レベルではなかったため、「医療者として柔軟に対応できる」に変更しました。","学生レベルではない","","「提供する」が非観察下での単独レベルのような印象を与えるため、学生レベルでは難しいように思いました。「指導医とともに提供できる」","","","","","提供する、は学生レベルではないように思います。",""
"GE","JkxpstI","学生レベルではなかったため、「臨床推論で活用できる」に修正しました","学生にどこまで求めるかですが、概説ならOKか？","","これは「患者の居住する地域の頻度の高い疾病(コモンディジーズ)についての知識を、罹患率、有病率などの指標を用い、臨床推論で活用できる」レベルを目指してよいのでは？臓器横断的の「主訴に応じた問診」に必要な能力として。","","","３５，３６は削除候補では？","","学生の所属する大学のある地域でしょうか？疾患ごとの地域性であれば、各論の中で学ぶのかなと思いました（北海道のエキノコッカスなど）",""
"GE","JkxpstM","学生レベルではないため、「地域の量的指標（人口構成など）や質的情報（地理的・歴史的・経済的・文化的背景）を収集し、地域の健康課題を説明できる。」と修正しました","PC専門医に任せてはどうでしょうか","","かなり多くの能力が入っていると思うので、「医療に限らない客観的指標や観察を通し、患者の居住する地域の健康課題を特定できる」と、「その地域社会で活用できる人的・物的資源を特定し、地域の健康課題に対する医療・サービスの提供や改善計画の策定を、指導医とともに実施できる。」という分割案を提案します。","","","","","気持ちはわかるのですが、学生にどこまでもとめるのかな、と思いました（これが実践できている医師が多いとは思えません）",""
"GE","JkxpstQ","実施することは難しいため、概説に変更しました","概説レベルならアクセプタブル","","これも単独では専向医レベルかと。「指導医とともに計画・実践することができる」","","","","","実践レベルは難しいように思いました。地域医療に力をいれるという点では残したいところですが。",""
"GE","JkxpstU","35の修正に合わせて削除しました","","","","","","","","「頻度が」でしょうか。通常のプライマリケアの対応と異なる点があるでしょうか。",""
"GE","JkxpstY","学生レベルではないため、「地域全体の医療に影響を与える問題（災害や新興感染症など）が起きた際の地域で必要とされる医師の役割について概説できる。」としました。","提供できるは無理でしょう","","これも単独では難しいように思います（学生はこういう状況で臨床の現場に出されない可能性もあります）。「指導医とともに提供できる」","","","削除候補と思います。","","コロナ問題への一つの解決策なのでなんらかの形で残していただきたい気がしますが、提供できるはレベルが高すぎるように思います。",""
"GE","Jkxpstc","","","","","","","","","",""
"GE","Jkxpstg","ご指摘いただいた通り、「提案できる」に修正しました。","提供できるは無理でしょう","","36行目に統合し削除？","","","提案できる　がよいのでは。？","","",""
"GE","Jkxpstk","42では体制を、43では具体的内容に言及をしています。誤字を修正し、33とは別に医療資源が限られた地域にフォーカスした内容として残しました。","33行と統合してはどうか","","「医療医療資源」を「医療資源」に","","","３３と統合で、できそうです。","","",""
"GE","Jkxpsto","","33行と統合してはどうか","","「指導医とともに対応することができる」","","","３３と総合","学生レベルでは難しくないでしょうか。「説明できる」に修正してはどうでしょうか。","43と44は統合でいかがでしょうか",""
"GE","Jkxpsts","43の修正に伴い削除しました。","33行と統合してはどうか","","43行目との違いがわかりにくい。削除でもよい？","","","３３と統合。削除。","43行目との違いがわかりにくいため削除でもよいでしょうか。","",""
"GE","Jkxpstw","査読者の「個別の事例を分析する」ことに関するコメントに際して、以下の学修目標の動詞を修正しました。","","","","","","","","",""
"GE","Jkxpst0","補足説明に（　）の中を移動したいと思います。","","","「ライフステージやライフイベントの視点で、個別の事例についての健康管理と環境・生活習慣改善を分析できる。」他の第４層の語彙も説明が必要なものはありますが、かっこで含めてしまうと長くなるので、語彙の説明はグローサリー等でまとめて行うとして、第４層からは省略してもよいのでは？","","","","","",""
"GE","Jkxpst4","患者と家族との視点の両者を入れると、学習する際に混乱する可能性があることを考慮し、学修目標は分けました。","２行上と統合できますか？","","「家族ライフサイクル・家族成員間関係・家族システムの視点で、患者の課題や家族間の虐待・ネグレクト等を説明できる。」","","","４５，４６と統合","","",""
"GE","Jkxpst8","査読者の「個別の事例を分析する」ことに関するコメントに際して、学修目標の動詞を修正しました。","","","「個別の事例を分析できる」がやや漠然としているので、「〜を活用して、個別の事例を評価し、問題点を挙げ、その対応を説明できる」","","","","","",""
"GE","JkxpsuA","査読者の「個別の事例を分析する」ことに関するコメントに際して、学修目標の動詞を修正しました。","","「分析できる」はわかりやすいです","「個別の事例を分析できる」がやや漠然としているので、「〜を活用して、個別の事例を評価し、問題点を挙げ、その対応を説明できる」","","","","","",""
"GE","JkxpsuE","査読者の「個別の事例を分析する」ことに関するコメントに際して、学修目標の動詞を修正しました。","","","「個別の事例を分析できる」がやや漠然としているので、「〜を活用して、個別の事例を評価し、問題点を挙げ、その対応を説明できる」","","","","","",""
"GE","JkxpsuI","査読者の「個別の事例を分析する」ことに関するコメントに際して、学修目標の動詞を修正しました。","","","「個別の事例を分析できる」がやや漠然としているので、「〜を活用して、個別の事例を評価し、問題点を挙げ、その対応を説明できる」","","","","","",""
"GE","JkxpsuM","査読者の「個別の事例を分析する」ことに関するコメントに際して、学修目標の動詞を修正しました。","","","「個別の事例を分析できる」がやや漠然としているので、「〜を活用して、個別の事例を評価し、問題点を挙げ、その対応を説明できる」","","","","","",""
"GE","JkxpsuQ","査読者の「個別の事例を分析する」ことに関するコメントに際して、学修目標の動詞を修正しました。","","","「個別の事例を分析できる」がやや漠然としているので、「〜を活用して、個別の事例を評価し、問題点を挙げ、その対応を説明できる」","","","","","",""
"GE","JkxpsuU","査読者の「個別の事例を分析する」ことに関するコメントに際して、学修目標の動詞を修正しました。","","","","","","","","",""
"GE","JkxpsuY","査読者の「個別の事例を分析する」ことに関するコメントに際して、学修目標の動詞を修正しました。","","","知識141と重複。「個別の事例を分析できる」がやや漠然としているので、「〜を活用して、個別の事例を評価し、問題点を挙げ、その対応を説明できる」","","","","","",""
"GE","Jkxpsuc","査読者の「個別の事例を分析する」ことに関するコメントに際して、学修目標の動詞を修正しました。","","","「個別の事例を分析できる」がやや漠然としているので、「〜を活用して、個別の事例を評価し、問題点を挙げ、その対応を説明できる」","","","","","",""
"GE","Jkxpsug","査読者の「個別の事例を分析する」ことに関するコメントに際して、学修目標の動詞を修正しました。","","","「個別の事例を分析できる」がやや漠然としているので、「〜を活用して、個別の事例を評価し、問題点を挙げ、その対応を説明できる」","","","","","",""
"GE","Jkxpsuk","査読者の「個別の事例を分析する」ことに関するコメントに際して、学修目標の動詞を修正しました。","","","「個別の事例を分析できる」がやや漠然としているので、「〜を活用して、個別の事例を評価し、問題点を挙げ、その対応を説明できる」","","","","","",""
"GE","Jkxpsuo","査読者の「個別の事例を分析する」ことに関するコメントに際して、学修目標の動詞を修正しました。","","","「個別の事例を分析できる」がやや漠然としているので、「〜を活用して、個別の事例を評価し、問題点を挙げ、その対応を説明できる」","","","","","",""
"GE","Jkxpsus","査読者の「個別の事例を分析する」ことに関するコメントに際して、学修目標の動詞を修正しました。","","","「個別の事例を分析できる」がやや漠然としているので、「〜を活用して、個別の事例を評価し、問題点を挙げ、その対応を説明できる」","","","","","",""
"GE","Jkxpsuw","査読者の「個別の事例を分析する」ことに関するコメントに際して、学修目標の動詞を修正しました。","","","「個別の事例を分析できる」がやや漠然としているので、「〜を活用して、個別の事例を評価し、問題点を挙げ、その対応を説明できる」","","","","","",""
"GE","Jkxpsu0","査読者の「個別の事例を分析する」ことに関するコメントに際して、学修目標の動詞を修正しました。","","","心理的変化や知能は？「個別の事例を分析できる」がやや漠然としているので、「〜を活用して、個別の事例を評価し、問題点を挙げ、その対応を説明できる」","","","","","",""
"GE","Jkxpsu4","査読者の「個別の事例を分析する」ことに関するコメントに際して、学修目標の動詞を修正しました。","","","「高齢者総合機能評価(comprehensive geriatric assessment <CGA>)を実施できる。」ではだめ？","","","","","",""
"GE","Jkxpsu8","査読者の「個別の事例を分析する」ことに関するコメントに際して、学修目標の動詞を修正しました。","","","「個別の事例を分析できる」がやや漠然としているので、かっこを省略し、「老年症候群の視点から個別の事例を評価し、問題点を挙げ、その対応を説明できる」。","","","","","",""
"GE","JkxpsvA","査読者の「個別の事例を分析する」ことに関するコメントに際して、学修目標の動詞を修正しました。","","","「個別の事例を分析できる」がやや漠然としているので、「〜を活用して、個別の事例を評価し、問題点を挙げ、その対応を説明できる」","","","","","",""
"GE","JkxpsvE","査読者の「個別の事例を分析する」ことに関するコメントに際して、学修目標の動詞を修正しました。","","","「国際生活機能分類（International Classification of Functioning, Disability and Health）の知識を活用し、リハビリテーションの視点から個別の事例を評価し、問題点を挙げ、対応を説明できる」","","","","","",""
"GE","JkxpsvI","査読者の「個別の事例を分析する」ことに関するコメントに際して、学修目標の動詞を修正しました。","","","「個別の事例を分析できる」がやや漠然としているので、「〜の視点で、個別の事例を評価し、問題点を挙げ、その対応を説明できる」。","","","","","",""
"GE","JkxpsvM","査読者の「個別の事例を分析する」ことに関するコメントに際して、学修目標の動詞を修正しました。","","","8と重複しているので、統合してよいのでは","","","","","",""
"GE","JkxpsvQ","査読者の「個別の事例を分析する」ことに関するコメントに際して、学修目標の動詞を修正しました。","","","","","","","","",""
"GE","JkxpsvY","査読者の「個別の事例を分析する」ことに関するコメントに際して、学修目標の動詞を修正しました。","","","「個別の事例を分析できる」がやや漠然としているので、「〜活用して、患者や家族の死生観や心理に配慮したコミュニケーションがとれる」。","","","","","",""
"GE","Jkxpsvc","査読者の「個別の事例を分析する」ことに関するコメントに際して、学修目標の動詞を修正しました。","","","「〜（エンド・オブ・ライフ・ケア）の知識を活用し、人生の最終段階にある患者に頻度の高い苦痛に対する対処法・ケアを提案できる。」コミュニケーションの要素を70に移動。","","","","","",""
"GE","Jkxpsvg","査読者の「個別の事例を分析する」ことに関するコメントに際して、学修目標の動詞を修正しました。","","","「個別の事例を分析できる」がやや漠然としているので、「〜を活用して、個別の事例を評価し、問題点を挙げ、その対応を説明できる」","","","","","",""
"GE","Jkxpsvk","査読者の「個別の事例を分析する」ことに関するコメントに際して、以下の学修目標の動詞を修正しました。","","","水分・栄養管理に必要な能力と意思決定に必要な能力は（一部重複しているとはいえ）同一ではないと思いますので、項目は増えますが、わけたほうがよいのでは？「エンド・オブ・ライフ・ケアにおける水・補液、栄養管理の知識を活用し、個別の事例において指導医とともに適切な全身管理ができる」。またACPは人生の最終段階における医療に限ったものではないので、「エンド・オブ・ライフ・ケアでの意思決定に関わる、ACP<Advance care planning>、事前指示(Advanced directive <AD>)、延命治療、Do not attempt resuscitation <DNAR>、尊厳死と安楽死、治療の中止と差し控えの概念の知識を活用して、個別の事例を評価し、問題点を挙げ、対応を説明できる」","","","","","",""
"GE","Jkxpsvo","悲観→悲嘆と変更し、「個別の事例を分析する」ことに関するコメントに関して、学習目標の動詞を修正しました。","","","通常グリーフは「悲観」ではなく「悲嘆」では。「患者の死後の家族の悲嘆のケア（グリーフケア）の知識を活用し、問題点を挙げ、対応を説明できる。」","","","","","","「悲観」を「悲嘆」に修正ください。"
"GE","Jkxpsvs","ご指摘いただいた通り、冒頭に、「患者の健康観や病いに対する価値観を理解するうえで、」を付け加えました。","","","何において（どのような臨床実践において）説明できるという能力が求められるのかを明確にしたほうがよいと思います。「患者の健康観や病いに対する価値観を理解する上で、〜」ではどうでしょうか。ユニバーサルデザインの後のかっことじは不要？","","","","","",""
"GE","Jkxpsvw","貴重なご意見をくださり、ありがとうございました。しかし今回本項目については変更しませんでした。理由は下記です。・今回は実際の外来・入院患者の受療行動に限らず、民俗セクターや民間セクターも含め、一般的な受療行動としてどの様な過程があるかを学んで貰いたい、という意図で作成しています。すなわち、「患者や家族に問う」という実臨床に限定したものでなく、当初の文言が適切と考えております。","","","それぞれ異なる過程があることを知ることができる能力が必要かと思いますので、「個別の患者が受療に至るまでにどのような過程があるかを、生活者の視点に立って患者や家族に問い、理解することができる」","","","","","",""
"GE","Jkxpsv0","ご指摘ありがとうございます。査読者の方のご提案通りの修正案ですと、
・医学的・文化的・社会的文脈における健康の他の項目と比較すると医学的文脈に寄りすぎていると考えられる
・医学的文脈に寄せた項目については技能チームにも類似の項目がある","","","「日本人の栄養状態や食生活、健康増進に関する病態生理（栄養素、エネルギー代謝）、基礎調査やガイドラインの知識を活用し、患者の身体計測、Body Mass Index (BMI)の計算および栄養状態の評価ができる。」","","","","","",""
"GE","Jkxpsv4","ご指摘ありがとうございます。査読者の方のご提案通りの修正案ですと、
・医学的・文化的・社会的文脈における健康の他の項目と比較すると医学的文脈に寄りすぎていると考えられる
・医学的文脈に寄せた項目については技能チームにも類似の項目がある","","","","","","","","",""
"GE","Jkxpsv8","ご指摘ありがとうございます。査読者の方のご提案通りの修正案ですと、
・医学的・文化的・社会的文脈における健康の他の項目と比較すると医学的文脈に寄りすぎていると考えられる
・医学的文脈に寄せた項目については技能チームにも類似の項目がある","","","","","","","","",""
"GE","JkxpswA","ご指摘ありがとうございます。査読者の方のご提案通りの修正案ですと、
・医学的・文化的・社会的文脈における健康の他の項目と比較すると医学的文脈に寄りすぎていると考えられる
・医学的文脈に寄せた項目については技能チームにも類似の項目がある","","","","","","","","",""
"GE","JkxpswE","ご指摘をふまえ、補足用語集に、アドボカシーについての説明を加えました。
※アドボカシーの補足用語集案：権利擁護。特に医師の教育の文脈では、「権利を行使できない状況にある人に代わり、その権利を代弁・擁護し、権利の実現を支援する」といった個人に対する権利擁護と「個人の権利を行使できないような状況に陥るに至った背景を改善するために社会的、経済的、教育的変化や政策の変更を促進するための行動」といった社会への働きかけの双方を含む (Acad Med. 2010;85:63–7.)。","","","","","","","","","アドボカシーが馴染みがないかもしれません。"
"GE","JkxpswI","","","","","","","","","",""
"GE","JkxpswM","（変更あり）査読者のコメントを踏まえ、、文化人類学・社会学(主に医療人類学・医療社会学)の視点を冒頭にもっていき、文章の前後を変えて最後は説明できるとしました。","","","技能194と統合し、「患者、家族、生活環境、地域社会、病院等の組織等について理解し【誰と？】共有するために、 量的研究のみならず、エスノグラフィ等の質的記述的研究の基本的な視点や方法(参与観察やインタビュー)を用いることができる。」","","用いることができる→概説できるで十分では？","","","",""
"GE","JkxpswQ","病人役割などが特定化されるため、文化人類学・社会学(主に医療人類学・医療社会学)の理論や概念を用いて、を冒頭に置き、社会的な諸事象は社会に移しました。","","","","","","","","",""
"LL","JkxoFDo","行動できる、の表記に変更しました","学生レベルでも「理解して行動できる」にしてはどうでしょうか","","プロフェッショナリズムの「誠実さ」が行動レベルまで求めるなら、ここもあわせて「リスク管理の重要性を理解し、行動できる」。文末は他にあわせて「できる」にすべきかと。","","","","","Student Doctor法制化にむけては実践レベルが求められるように思います",""
"LL","JkxoFDs","報連相はｺﾐｭに送ることとし、診療録の運用にかかわる項目にしました。","報連相は、コミュニケーションでも記載があります（が、相互に参照があればいいかもしれません）
診療録など記録の重要性だけという考えもあります","","文末は「理解できる」にする？","","","医療現場における報告・連絡・相談を実践し　　に、記録は含まれるのでは？
　記録すればよいのではなく、医師が、報告・連絡・相談を常に実践する重要性が薄れない方がよさそうな気がしました。","","",""
"LL","JkxoFDw","ｺﾐｭと多職種へ送ります","他職種チームに似た項目があるので検討を","","4と統合してもよいのでは。「医療・介護の現場における他者（患者や介護者を含む）と協働するための情報共有として、報告・連絡・相談を実践し、適切な記録の重要性を理解できる」","","","","","患者や介護者を選んだ理由はあるでしょうか。多職種や家族との情報共有だとコミュニケーションにも含まれますのでまとめてもいいように思います。",""
"LL","JkxoFD0","説明できる→分析できるに変更しました","","","","","","","","",""
"LL","JkxoFD4","変更なし、査読指摘なし","","","","","","","","",""
"LL","JkxoFD8","対策チームへは積極的に参加でよいかと考えました","感染症の部分の記載との参照ができているといいと思います","","","","","を理解し、実践できる。？","","",""
"LL","JkxoFEA","医療の質について繰り返し評価する姿勢を身に着ける、としました","品質改善はもともと企業（Deming）などから来ている言葉です。医療の質向上などの言葉に変更は可能でしょうか
基本的に◯◯できるの表現で","","あえて「できる」という文末にしていないのかもしれませんが、レベルとしては学生には難しいと思うので、「品質改善の手法を用いた医療の質の改善について説明できる」？","","学生レベルで改善を卒業要件にするのは難しいので削除出良いのでは？","・・・・改善する重要性を理解する。継続的に改良して、現場の医療を向上するシステム構築は、日本の医師・医療界のかなり重要な課題と思います。どこかで教えて、学生時代に理解して卒後に備えてほしいと思いました。","","ここでいう医療というのは社会に対する文言か患者に対するものかで異なるように思います。前者なら社会チームの中に、後者なら総合チームの中にふくまれませんか？","学生には改善はできない（できる場がない）ので、「医療おw改善するための品質改善の手法を説明できる」かと思いました。"
"LL","JkxoFEE","実践のレベルの表記に変更。","予防接種だけでなく針刺しなど医療者安全も記載してはどうでしょうか？（感染の項目にすでにあるような気もしますが）","説明できる、だけでは不足感あり","プロフェッショナリズム11とあわせるなら「健康管理（予防接種を含む）の重要性を理解し、実践できる」臨床実習で現場に出る時に既に実践していると思いますので。","","","","予防接種に加え、被ばく低減策を追記（厚労省労働衛生課要望）","","実践のレベル。"
"LL","JkxoFEI","技能に移動したため、重複が解消しました。","説明し、実行できるの２段階が必要でしょうか？ 実行できるだけでも可？","実施できる","","標準予防策〈standard precautions〉と記載","","","","標準予防策については患者ケアでもでてきます。重複と考えます。",""
"LL","JkxoFEM","あえて実践レベルにしました（ごく小さなことからでも行動につながるように）","厚労省が「働き方改革を入れろ」と言ってくるように思いますが、この表現以上は不要だと思います","説明できるだけでなく行動が必要","一般化すると表面的な知識になりそうなのと、フィールドワークの観点との関連から、「労働環境の改善の必要性という観点から医療現場を観察し、問題点を列挙できる。」","","","","「医療従事者の健康確保と医療の質・安全の確保の関係性と、これを踏まえた」を冒頭に追記（厚労省医事課からの依頼）","","「...改善の意義を説明できる」はいかがでしょうか。もしくは、「...改善に取り組む仕組みを説明できる」でしょうか。"
"LL","JkxoFEQ","第3層方略の文言を実践に変更しました（13を削除しまとめました）","","生涯学び続けることができる","「生涯学習の重要性を理解し、それに必要な情報を収集できる」","","","生涯学習の重要性を理解して、その学習基盤を身につける。？？","","","第3層では「方略」とも記載がありますが、コアカリの賞に方略ができる場合、そことの整合性はどうされますでしょうか。"
"LL","JkxoFEU","削除（12と合併）","","生涯学び続けるための方法を活用できる","12にまとめては？","","","","","",""
"LL","JkxoFEY","多職種連携の中で自職種の役割について自覚的である、という文脈で省察を使っているのでこことはイコールでなく両方にあってもいいのでは","他職種チームに省察に関するところがあるので、どのようにどちらに表記するか相談してください（生涯学修には必須だと思います）","","","","","","","","プロフェッショナリズム の「省察」との差異。"
"LL","JkxoFEc","主体的なキャリア形成の必要性を理解し、自己の職業観の涵養を行う姿勢を身につけると記載を変更して残した（16と合併）","「キャリア開発能力」という言葉（H28年から）は定義があるのでしょうか
今ひとつ、人によってとりようが変わる文言だと思います
獲得する（→できるの方がベター）という到達点が学生にとって相応しいでしょうか","","抽象度が高い気がします。「短・中・長期的な視点から、自分のキャリアを継続的に構築していくことができる」などどうでしょう？","","獲得したかどうかの判定が難しいので割愛しても良いのでは？","","","15と16は非常にあいまいな表現ですね。「医師のキャリア形成について概説できる」とかまとめてしまってもいいように思います。",""
"LL","JkxoFEg","削除（15と合併）","いやぁ、学生さんにそんな「理解」は可能かなぁ。といいつつ、さまざまなキャリアがあることと違った能力が必要になるということを列挙できるとか概説できる、とかは要りそうですね","","","","問が漠然としているので削除で良いのでは？","","","同上",""
"LL","JkxoFEk","学生同士の医療者教育を強調した文言にして、より「教育」に能動的なかかわりの表現をのこした","個人としてはチームとしてと並列ですか？この「、」があると、個人として経験するという意味になっています。複文がいかようにも読めるので、修正を
経験する、という動詞が学生の卒業レベル？","","多職種連携で実践レベルを求めていますし、「〜成長するために協働学習ができる」でよいのでは？経験できることにとどめておく意味とは。","","多職種連携と統合（ここは割愛）で良いのでは？","","","協働学習を実践するだと方略、もしくは他職種連携と同様だと思いますし、教育方法として協働学習について認識してもらう、という意味では知識レベルでいいように思います。","多職種連携では実践をしています。また、第3層では「方略」とも記載がありますが、コアカリの賞に方略ができる場合、そことの整合性はどうされますでしょうか。"
"LL","JkxoFEo","同上","インストラクショナルデザインは、教育学な用語で、一般的なコアカリ読者に対しては注釈が必要
理解し実践できる、は専門家レベル","","「インストラクショナルデザインを実践できる」だと日本語として意味が通らないのと、学生全員にIDを使ったプログラムのデザインができる機会を担保することは難しいと思うので、「〜を理解し、自身が受けるカリキュラムを分析することができる」ではどうでしょうか。","","専門的すぎるので割愛で良いのでは？","削除考慮。","コンピテンシーは生涯目標であるとしても、ここに記載があるのは学習目標なので、モデルコアカリキュラムにここまで書き込む必要性について、精査したほうがいいと思います","全ての学生がカリキュラム開発の機会があるわけではなさそうなので、実践レベルは専門的すぎるように思います。","医学生にインストラクショナルデザインの理解が求められるのかは要検討だと思います。"
"LL","JkxoFEs","同上","学修者評価という文言を入れてほしいです
実践できる、は学生にそこまで機会があるかどうか","","「フィードバックの実践」を、自分がフィードバックをすることまで含めるとしたら、初期研修医でも全員できるわけではない状況だと思いますので、やや難しいと思います。「〜を理解し、それを指導医や多職種との間で活用できる」としては？卒後研修では360度評価があると思うので。","","","臨床実習の際の屋根瓦の指導を想定されていると思いますので、そこを明示すればわかりやすく敷居が下がりますし、将来に向けては臨床実習で実践できるように低学年からの学びが重要かもしれません。現在は、指導医講習会のレベルかもしれませんが。","コンピテンシーは生涯目標であるとしても、ここに記載があるのは学習目標なので、モデルコアカリキュラムにここまで書き込む必要性について、精査したほうがいいと思います","フィードバックについて知っておくことは大事だと思いますが、対象によって実践内容がことなると思いますので、ここでは「基本的枠組みをしる」まででもいいように思います。","フィードバックの基本的な枠組みを理解するだけでも十分かと思います。それを知っていれば、自分自身がフィードバックを受ける時に学びに昇華できます。"
"LL","JkxoFEw","同上","成人学習理論は概説くらいが学生レベルでは？","","教育機会の提供を学生全員に担保するのは難しいと思います。「〜を理解し、それを意識して学ぶことができる」ではどうでしょうか。","","","これも、臨床実習の際の屋根瓦の指導を想定されていると思いますので、そこを明示すればわかりやすく敷居が下がりますし、将来に向けては重要かもしれません。","コンピテンシーは生涯目標であるとしても、ここに記載があるのは学習目標なので、モデルコアカリキュラムにここまで書き込む必要性について、精査したほうがいいと思います","大切なことだと思いますが実践レベルまでは求めなくてもいいように思います。","学生自身が、成人学習理論を理解し、それに基づいた学びを自分自身が実践できるというのが現実的なレベルかと思います。"
"RE","JkxpmiQ","１，２を合体しました","第三層が姿勢なので、第四層は仕方ないかとは思います","シンプルに「常識を疑う」でよい","常識や慣習を疑う姿勢を持つ","","人生訓なので割愛で良いのでは？","重要と思います。ただし、常に頭から常識を否定するような印象にとられないように、『常識にとらわれずに、慎重に？批判的に？再検討する・・・・。』等の、表現がいいかもしれないと思いました。","姿勢を身につける？でしょうか。","１，２を合わせてはいかがでしょうか。「常識を疑い、何事にも知的探究心をもって取り組む」","「批判的思考（Critical thinking）を身につける」かと思いました。"
"RE","JkxpmiU","１，２を合体しました","何事にもは必要でしょうか？評価はできますか？","","","","麻雀とかゴルフとかも？人生訓なので割愛で良いのでは？","","これだと評価できないと想定されるため、「知的好奇心に基づく探究活動を実践できる」はいかがでしょうか。","",""
"RE","JkxpmiY","3，4を合体しました,","最先端の研究に触れる（体験目標）にするのが現実的かなとは思います","","","","","最先端でなくても学生が刺激を受けるべき大事な研究はたくさんあるので、卒前教育における専門偏重が問題視されている中、ちょっと気になりました。新たな医学・医療を展開するための（先端）研究に触れる、　くらいではいかがでしょう。","刺激を受けるかどうかは主観的なものですので、「最先端の研究について自分なりの興味・理解を形成する」などでしょうか。","３，４も統合できないでしょうか。「最先端の研究や研究者の生き方に触れ探究心を養う」とか。（刺激をうける・生き方に触れる。はコンピテンシーというより方略に近いような気もしました。）",""
"RE","Jkxpmic","3，4を合体しました,","研究者と接し、研究の重症性について説明することができる","","「生き方に触れる」はやはり資質・能力の延長上にない（何方かと言えば方略？）と思うので、「研究者として生きてみる」とか？","","","","「医学における研究者の役割を説明できる」のようなイメージでしょうか・・・？","",""
"RE","Jkxpmig","5、６合体して文章改めました","体感する→理解する？
概念的な目標ですが、わざわざ1項目として立てる必要があるのでしょうか","","","","新設のプライオリティは高くないで良いのでは？","","「体感する」というのはよく分からないので端的に「説明できる」という表現でいいのではないでしょうか。","目標としなくても体感できるような気がします",""
"RE","Jkxpmik","5、６合体して文章改めました","この項目は不要では。
あえて書くなら基礎研究・臨床研究・社会研究でしょうが。","","","","新設のプライオリティは高くないで良いのでは？","不要に思います。","","明確な線引きがあるのでしょうか？",""
"RE","Jkxpmio","ある程度は省きました","国内外の医学論文を読み、内容をまとめて伝えることができる","","","","新設のプライオリティは高くないで良いのでは？","ある程度は不要そうに思います。","「ある程度」はやはり違和感があるので、「自分の知識レベルに応じて、内容を理解できる」などでしょうか。","ある程度、とはどの程度か困惑するように思います。",""
"RE","Jkxpmiw","削除しました","上記に統合","","EBMで求めている実践レベルとあわせて、学生の段階である程度パフォーマンスとして能力を求めていてもいいと思います。「英語の論文や文献を読み、要旨を他者に伝えることができる」","","新設のプライオリティは高くないで良いのでは？","上記８と統合可能と思います。","「抵抗がなくなる」はさすがに幼稚な印象を持ってしまう（大学受験で英語があるはず）ため、「英語の論文に触れ、概略を述べることができる」など言い換える方がいいのではないでしょうか。","8と統合するか、論文に頻出する医学英語を理解する、のような目標はいかがでしょうか",""
"RE","Jkxpmi0","文章改めました","国内外の医学論文などに対して、批判的な吟味をもとにDiscussionできる","","総合21と重複。EBMが実践レベルを求めているのにあわせて「指導医とともに批判的吟味を行うことができる」？","","既出に統合で良いのでは？","批判的吟味ができる　が良いのではと思います。","論文の読み方（データの扱い・読み方や論理構造など）を身につける的な形で分解しないと評価が難しい気がします。","科学2および総合21と重なります。８と統合できないでしょうか。",""
"RE","Jkxpmi4","","おそらく情報チームにあると思います。
残すとしても参照を入れて相互関係がわかるように","","総合20と一部重複。EBMのステップに限らない項目なので残す？","","","","","総合20、情報8と似ています",""
"RE","Jkxpmi8","「問い」という表現がチームでは重視されました","リサーチクェスチョン、クリニカルクェスチョンを立てることができる","","「研究可能な問い（リサーチクエスチョン）の形にすることができる」researchableな、という要素は入れなくて良いか？","","","","","＜リサーチクエスチョン＞といれてもいいですね",""
"RE","JkxpmjA","","これは卒業時の目標に必要でしょうかH28の記述と相同だとすると、研究デザインを概説できるでいいと思いますし、「研究計画の素案を作る」からH28年版の項目を思い起こすことは難しそうです","","12と絡めて「リサーチクエスチョンに応じて適切な研究計画の素案を作ることができる」","","","１２と統合させて良いと思います・","","研究方法を概説できるまでかなぁと思いましたが、研究者育成をコアカリに求めるならあってもいいかもしれません（方略だと思いますが）","レベルを一段階下げて、研究計画に記載する項目を説明できる、にするのはいかがでしょうか。"
"RE","JkxpmjE","到達目標にし、社会医学を独立させました。","体験目標ではなく、到達目標の記載にできますか？
その場合、科学的探究の項目ではなく、方略（臨床実習前）に記載してはどうでしょうか","これは方略へ","私はこれは方略だと考える立場なので、「基礎医学の実習（...）ならびに社会医学のフィールドワークを通し、各研究手法の基本（実験手技、データ収集や分析方法など）を習得する」を提案します。","","","","","これも方略かなと思います。臨床以外、というくくりでしょうか。",""
"RE","JkxpmjI","研究者養成なのである程度の体験目標は止むを得ないと思います。","これも体験目標ですが、体験するでなく概説できる、または使用することができると動詞を変えてここに残すのがよいと思います。","","14に統合し、削除","","","１４と統合可能そうです。","","",""
"RE","JkxpmjM","記録を加えました。","データ管理は学生の必須ではないと思いますので、適切な管理について述べることができる・・・程度では？","","","","","","","",""
"RE","JkxpmjQ","１７，１８合体させました","全学生への目標としてよいでしょうか迷いますが、ほぼ全大学で基礎配属がされているという実情から見るといいかなと思いました","","「自身の行った研究内容を、指導医とともに、報告書、学会発表、論文などの形にまとめ、発信できる」","","","など、と記載されておりますが、全員が学会発表レベルとなると、旧帝大の人員でもきついのでは？学内発表会はJACMEでも推奨されますので、　　学会発表、学内発表などの・・・　　と、学内発表の追記がいいのでは？と思いました。","","17と18はまとめて「自身の行った研究内容を論文や報告書・学会発表などの形にまとめるてプレゼンテーションできる」でどうでしょうか。",""
"RE","JkxpmjU","１７，１８合体させました","上記項目とひとつにまとめる","","","","効果的なプレゼンテーションについては研究以外に症例発表でも重要なので、総論的なところで統合できないか？","１７と統合できそうです","","",""
"RE","JkxpmjY","","","","","","","","","",""
"RE","Jkxpmjc","","第４層がありませんので、記載をおねがいします","","","","","","","",""
"RE","Jkxpmjg","実践を加えました","細かな項目記載も必要でしょうか、それなら別表？
情報（情報倫理）など他チームと重なる部分の整合を","","","","","","","",""
"RE","Jkxpmjk","","ルールの概要を説明できる → ルールを概説できる","","","","","","","",""
"PS","JkxnuHs","電顕などの観察法についての項目と考えるので「観察法」のままでどうか","","","観察できる必要があるのでは。「細胞の観察法を説明し、観察できる」","","","","","",""
"PS","JkxnuHw","","","","","","","","","図示できることが必要な能力なのでしょうか。細胞の全体像を理解していることの方が重要な気がします。細胞の全体像を理解するのであれば４・５と合わせてもいいと思います。",""
"PS","JkxnuH0","「外」は削除","","","","","","","","",""
"PS","JkxnuH4","","","","","","","","","",""
"PS","JkxnuH8","","","","","","","","","",""
"PS","JkxnuIA","","","","","","","","メンデルはアルファベットでいいのでしょうか。","",""
"PS","JkxnuIE","","","","","","","","","",""
"PS","JkxnuII","","","","","","","","","",""
"PS","JkxnuIM","","","","","","","","","",""
"PS","JkxnuIQ","深度を深めた","","","","","","","","",""
"PS","JkxnuIU","","","","","","","","","CRISPR-CAS-9に言及しなくてもいい気がしました",""
"PS","JkxnuIY","","","","","","","","","",""
"PS","JkxnuIc","","","","","","","","","",""
"PS","JkxnuIg","深度を深めた","","","","","","","","",""
"PS","JkxnuIk","","","","","","","","","",""
"PS","JkxnuIo","深度を深めた","","","","","","","","",""
"PS","JkxnuIs","","","","","","","","","",""
"PS","JkxnuIw","","","","","","","","","",""
"PS","JkxnuI0","","","","","","","","","",""
"PS","JkxnuI4","","","","","","","","","",""
"PS","JkxnuI8","","","","","","","","","",""
"PS","JkxnuJA","新設でない
 C-02-01-02-03, C-02-01-02-04, C-02-01-02-05","","","","","","","","専門的でわからないのですが17と合わせられないでしょうか",""
"PS","JkxnuJE","","","","","","","","","",""
"PS","JkxnuJI","","","","","","","","","",""
"PS","JkxnuJM","","","","","","","","","",""
"PS","JkxnuJQ","","","","","","","","","",""
"PS","JkxnuJU","","","","","","","","","",""
"PS","JkxnuJY","","","","","","","","","",""
"PS","JkxnuJc","","","","","","","","","",""
"PS","JkxnuJg","","","","","","","","","",""
"PS","JkxnuJk","","","","","","","","","",""
"PS","JkxnuJo","","","","","","","","","",""
"PS","JkxnuJs","","","","","","","","","",""
"PS","JkxnuJw","","","","","","","","","",""
"PS","JkxnuJ0","","","","","","","","","",""
"PS","JkxnuJ4","Eに統合で削除","","","","","","","","",""
"PS","JkxnuJ8","","","","","","","","","",""
"PS","JkxnuKA","","","","","","","","","",""
"PS","JkxnuKE","","","","","","","","","",""
"PS","JkxnuKI","深度を深めた","","","","","","","","",""
"PS","JkxnuKM","深度を深めた","","","","","","","","",""
"PS","JkxnuKQ","","","","","","","","","",""
"PS","JkxnuKU","","","","","","","","","",""
"PS","JkxnuKY","","","","","","","","","",""
"PS","JkxnuKc","","","","","","","","","",""
"PS","JkxnuKg","","","","","","","","","",""
"PS","JkxnuKk","","","","","","","","","",""
"PS","JkxnuKo","","","","","","","","","",""
"PS","JkxnuKs","","","","","","","","","",""
"PS","JkxnuKw","","","","","","","","","",""
"PS","JkxnuK0","","","","","","","","","",""
"PS","JkxnuK4","","","","","","すべての医師が知っておく必要がある知識とは言えないのでは？","","","新設された理由がありますでしょうか",""
"PS","JkxnuK8","","","","","","すべての医師が知っておく必要がある知識とは言えないのでは？","","","6に含まれませんでしょうか",""
"PS","JkxnuLA","","","","","","","","","",""
"PS","JkxnuLE","","","","","","すべての医師が知っておく必要がある知識とは言えないのでは？","","","新設された理由がありますでしょうか",""
"PS","JkxnuLI","","","","","","","","","",""
"PS","JkxnuLM","","","","","","","","","",""
"PS","JkxnuLQ","","","","","","","","","",""
"PS","JkxnuLU","","","","","","すべての医師が知っておく必要がある知識とは言えないのでは？","","","",""
"PS","JkxnuLY","","","","","","","","","",""
"PS","JkxnuLc","","","","","","","","","",""
"PS","JkxnuLg","","","","","","","","","",""
"PS","JkxnuLk","","","","","","","","","",""
"PS","JkxnuLo","該当
 C-03-01-03-03","","","","","","","","64に含まれませんでしょうか",""
"PS","JkxnuLs","","","","","","","","","",""
"PS","JkxnuLw","","","","H28C-3-1-5-4/5 「各臓器・器官の主な寄生虫症、およびその予防・診断・治療の概要を説明できる」の要素がない","","","","","",""
"PS","JkxnuL0","Eへ？","","","","","","","","",""
"PS","JkxnuL4","Eへ？","","","","","","","","",""
"PS","JkxnuL8","Eへ？","","","","","","","","",""
"PS","JkxnuMA","Eへ？","","","","","","","","",""
"PS","JkxnuME","","","","","","","","","",""
"PS","JkxnuMI","","","","","","","","","",""
"PS","JkxnuMQ","","","","","","","","","",""
"PS","JkxnuMU","","","","","","","","","",""
"PS","JkxnuMY","","","","","","","","","",""
"PS","JkxnuMc","","","","","","","","","",""
"PS","JkxnuMg","","","","","","","","","",""
"PS","JkxnuMk","","","","","","","","","",""
"PS","JkxnuMo","該当
 C-03-02-01-02
 73に統一？","","","","","","","","",""
"PS","JkxnuMs","","","","","","","","","",""
"PS","JkxnuMw","Eへ？","","","","","","","","疾患病態がでてきたことに違和感があります。「病因と病態」ではないでしょうか",""
"PS","JkxnuM0","","","","","","","","","疾患病態がでてきたことに違和感があります。「病因と病態」ではないでしょうか",""
"PS","JkxnuM4","説明できる","","","","","","","","疾患病態がでてきたことに違和感があります。「病因と病態」ではないでしょうか",""
"PS","JkxnuM8","説明できる","","","","","","","","",""
"PS","JkxnuNA","該当
 C-03-03-01-03","","","","","","","","88にふくまれないでしょうか",""
"PS","JkxnuNE","","","","","","","","","",""
"PS","JkxnuNI","","","","","","","","","",""
"PS","JkxnuNM","","","","","","","","","",""
"PS","JkxnuNQ","","","","","","","","","",""
"PS","JkxnuNU","","","","","","","","","",""
"PS","JkxnuNY","","","","ここで学生に説明できることが求められる「個体の多様性」が具体的には93, 94, 95の各論の内容しかないなら、総論的な92は削除してもよいのでは？","","","","","",""
"PS","JkxnuNc","","","","","","","","","",""
"PS","JkxnuNg","","","","","","","","","",""
"PS","JkxnuNk","","","","","","","","","",""
"PS","JkxnuNo","","","","","","","","","",""
"PS","JkxnuNs","","","","","","","","","",""
"PS","JkxnuNw","","","","","","","","","",""
"PS","JkxnuN0","","","","","","","","","",""
"PS","JkxnuN4","","","","","","","","","",""
"PS","JkxnuN8","","","","","","","","","",""
"PS","JkxnuOA","","","","","","","","","",""
"PS","JkxnuOE","","","","","","","","","",""
"PS","JkxnuOI","","","","","","","","","",""
"PS","JkxnuOM","Fにまとめる？","","","312と重複","","","","","",""
"PS","JkxnuOQ","","","","血圧異常の何を説明できることを求めるのか？高血圧（高血圧緊急症を含む）、低血圧の病態や治療については145で扱われているので、削除か、あえてこれを残すなら「血圧維持の機構を説明できる」とするか。","","問が漠然としているので削除","","","",""
"PS","JkxnuOU","","","","","播種性血管内凝固症候群は播種性血管内凝固〈DIC〉で統一する","","","","",""
"PS","JkxnuOY","","","","109とまとめて、「炎症の定義と分類、〜」にしては？","","単独項目としては不要","","","108と109はまとめてはいかがでしょうか",""
"PS","JkxnuOc","","","","108にまとめる？","","","","","",""
"PS","JkxnuOg","","","","","","","","","",""
"PS","JkxnuOk","コアとして追加すべきか疑問","","","","","","","","",""
"PS","JkxnuOo","","","","","","109に統合。感染症だけ取り上げる必要性が不明","","","感染症だけ取り上げることに違和感ががります",""
"PS","JkxnuOs","","","","","","","","","",""
"PS","JkxnuOw","","","","","癌とがんの使い分け：個別のものは胃癌と記載、総論的に使用する場合は。がん検診などはかな表記する","","","","上皮性の物が癌、それ以外の悪性腫瘍もふくめるとがん、だと思っていました",""
"PS","JkxnuO0","知識レベルを深化","","","","","","","","252と重なります",""
"PS","JkxnuO4","癌とがんの区別","","","","","","","","癌の種類によって異なる気がしますが総論的に教える必要があるでしょうか",""
"PS","JkxnuO8","知識レベルを深化","","","","","","","","251と重なる気がします",""
"PS","JkxnuPA","","","","転移の何を説明できることが必要なのか？「癌の転移の機構を説明できる」","","","","","",""
"PS","JkxnuPE","","","","","","","","","",""
"PS","JkxnuPI","臨床的にはE（249）に記載あり","","","","","","","","249と重ならないでしょうか",""
"PS","JkxnuPM","","","","","","","","","",""
"PS","JkxnuPQ","","","","症状・症候について「何を」説明できるかがないとカリキュラムに反映しにくい。「〜症状・症候について、病態と鑑別診断の方法を説明できる」ということであれば、技能で扱われるものをのぞいた「貧血」「出血傾向」だけでよいのでは。","","「ついて」を削除","","","",""
"PS","JkxnuPU","","","","","","","","","",""
"PS","JkxnuPY","","","","","","","","","",""
"PS","JkxnuPc","","","","","","","","","",""
"PS","JkxnuPk","","","","","","","","","",""
"PS","JkxnuPo","","","","症状・症候について「何を」説明できるかがないとカリキュラムに反映しにくい。「〜症状・症候について、病態と鑑別診断の方法を説明できる」ということであれば、ここで挙げられている項目は技能で扱われる予定なので、削除でよいのでは。","","「ついて」を削除","","","",""
"PS","JkxnuPs","","","","","","","","","",""
"PS","JkxnuPw","","","","","","","","","",""
"PS","JkxnuP0","","","","認知症については、神経系・精神系以外の疾患についても入れてくださいというエキスパートパネルからの要望があります。「認知症の病因を列挙でき、認知症をきたす主な病態（Alzheimer型認知症、Lewy小体型認知症、血管性認知症）、治療可能な認知症（Treatable dementia: 甲状腺機能低下症、正常圧水頭症、薬剤性など）の症候と診断、治療を説明できる。」","","","","","",""
"PS","JkxnuP4","","","","","","","","","",""
"PS","JkxnuP8","","","","発疹しかないなら、H28年度版F-1-12の内容をまとめて「発疹の原因、病態生理、発疹をきたす疾患(群)、診断および治療の要点、専門的治療が必要な状態を説明できる。」としては？","","","","","",""
"PS","JkxnuQA","","","","","","","","","",""
"PS","JkxnuQE","","","","","","","","","",""
"PS","JkxnuQI","","","","","","","","","",""
"PS","JkxnuQM","","","","","","","","","",""
"PS","JkxnuQQ","","","","症状・症候について「何を」説明できるかがないとカリキュラムに反映しにくい。「〜症状・症候について、病態と鑑別診断の方法を説明できる」ということであれば、ここで挙げられている項目は全て技能で扱われる予定なので、削除でよいのでは。","","「ついて」を削除","","","",""
"PS","JkxnuQU","","","","","","","","","",""
"PS","JkxnuQY","","","","","","","","","",""
"PS","JkxnuQc","","","","","","","","","",""
"PS","JkxnuQg","","","","","","","","","",""
"PS","JkxnuQk","","","","症状・症候について「何を」説明できるかがないとカリキュラムに反映しにくい。「〜症状・症候について、病態と鑑別診断の方法を説明できる」ということであれば、胸水以外は技能で扱われる予定。また胸水は症状・症候ではなく病態なので、ここか呼吸器で「胸水の病態生理、鑑別疾患、診断、治療について説明できる」を扱うことにしては。","","「ついて」を削除","","","",""
"PS","JkxnuQo","","","","","","","","","",""
"PS","JkxnuQs","","","","","","","","","",""
"PS","JkxnuQw","","","","","","","","","",""
"PS","JkxnuQ0","","","","","","","","","",""
"PS","JkxnuQ4","","","","症状・症候について「何を」説明できるかがないとカリキュラムに反映しにくい。「〜症状・症候について、病態と鑑別疾患、診断、治療を説明できる」ということであれば、胸水、喘鳴、呼吸不全、低酸素血症、高二酸化炭素血症以外は技能で扱われる予定。また胸水は症状・症候ではなく病態なので、ここか循環器で「胸水の病態生理、鑑別疾患、診断、治療について説明できる」を扱うことにしては。呼吸不全、低酸素血症、高二酸化炭素血症は150で扱われる予定なら、ここに入れる必要はない？","","「ついて」を削除","","","",""
"PS","JkxnuQ8","","","","","","","","","",""
"PS","JkxnuRA","","","","","","","","","",""
"PS","JkxnuRE","","","","","","","","","",""
"PS","JkxnuRI","","","","","","","","","",""
"PS","JkxnuRM","","","","症状・症候について「何を」説明できるかがないとカリキュラムに反映しにくい。「〜症状・症候について、病態と鑑別疾患、診断、治療を説明できる」ということであれば、吐血・下血、肝腫大以外は技能で扱われる予定なので、この２つだけでよいのでは？","","「ついて」を削除","","","",""
"PS","JkxnuRQ","","","","","","","","","",""
"PS","JkxnuRU","","","","","","","","","",""
"PS","JkxnuRY","","","","","","","","","",""
"PS","JkxnuRc","","","","","","","","","",""
"PS","JkxnuRg","","","","症状・症候について「何を」説明できるかがないとカリキュラムに反映しにくい。「〜症状・症候について、病態と鑑別疾患、診断、治療を説明できる」ということであれば、ここで扱われるべきなのはタンパク尿だけ？","","「ついて」を削除","","","",""
"PS","JkxnuRk","","","","","","","","","",""
"PS","JkxnuRo","","","","","","","","","",""
"PS","JkxnuRs","","","","","","","","","",""
"PS","JkxnuRw","","","","","","","","","",""
"PS","JkxnuR0","","","","症状・症候について「何を」説明できるかがないとカリキュラムに反映しにくい。「〜症状・症候について、病態と鑑別疾患、診断、治療を説明できる」ということであれば、ここで扱われるべきなのは月経異常・無月経、勃起不全、射精障害、精巣機能障害だけ？","","「ついて」を削除","","","",""
"PS","JkxnuR4","","","","","","","","","",""
"PS","JkxnuR8","","","","","","","","","",""
"PS","JkxnuSA","","","","","","","","","",""
"PS","JkxnuSE","","","","","","","","","",""
"PS","JkxnuSI","","","","症状・症候について「何を」説明できるかがないとカリキュラムに反映しにくい。「〜症状・症候について、病態と鑑別疾患、診断、治療を説明できる」ということであれば、ここで扱われるべきなのは不正生理出血だけになるが、「不正生理出血」は本来は生殖機能162に移動すべきでは。","","「ついて」を削除","","","",""
"PS","JkxnuSM","","","","","","","","","",""
"PS","JkxnuSQ","","","","","","","","","",""
"PS","JkxnuSU","","","","","","","","","",""
"PS","JkxnuSY","","","","","","","","","",""
"PS","JkxnuSc","","","","症状・症候について「何を」説明できるかがないとカリキュラムに反映しにくい。「〜症状・症候について、病態と鑑別疾患、診断、治療を説明できる」ということであれば、ここで扱われるべきなのは女性化乳房、乳房腫瘤、異常乳汁分泌（血性乳頭分泌）、乳房腫脹・疼痛・変形。","","「ついて」を削除","","","",""
"PS","JkxnuSg","","","","","","","","","",""
"PS","JkxnuSk","","","","","","","","","",""
"PS","JkxnuSs","","","","","","","","","",""
"PS","JkxnuSw","","","","","","","","","",""
"PS","JkxnuS0","","","","何が入りますか？","","","","","",""
"PS","JkxnuS4","","","","","","","","","",""
"PS","JkxnuS8","","","","","","","","","",""
"PS","JkxnuTA","","","","","","","","","",""
"PS","JkxnuTE","","","","","","","","","",""
"PS","JkxnuTI","","","","症状・症候について「何を」説明できるかがないとカリキュラムに反映しにくい。「〜症状・症候について、病態と鑑別疾患、診断、治療を説明できる」ということであれば、ここで扱われるべきなのは視力障害、視野異常、色覚異常、眼球運動障害、眼脂・眼の充血、飛蚊症、眼痛だけ。","","「ついて」を削除","","","",""
"PS","JkxnuTM","","","","","","","","","",""
"PS","JkxnuTQ","","","","","","","","","",""
"PS","JkxnuTU","","","","","","","","","",""
"PS","JkxnuTY","","","","","","","","","",""
"PS","JkxnuTc","","","","症状・症候について「何を」説明できるかがないとカリキュラムに反映しにくい。「〜症状・症候について、病態と鑑別疾患、診断、治療を説明できる」ということであれば、ここで扱われるべきなのは気道狭窄、難聴、鼻出血、咽頭痛、開口障害、嗄声だけ。","","「ついて」を削除","","","",""
"PS","JkxnuTg","","","","","","","","","",""
"PS","JkxnuTk","","","","","","","","","",""
"PS","JkxnuTo","","","","","","","","","",""
"PS","JkxnuTs","","","","","","","","","",""
"PS","JkxnuTw","","","","症状・症候について「何を」説明できるかがないとカリキュラムに反映しにくい。「〜症状・症候について、病態と鑑別疾患、診断、治療を説明できる」ということであれば、ここで扱われるべきなのは不眠、幻覚・妄想。ストレスに関するH28 D-15-2-3の項目は厳密には症状・症候からの診断アプローチではないので、別立てにしては？「ストレスなどの心理社会的要因が症状・症候（息苦しさ、心窩部痛、腹痛、頭痛、疲労、痒み、慢性疼痛等）に密接に関与している代表的な疾患を列挙し、その鑑別診断を説明できる。」H28 C-5-4のストレス関連（ストレス学説やコーピングなど）がどこにもないですが、削除？","","「ついて」を削除","","","",""
"PS","JkxnuT0","","","","","","","","","",""
"PS","JkxnuT4","","","","","","","","","",""
"PS","JkxnuT8","","","","認知症については、神経系・精神系以外の疾患についても入れてくださいというエキスパートパネルからの要望があります。「認知症の病因を列挙でき、認知症をきたす主な病態（Alzheimer型認知症、Lewy小体型認知症、血管性認知症）、治療可能な認知症（Treatable dementia: 甲状腺機能低下症、正常圧水頭症、薬剤性など）の症候と診断、治療を説明できる。」","","","","","",""
"PS","JkxnuUA","","","","","","","","","",""
"PS","JkxnuUE","","","","Bayesの定理は遺伝診断だけではなく、診断推論一般で扱われるべきでは？","","","","","",""
"PS","JkxnuUI","","","","","","","","","",""
"PS","JkxnuUM","","","","","","","","","",""
"PS","JkxnuUQ","","","","","","","","","",""
"PS","JkxnuUU","","","","","","","","","",""
"PS","JkxnuUY","","","","","","","","","",""
"PS","JkxnuUc","","","","","","","","","",""
"PS","JkxnuUg","","","","各々の疾患に関する項目で扱えばよいと思いますので、削除でよいのでは","","","","","",""
"PS","JkxnuUk","","","","","","","","","生涯7と重なると思います",""
"PS","JkxnuUo","","","","","","","","","",""
"PS","JkxnuUs","","","","薬剤耐性(antimicrobial resistance <AMR>) の機構、現状と代表的な薬剤耐性菌（メチシリン耐性黄色ブドウ球菌（Methicillin-resistant Staphylococcus aureus <MRSA>など）、抗菌薬適正使用などの予防策を説明できる。","","","","","",""
"PS","JkxnuUw","","","","","","","","","",""
"PS","JkxnuU0","","","","各々の疾患に関する項目で扱えばよいと思いますので、削除でよいのでは","","204に統合、ないし削除","","","204と統合でいいと思います",""
"PS","JkxnuU4","","","","","","205に統合、ないし削除","","","205と統合でいいと思います",""
"PS","JkxnuU8","","","","","","","","","",""
"PS","JkxnuVA","","","","","","","","","再興感染症は削除でしょうか",""
"PS","JkxnuVE","","","","","","","","","",""
"PS","JkxnuVI","","","","213とまとめては？「医療面接と身体診察から、感染臓器と原因微生物を想定し、その診断方法を説明できる」","","","","","",""
"PS","JkxnuVM","","","","","","","","","","胸部X線"
"PS","JkxnuVQ","","","","","","","","","207とまとめて抗生物質の使用方法としてはどうでしょうか",""
"PS","JkxnuVU","","","","","","","","","",""
"PS","JkxnuVY","","","","","","","","","",""
"PS","JkxnuVc","","","","これだけでは何の理解と説明が求められいるのかが曖昧なので、「ワクチンで予防可能な疾患（Vaccin Preventable Diseases <VPD>：麻疹、風疹、ムンプス、水痘、B型肝炎、インフルエンザ菌、肺炎球菌、破傷風ジフテリア、インフルエンザ、新型コロナウイルスなど）について、予防の重要性と合併症、ワクチン接種の効果と副反応を説明できる。」","","について→を、理解し→削除","","","",""
"PS","JkxnuVg","","","","特にワクチン接種、針刺し、体液暴露については学生自身が対応できる必要があるので、「〜について理解し対応できる」","","","","","生涯9と重なる気がします",""
"PS","JkxnuVo","","","","説明し、実施できる","標準予防策〈standard precautions〉と記載","","","","標準予防策の不要な感染がなさそうなことと、標準予防策の必要性は生涯10ででてきます",""
"PS","JkxnuVs","","","","312で敗血症性ショックもあるので、削除でよいのでは？","","","","","",""
"PS","JkxnuVw","","","","技能案件","","別表に感染症を作成して移すか、臓器横断的技能に移す","","","222-245の症候ごとの記載は必要でしょうか？",""
"PS","JkxnuV0","","","","技能案件","","別表に感染症を作成して移すか、臓器横断的技能に移す","","","",""
"PS","JkxnuV4","","","","技能案件","","別表に感染症を作成して移すか、臓器横断的技能に移す","","","",""
"PS","JkxnuV8","","","","脱水は感染症特有の症状・症候ではないので、Generalに基礎医学>個体の構成と機能(34あたり）で扱われるべきでは。「脱水の原因、病態、症状・症候、診断と治療の要点を説明できる」","","別表に感染症を作成して移すか、臓器横断的技能に移す","","","",""
"PS","JkxnuWA","","","","技能案件","","別表に感染症を作成して移すか、臓器横断的技能に移す","","","",""
"PS","JkxnuWE","","","","技能案件","","別表に感染症を作成して移すか、臓器横断的技能に移す","","","",""
"PS","JkxnuWI","","","","132で扱う","","別表に感染症を作成して移すか、臓器横断的技能に移す","","","",""
"PS","JkxnuWM","","","","技能案件","","別表に感染症を作成して移すか、臓器横断的技能に移す","","","",""
"PS","JkxnuWQ","","","","技能案件","","別表に感染症を作成して移すか、臓器横断的技能に移す","","","",""
"PS","JkxnuWU","","","","142か147で扱う","","削除（呼吸器固有の症状）","","","",""
"PS","JkxnuWY","","","","技能案件","","削除（呼吸器固有の症状）","","","",""
"PS","JkxnuWc","","","","技能案件","","別表に感染症を作成して移すか、臓器横断的技能に移す","","","",""
"PS","JkxnuWg","","","","技能案件","","別表に感染症を作成して移すか、臓器横断的技能に移す","","","",""
"PS","JkxnuWk","","","","技能案件","","削除（呼吸器固有の症状）","","","",""
"PS","JkxnuWo","","","","技能案件","","別表に感染症を作成して移すか、臓器横断的技能に移す","","","",""
"PS","JkxnuWs","","","","技能案件","","別表に感染症を作成して移すか、臓器横断的技能に移す","","","",""
"PS","JkxnuWw","","","","技能案件","","別表に感染症を作成して移すか、臓器横断的技能に移す","","","",""
"PS","JkxnuW0","","","","技能案件","","削除（消化器固有の症状）","","","",""
"PS","JkxnuW4","","","","152で扱う","","削除（消化器固有の症状）","","","",""
"PS","JkxnuW8","","","","血尿は技能、タンパク尿は157？","","削除（腎泌尿器固有の症候）","","","",""
"PS","JkxnuXA","","","","技能案件","","別表に感染症を作成して移すか、臓器横断的技能に移す","","","",""
"PS","JkxnuXE","","","","技能案件","","別表に感染症を作成して移すか、臓器横断的技能に移す","","","",""
"PS","JkxnuXI","","","","187で扱う","","別表に感染症を作成して移すか、臓器横断的技能に移す","","","",""
"PS","JkxnuXM","","","","","","","","","114に含まれると思います",""
"PS","JkxnuXQ","","","","","","","","","",""
"PS","JkxnuXU","","","","","","","","","114とやや被ると思います",""
"PS","JkxnuXY","","","","","","","","","",""
"PS","JkxnuXc","","","","","単純X線は単純エックス線と記載","","","","",""
"PS","JkxnuXg","","","","","","","","","",""
"PS","JkxnuXk","","","","115と重複","","","","","",""
"PS","JkxnuXo","サルコペニアは加齢に伴う生理変化であり、がんに伴う病的変化では用いない方がよいのでは？","","","","","削除∵癌固有の問題ではないので、それぞれの項で横断的に考えるべき。担癌患者がうつ病を発症して食欲低下を来すことはむしろ多い。","","","腫瘍に限定しなくていい気がします",""
"PS","JkxnuXs","","","","何を説明できるかが具体的なほうがよい。「〜の症状・症候、診断、治療を説明できる」","","","","","",""
"PS","JkxnuXw","","","","何を説明できるかが具体的なほうがよい。「〜の症状・症候、診断、治療を説明できる」","","","","","",""
"PS","JkxnuX0","","","","何を説明できるかが具体的なほうがよい。「〜の症状・症候、診断、治療を説明できる」","乳房外パジェット病は乳房外Paget病と記載","血管肉腫、乳房外パジェット病は専門的すぎるので割愛","","","",""
"PS","JkxnuX4","","","","何を説明できるかが具体的なほうがよい。「〜の症状・症候、診断、治療を説明できる」","ユーイング肉腫はEwing肉腫と記載","","","","",""
"PS","JkxnuX8","","","","何を説明できるかが具体的なほうがよい。「粘液腫の症状・症候、診断、治療を説明できる」","","専門的過ぎるので割愛","","","",""
"PS","JkxnuYA","","","","何を説明できるかが具体的なほうがよい。「〜の症状・症候、診断、治療を説明できる」","","","","","",""
"PS","JkxnuYE","","","","何を説明できるかが具体的なほうがよい。「〜の症状・症候、診断、治療を説明できる」","","","","","膵神経内分泌腫瘍の方がいいと思います",""
"PS","JkxnuYI","","","","何を説明できるかが具体的なほうがよい。「〜の症状・症候、診断、治療を説明できる」","","","","","",""
"PS","JkxnuYM","","","","何を説明できるかが具体的なほうがよい。「〜の症状・症候、診断、治療を説明できる」","","","","","",""
"PS","JkxnuYQ","","","","何を説明できるかが具体的なほうがよい。「〜の症状・症候、診断、治療を説明できる」","","","","","",""
"PS","JkxnuYU","","","","何を説明できるかが具体的なほうがよい。「〜の症状・症候、診断、治療を説明できる」","","","","","",""
"PS","JkxnuYc","","","","何を説明できるかが具体的なほうがよい。「〜の症状・症候、診断、治療を説明できる」","","","","","",""
"PS","JkxnuYg","","","","何を説明できるかが具体的なほうがよい。「〜の種類、症状・症候、診断、治療を説明できる」","","","","","",""
"PS","JkxnuYk","","","","何を説明できるかが具体的なほうがよい。「〜の種類、症状・症候、診断、治療を説明できる」","","","","","",""
"PS","JkxnuYo","コアとして追加すべきか？
 267に「遺伝性腫瘍」として追記してはどうか","","","何を説明できるかが具体的なほうがよい。「〜について、症状・症候、診断、治療を説明できる」","リンチ症候群はLynch症候群と記載","遺伝性非ポリポーシス性大腸癌（リンチ症候群）は専門的過ぎるので割愛","","","248と重なるかもしれません。リンチ症候群はMSI検査で重要になるのでどこかでは触れておいてもいいかと思いました",""
"PS","JkxnuYs","","","","社会59にも重複すると思いますが、がん診療特融の生命倫理アプローチというものがあるなら残す、でよい（そういうものはありますか？）","","生命倫理は腫瘍に特化した問題ではないので、別の総論に統合し、これは割愛","","","",""
"PS","JkxnuYw","","","","何を説明できるかが具体的なほうがよい。「〜の起こりやすいがん、病態生理、症状・症候と対応を説明できる」","","","","","",""
"PS","JkxnuY0","","","","","","","","","ガイドラインについては総合22にでます。集学的治療は疾患ごとに異なるので不要ではないでしょうか",""
"PS","JkxnuY4","","","","手術療法と、放射線療法・IVRは項目としてわけては。「主な腫瘍の手術療法を説明できる。」後者は332と統合して「主な腫瘍の放射線療法・インターベンショナル・ラディオロジー(IVR)の生物学的原理と、人体への急性影響と晩発影響を説明できる。」","","","","","治療法は腫瘍によって異なるので総論は不要ではないでしょうか",""
"PS","JkxnuY8","","","","272にあわせるなら「主な腫瘍の〜」","","","","","",""
"PS","JkxnuZA","","","","技能158とあわせて「がん治療と同時に行われる支持療法・緩和ケア、およびそれにおける患者・家族の心理を説明できる」","","腫瘍に特化した問題ではないので、別の総論に統合し、これは割愛","","","",""
"PS","JkxnuZE","","","","253と統合して、「腫瘍性疾患患者に見られる身体症状（発熱・食欲低下・体重減少・貧血・リンパ節腫脹・サルコペニアなど）、社会的・精神的課題を説明できる」","","腫瘍に特化した問題ではないので、別の総論に統合し、これは割愛。ＡＬＳなどの神経疾患にも同様の項目が別立てで必要になる。","","","",""
"PS","JkxnuZI","","","","","","","","","",""
"PS","JkxnuZM","","","","312で扱われている","","","","","277-286の症候で分ける必要があるでしょうか",""
"PS","JkxnuZQ","","","","技能案件","","","","","",""
"PS","JkxnuZU","","","","技能案件","","","","","",""
"PS","JkxnuZY","","","","皮疹と発疹とどちらにするか。いずれにしても132で扱えばいいのでは？","","","","","",""
"PS","JkxnuZc","","","","技能案件","","","","","",""
"PS","JkxnuZg","","","","技能案件","","","","","",""
"PS","JkxnuZk","","","","技能案件","","","","","",""
"PS","JkxnuZo","","","","技能案件","","","","","",""
"PS","JkxnuZs","","","","技能案件","","","","","",""
"PS","JkxnuZw","","","","技能案件","","","","","",""
"PS","JkxnuZ0","治療総論を加えることに賛成です","","","治療薬まで１つの項目に含めると、項目としてややチャンクが大きすぎて、カリキュラムの策定に落とし込みにくいです。「主な免疫系作用薬の作用機序と適応を説明できる」を別立てとしては。","","","","","288以降に治療が含まれるのでそこまでは言及不要ではないでしょうか",""
"PS","JkxnuZ4","","","","「関節リウマチの病態生理、症状・症候（節外症状含む）、診断、治療とリハビリテーションを説明できる。」","","","","","",""
"PS","JkxnuZ8","コアとして必要なもののみの記載？","","","「〜、症状・症候（節外症状含む）、」","","","","","",""
"PS","JkxnuaA","","","","","","","","","",""
"PS","JkxnuaE","","","","","","","","","",""
"PS","JkxnuaI","","","","","","","","","",""
"PS","JkxnuaM","","","","","","","","","",""
"PS","JkxnuaQ","説明でよいと思います","","","「〜の病態生理、症状・症候、診断、治療を概説できる（あるいは、説明できる）」","","","","","",""
"PS","JkxnuaU","説明でよいと思います","","","「〜の病態生理、症状・症候、診断、治療を概説できる（あるいは、説明できる）」","","","","","",""
"PS","JkxnuaY","コアのもののみの記載？","","","","","抗GBM病は専門的すぎるので割愛。","","","",""
"PS","Jkxnuac","","","","","","","","","",""
"PS","Jkxnuag","メモ案に賛成です","","","","","","","","",""
"PS","Jkxnuak","","","","「〜の病態、症状・症候、診断、治療を概説できる（あるいは、説明できる）」","","","","82と重なります","",""
"PS","Jkxnuao","感染症へ記載","","","「〜の病態、症状・症候、診断、治療を概説できる（あるいは、説明できる）」","","","","82と重なります","",""
"PS","Jkxnuas","H28でももともと別分類、機序も考えると別項目では？","","","288-297と重複しそうですが、必要ですか？削除でよいのでは？","","","","","",""
"PS","Jkxnuaw","救急関連をこの項目（第3層）へ移動","","","","","","","","技能188と重なります",""
"PS","Jkxnua0","割愛も可能と考えます","","","技能で扱う？","","","","","303-311症候は必要でしょうか（ショックはあってもいい気がしますが）",""
"PS","Jkxnua4","割愛も可能と考えます","","","技能で扱う？","","","","","",""
"PS","Jkxnua8","割愛も可能と考えます","","","技能で扱う？","","","","","",""
"PS","JkxnubA","割愛も可能と考えます","","","技能で扱う？","","","","","",""
"PS","JkxnubE","割愛も可能と考えます","","","技能で扱う？","","","","","",""
"PS","JkxnubI","割愛も可能と考えます","","","技能で扱う？","","","","","",""
"PS","JkxnubM","割愛も可能と考えます","","","技能で扱う？","","","","","",""
"PS","JkxnubQ","割愛も可能と考えます","","","技能で扱う？","","","","","",""
"PS","JkxnubU","割愛も可能と考えます","","","技能で扱う？","","","","","",""
"PS","JkxnubY","","","","","","","","","","＊第4層の文章が長くて、スプレッドシートで全文が確認できません。"
"PS","Jkxnubc","","","","","","","","","",""
"PS","Jkxnubg","","","","","","","","","","＊第4層の文章が長くて、スプレッドシートで全文が確認できません。"
"PS","Jkxnubk","事実的知識として必要と考えます","","","","","","","","技能175-176で実施となっています",""
"PS","Jkxnubo","","","","","","","","","",""
"PS","Jkxnubs","編集用で編集しました","","","「」は不要では。","","","","","",""
"PS","Jkxnubw","編集用で編集しました","","","「以下の〜」とするか、文中に列挙するか、他とあわせたほうがよい","","","","","",""
"PS","Jkxnub0","編集用で編集しました","","","「以下の〜」とするか、文中に列挙するか、他とあわせたほうがよい","","","","","",""
"PS","Jkxnub4","編集用で編集しました","","","何を説明できるかが具体的なほうがよい。「〜の病態、症状・症候、診断、治療について説明できる」","","","","","",""
"PS","Jkxnub8","","","","","","","","","",""
"PS","JkxnucA","","","","","","","","","",""
"PS","JkxnucE","3層を「放射線の生体影響、適切な利用と放線障害」に変更」します","","","","","","","","",""
"PS","JkxnucI","E-06-04-na-01と統合した","","","","","","","","",""
"PS","JkxnucM","悪影響と有効利用の両方を理解していること","","","332と重複？まとめて「放射線および電磁波の遺伝子、細胞への作用と細胞死の機序、人体（胎児を含む）への局所的および全身的影響（急性影響と晩発影響）を説明できる」","","","","","",""
"PS","JkxnucQ","このまま残す","","","","","","","","",""
"PS","JkxnucU","有効利用と悪影響の両方を理解している事","","","","","","","","",""
"PS","JkxnucY","E-06-02-na-03と統合した","","","332と重複、削除？","","","","","",""
"PS","Jkxnucc","E-06-02-na-01, E-06-02-na-04と統合した","","","333と重複、削除？","","","","","",""
"PS","Jkxnucg","E-06-01-na-07と統合した","","","331と重複、削除","","実行できる→原則を理解できる","","","",""
"PS","Jkxnuck","このまま残す","","","技能73と重複。インターベンショナルラジオロジー<IVR>","","","","","",""
"PS","Jkxnuco","E-06-01-na-06と統合した、統合先に職業被ばくを追記","","","","","","","","",""
"PS","Jkxnucs","E-06-01-na-07と統合した","","","","","","","「医療被ばくと職業被ばくに関して～」と、職業被ばくを追記（厚生労働省労働衛生課要望）","",""
"PS","Jkxnucw","E-06-01-na-02と統合した","","","324と重複","","削除","","","",""
"IT","Jkxiflk","「認識できる」から「説明できる」へ変更","認識する →  説明できる
コンピテンシーとして◯◯できるが可能ならそれがいいと思います","","他の項目のいわば総論的なもののように見えますが、他がほとんど実践レベルなので、「〜を説明できる」でもよいのでは","","","","","",""
"IT","Jkxiflo","","","","","","","","","",""
"IT","Jkxifls","「個人情報漏洩」は削除","個人情報は下段で触れるので、準備の項目には不要ではないかと思います","","","","","","","",""
"IT","Jkxiflw","","医療情報のみならず、広めに情報管理として記載可能でしょうか（研究グループの情報管理など多くのチームで情報管理の項目があります）","","","","","","遵守するのは当たり前なので、理解し、遵守できるなどでしょうか。","",""
"IT","Jkxifl0","「理解し、実践できる」へ変更","","","これは現実としてすでに多くの大学でパフォーマンスとして「実践する」ことを求めているのでは。『〜を理解し、実践できる」","","","理解し、実践できる。でよいと思います。","「情報」も必修化され、一般的には理解した学生が多いと想定されますが、「医療者としての」をコアカリで位置づけた方がよいでしょうか。削除も検討かと思います。「利用できる」","",""
"IT","Jkxifl4","情報端末（コンピューター・スマートフォンなど）の記載へ変更し、「等」を加筆","コンピューター、タブレット端末、モバイル端末によるインターネットやモバイルアプリ「等」としておかないと、今後いろいろなものに対応できないかもしれません","","","","","","「情報端末（コンピューター、タブレット端末、モバイル端末など）によるインターネットやモバイルアプリの活用方法を説明できる。」としてはいかがでしょうか。","","主語は学習者でしょうか。それならば、実践できるレベルでよろしいかと思います（初等教育、中等教育でも実践しているかもしれません）。"
"IT","Jkxifl8","「データの分析・総括」を「データを基に」へ変更","データの分析・総括という表現は一般的に使用されているでしょうか","","","","","","","",""
"IT","JkxifmA","人工知能・遠隔医療技術・IoTなど、今後医療での情報科学技術でさらなる活用が想定されるものを例示した。また、「実践」の前段階として「議論できる」レベルを設定した。","遠隔医療と人工知能に限定した理由は？
「・・・の概念を理解し、それを学修に活用することや医療へ適応することができる」","","全ての学生に専門家との議論の機会を保証することは困難だと思うので、「〜、その概念的知識を学習や医療へ適応することができる」でよいのでは？","","情報・科学技術の専門家と議論できる→理解できる、がミニマムリクアイアメント。議論はオプションで良いのでは？。すべての項目で議論できるのが理想。AI技術だけ取り上げるのは不自然だと思います。","","","",""
"IT","JkxifmE","「習慣を身につける」から「役割を理解する」へ修正した。なお、専門家とともに実践することは、学生レベルとしては高いと判断した。","習慣を身につける ？
活用することができるではダメでしょうか
おそらく学生レベルのほうが指導医レベルより能力が高いと想像されます。","","順応する前に批判的吟味しなくてよい？「〜を批判的に吟味した上で順応し、」","","","","","",""
"IT","JkxifmI","「電子カルテの特性を踏まえる」ことを強調した表現へ修正した。具体的な表現は避け「適切な記載や活用」といった広めの表現を用いた。","電子カルテについては、略語や記述のみならず、もう少し踏み込んだもの（電子カルテ使用上の留意、医学生がカルテ記載する場合指導医のチェックを受ける・・・など）を作成してほしいです！
認証領域６でも電子カルテの適切な学生の使用は重要な項目ですし、今後医学生の診療現場での学びは電子カルテが前提になると思いますので。","","技術のカルテ記載と重複。略語は避けられない場合も多く、記述だけでなく口頭（プレゼンテーションなど）でも重要なので、「〜において曖昧な表現を避け、複数の意味を有する略語を適切に使い分けて、間違った情報の伝達や誤解を防ぐために適切な表現（時制など）ができる」","","「曖昧な表現」は削除で良いのでは？患者の主訴などは曖昧のまま、患者の言葉を残した方がよい場合がある（多い）。この場合は並記も考慮。","これは情報技術とは関係なく削除でもよいかもしれません。","括弧内の意味がよく分かりません。「時制など」とは何を意味するのでしょうか。","",""
"IT","JkxifmM","文脈や目的に応じた最適なツール選択を強調した。","遠隔コミュニケーションというと、離島などを想定されやすいですが、ここでは電子的コミュニケーションツールという文脈ではないでしょうか。","","コミュ32と統合し「対面コミュニケーションとの違いを理解した上で、〜」","","すでに実行できているので、エチケットなどのコミュ技能として統合。ここでは削除で良いのでは？","","それぞれの技術特性に合わせた適切なコミュニケーションができる、でしょうか。","",""
"IT","JkxifmQ","","","","初出は日本語（英語<略語>）に統一するなら、「情報通信技術（Information and Communication Technology <ICT>」","","","","","",""
"IT","JkxifmU","「柔軟性」を強調する表現へ修正","","","","","情報のupdateや探索は、全ての領域で必要。生涯教育に統合させて、これは削除で良いのでは？","","","",""
"CS","JkxirsY","","他領域","コミュと重なる","コミュ3,4と重複","","重複∴削除","","","",""
"CS","Jkxirsc","","コミュニケーション領域へ","コミュと重なる","コミュ7と重複。基本的コミュニケーションスキルとは具体的に何か記載がないと、カリキュラム立案に反映しにくい。入れるとしても「医療面接において」では。","","問が漠然としているので削除で良いのでは？","","","",""
"CS","Jkxirsg","","","","網羅的に聞き取った上で取捨選択するのではなく、鑑別疾患を考えながら必要な情報を聴取していくアプローチを学ぶ必要があることを表現できたらと思うので、「主訴に対する鑑別疾患を想起しながら、その吟味に必要な病歴（....）を聴取できる」","","","臨床推論の最重要項目であり医師の能力が大きく作用する現病歴について、ある程度アンケートでも記載できる常用薬、アレルギー歴、既往歴、家族歴、嗜好、生活習慣、社会歴・職業歴、生活環境、家庭環境、海外渡航歴、と同列に扱われてきているのが気になっておりました。OSCEでも、十分に現病歴をとらずに家族歴、既往歴に進んでしまう残念な学生がいるので重点的に指導しておりますが、学ぶ方も教える方も意識改革が必要そうです。診療参加の本幹である、日々の診療・カルテ記載の基本にもなりますので、別枠の方が良いのではと思いました。
『主訴を正確に把握して鑑別診断を想起し、詳細に現病歴（発症様式、経過と場 所、質、放散痛、程度、軽快因子、増悪因子、随伴症状など）を聴取することができる。』など。一意見でした。","","",""
"CS","Jkxirsk","","","コミュ13と重なる","","","問が漠然としているので削除、またはコミュに統合で良いのでは？","","","",""
"CS","Jkxirso","","","高齢者の場合も「保護者」なのか？","コミュ26と重複。小児の項目なのでしょうが、成人でも認知症の方の家族や知人・行政関係者などの代理人（代理意思決定者を含む）から情報を得る場面はあるので、一般化して「必要に応じて家族や家族以外の代理人から患者に関する情報を得たり対応したりすることに、指導医とともに参加できる」","","保護者→保護者や第三者で良いのでは？","","可能な範囲でという言葉がやや抽象的か。","",""
"CS","Jkxirss","","","","学生の独断では難しいと思うので、「〜を判断し、指導医と相談した上で状態に応じた診察ができる」ではどうでしょうか","","ができる→の重要性を理解できる（実施は学生レベルを超えることが多い）","","","「患者の状態に応じた診療ができる」だけではだめでしょうか",""
"CS","Jkxirsw","","この項目が独立して必要でしょうか","","総合77と重複。","","単独項目にするほどではない→他所へ統合または割愛で良いのでは？","","","",""
"CS","Jkxirs0","","（）のなかの（）という記載を修正可能なら","","","","","卒業時ですので、
・・・測定ができ、おもな異常所見を指摘できる。　ごよいのでは、","","","医師国家試験等の記載順に合わせ、体温、脈拍、血圧、呼吸数、酸素飽和度の順に記載するのはいかがでしょうか。"
"CS","Jkxirs4","","説明できるではなく、対位をとらせることができる","説明できる→患者にとってもらうことができる","","","","を説明し、実施できる。？","","実施でいいと思います",""
"CS","Jkxirs8","","","","","","","の診察を行い、主な異常の有無を指摘できる。","","",""
"CS","JkxirtA","","","","","","","の診察を行い、主な異常の有無を指摘できる。","","",""
"CS","JkxirtE","","","","","","","の診察を行い、主な異常の有無を指摘できる。","","",""
"CS","JkxirtI","","","","","","","の診察を行い、主な異常の有無を指摘できる。","","",""
"CS","JkxirtM","","","","","","","","","",""
"CS","JkxirtQ","","","","","","","の診察を行い、主な異常の有無を指摘できる。","","",""
"CS","JkxirtU","","","","","","","","","",""
"CS","JkxirtY","","","","","","","","","",""
"CS","Jkxirtc","","","","","","","の診察を行い、主な異常の有無を指摘できる。","","",""
"CS","Jkxirtg","","","","","","","の診察を行い、主な異常の有無を指摘できる。","","",""
"CS","Jkxirtk","","","","","","","の診察を行い、主な異常の有無を指摘できる。","","",""
"CS","Jkxirto","","","","","","","を行い、主な異常の有無を指摘できる。","","",""
"CS","Jkxirts","","","","","","","を行い、主な異常の有無を指摘できる。","","",""
"CS","Jkxirtw","","","","","","","を行い、主な異常の有無を指摘できる。","","",""
"CS","Jkxirt0","","","","","","","","","",""
"CS","Jkxirt4","","","","","","","を行い、主な異常の有無を指摘できる。","","",""
"CS","Jkxirt8","","","","","","","","","",""
"CS","JkxiruA","","","","腸蠕動音に賛成です","腸雑音は腸蠕動音と記載するか？","","を行い、主な異常の有無を指摘できる。","","",""
"CS","JkxiruE","","","","","","","を行い、主な異常の有無を指摘できる。","","",""
"CS","JkxiruI","","実施と実演の違いは？
シミュレータについて考慮しているなら記載した方がよいのでは（方略ですが）","","","","","","","実際にやるかどうかはともかくとして実施できるでいいと思います",""
"CS","JkxiruM","","実施と実演の違いは？
シミュレータについて考慮しているなら記載した方がよいのでは（方略ですが）","","","","","を行い、主な異常の有無を指摘できる。","","実際にやるかどうかはともかくとして実施できるでいいと思います",""
"CS","JkxiruQ","","JCS◯◯とかグラスゴー◯◯とかが判定できればよい？それとも意識レベルについて判断できるレベルを求める？","","","","","","","",""
"CS","JkxiruU","","","眼底検査は別でもいいかも","","","","の診察を行い、主な異常の有無を指摘できる。眼底検査の実施は、不要では？学生に眼底鏡で診察させている大学あるでしょうか？","","",""
"CS","JkxiruY","","","","","","","の診察を行い、主な異常の有無を指摘できる。","","",""
"CS","Jkxiruc","","","","","","","の診察を行い、主な異常の有無を指摘できる。","","",""
"CS","Jkxirug","","","","","","","の診察を行い、主な異常の有無を指摘できる。","","",""
"CS","Jkxiruk","","","","","","Kernig徴候：陰性尤度比が1に近く（陰性でも腰椎穿刺は必要）、k値も低い（判定が難しい）ので割愛で良いのでは？","を行い、異常の有無を指摘できる。","","",""
"CS","Jkxiruo","","","","","","","の診察を行い、主な異常の有無を指摘できる。","","",""
"CS","Jkxiruw","","","","","","","の診察を行い、主な異常の有無を指摘できる。","","",""
"CS","Jkxiru0","","","","","","","を行い、異常の有無を指摘できる。","","",""
"CS","Jkxiru4","","別テーブルによる記載は冗長な繰り返しを避ける意味で良い考えだと思います","「診療技能」という言葉が抽象的","11から40までの診察技能とはまた別に何か必要な診察技能があるということでしょうか？それであれば明記したほうがよいのでは？","","基本診療科の定義が不明（新専門医制度の基本19領域を指すのであれば、広すぎて不適）では？","基本診療科[^table:基本診療科]において・・・・・・・。』の記述ですが、主に記載されている診察以外に各診療科の診察で、将来、何科に進むにも大切な診察を教えてほしい意味で、記載されていたと思います。現在のところ、主な診察手技の記載では、皮膚所見が見当たりません？？が、それ以外は、ほぼ診察は網羅されて記載されているように思われます。救急、等他も、現在記載されているもので大丈夫であれば、この項目は削除でもよいと思ますが、このような経過があったと思いますので、報告いたします。
その後も何度か　基本診療科[^table:基本診療科]において　　・・・　が出てきます。鑑別、検査、治療等。","","診療技能、が何をさすのかが難しいですね",""
"CS","Jkxiru8","","","","","","","","","",""
"CS","JkxirvA","","","","","","","","","",""
"CS","JkxirvE","","情報チームと協働して、電子カルテへの記載についても考えてください
（診療技能としてのカルテ記載は技能、電カルについての技能や態度は情報になるとは思いますが、相互に参照できるようなあるとベターです）","","","","","カルテ記載は、診療参加の本幹であり、強調してもよいのではとおもいました。定期的にサマリーを記載できる。などは、教える立場の意識改革にもつながり重要なのでは。本当は、退院総括が理想ですが。","","サマリーという意味でしょうか？あえて新設した意義は？",""
"CS","JkxirvI","","","","「基本症候」が「F/G（多臓器にまたがる症状・症候）」に限定されないような書き方が必要。単一臓器がメインとなる他の重要な症状・症候がDに含まれる予定なので。あるいは、「基本症候」としてDとF/Gに含まれる全ての（症状・）症候を列挙する必要がある。","","","","","",""
"CS","JkxirvM","","","","「基本症候」が「F/G（多臓器にまたがる症状・症候）」に限定されないような書き方が必要。単一臓器がメインとなる他の重要な症状・症候がDに含まれる予定なので。あるいは、「基本症候」としてDとF/Gに含まれる全ての（症状・）症候を列挙する必要がある。","","","","","",""
"CS","JkxirvQ","","","前半部分はなしでもよい","コミュ21・総合4と重複。総合4に反映されており、削除でよいのでは","","","","","",""
"CS","JkxirvU","","上の項目と統合しては？","抽象的なので削除で良い","他の各項目で具体的に扱われており、削除でよいのでは。あるいは、一連の診断推論プロセスの学習目標は統合されたコンピテンシーとして扱ってよいと思いますので、47-50を統合して「診断仮説の生成と検証のために必要な情報を収集し、それを統合して鑑別診断や問題点の整理ができる」への変更を提案します。","","","前後とダブり不要そうです。","","",""
"CS","JkxirvY","","「症例の」がいいでしょうか「患者の」がいいでしょうか","同上","48参照","","","","","",""
"CS","Jkxirvc","","","同上","48参照","","","","","",""
"CS","Jkxirvg","","気持ちはわからなくもないのですが・・・「それぞれの状況を考慮して」の文節は必要でしょうか","","主訴となりうる症状・症候についての第４層で診断推論を扱っている（扱うことにする）ので、削除でよいのでは？","","","","","",""
"CS","Jkxirvk","","","","コアカリで扱われるべき疾患・症候群に関しては個別に病態や疫学が説明できるという第４層が立っているので（そうでないならそのようにすることを提案）、削除でよいのでは？","","","","","",""
"CS","Jkxirvo","","総合にも同様の記載がありましたので、協議をお願いします","","総合2.7と重複しており削除？","","他所で行うので削除で良いのでは？","","","総合と重複します",""
"CS","Jkxirvs","","又はたどる・・・組み立てるとどう違う？
そもそもここに出す必要は？","46と同じ？","削除でよいのでは","","他所で行うので削除で良いのでは？","統合できそうです。","","46とかさなる気がします",""
"CS","Jkxirvw","","臨床推論のなかで、個別のものは第三層の記載を分けてはいかがでしょうか","ここから急に各論になり、びっくりしました","薬物に限らずでよいのでは？あるいは、知識312-313でショック全般についての診断と対応が説明できることが扱われているので、削除。","","薬物に限定する必要はない∴他所へ統合で良いのでは？","","","ショックは知識にあります",""
"CS","Jkxirv0","","","社会と重なる","「性差による健康問題についての理解を深める」男性の健康問題もあるでしょうし、女性の不平等については社会54で扱われています","","臨床推論で女性だけを取り上げるのは不自然。この括りだと、男性、小児、高齢者、それぞれの外国居住歴が長い人、など切りがなくなる。他所に統合する場所を見つけたい","","女性の健康問題は限定しなくて大丈夫か要確認。","女性限定でなくてもいいと思いました",""
"CS","Jkxirv4","","又はたどる、という表現・・・なぜ又書き？","削除で良い","削除","","専門的すぎるので削除で良いのでは？","","","54とわける意義はありますでしょうか",""
"CS","Jkxirv8","","","知識と重なる","知識313.315でショックと心停止の初期治療は扱われている。技能でより一般的に扱うなら「初期治療を指導医とともに実施できる」であったほうがよい。","","他所（救急あたり）に統合で良いのでは？","","","",""
"CS","JkxirwA","","","削除で良い","削除","","他所で行うので削除で良いのでは？","","","46と重なる",""
"CS","JkxirwE","","知識（旧E-7, E-8）チームと整合を
あるいは総合チームに受け渡したかと思います","総合と重なる","〜成長・発達を評価できる。","","他所で行うので削除で良いのでは？","","","総合と重なります",""
"CS","JkxirwI","","","65以下に具体的な臨床検査の項目をあげるのであれば、この項目は第３層？","","","他所で行うので削除で良いのでは？","","","以下に各論があるので61-63はあえて入れなくていい気がします",""
"CS","JkxirwM","","","同上","","","他所で行うので削除で良いのでは？","","","",""
"CS","JkxirwQ","","上の項目と統合","同上","","","他所で行うので削除で良いのでは？","","","",""
"CS","JkxirwU","","臨床推論のところと重なっている","同上","目的（病態の推察か確定診断か）に応じた検査の意義・相違点を説明できる。","","他所で行うので削除で良いのでは？","","","61と重ならないでしょうか",""
"CS","JkxirwY","","61列に項目を記載すればここで個別は不要","61-63が「臨床検査」となっているのに、ここで具体的な血液検査の項目が出てくると、レイヤーの異なりが目立つ","","","他所で行うので削除で良いのでは？","","","",""
"CS","Jkxirwc","","61列に項目を記載すればここで個別は不要","","","","統合というより知識。他所へ統合∴ここでは削除で良いのでは？","","","",""
"CS","Jkxirwg","","61列に項目を記載すればここで個別は不要","","","","統合というより知識。他所へ統合∴ここでは削除で良いのでは？","","","",""
"CS","Jkxirwk","","61列に項目を記載すればここで個別は不要
フローサイトメトリーをわざわざ書く理由がない（恐らく昭和コアカリの遺物）","「説明できる」でよいか？","","","統合というより知識。他所へ統合∴ここでは削除で良いのでは？","","","",""
"CS","Jkxirwo","","適切な提供法って誰が誰になのか明示しないと、学生の目標として理解できません","「説明できる」でよいか？","曖昧でよく意味がわからないのですが、必要でしょうか？","","統合というより知識。他所へ統合∴ここでは削除で良いのでは？","","","",""
"CS","Jkxirws","","利点欠点は病理医に任せて、学生レベルでは術中迅速診断がどのような場面で使われ、どのように利用されているかを説明できるでよいのでは","「説明できる」でよいか？","","","統合というより知識。他所へ統合∴ここでは削除で良いのでは？","","","68と重ならないでしょうか",""
"CS","Jkxirww","","同上。
利点欠点を学生が説明できる意味はないのでは","「説明できる」でよいか？","","","統合というより知識。他所へ統合∴ここでは削除で良いのでは？","","","遠隔診療なら情報でしょうか",""
"CS","Jkxirw0","","参加するという方略的な経験目標は・・・","「説明できる」でよいか？","","","統合というより知識。他所へ統合∴ここでは削除で良いのでは？","","","",""
"CS","Jkxirw4","","原理の説明だけでなく、一定レベルまでの読影まで求めて（主要疾患のCT/MRIの読影ができる・・・等）下の84との統合しては","「説明できる」でよいか？","84と統合して削除？","","統合というより知識。他所へ統合∴ここでは削除で良いのでは？","","","原理だけなら知識でしょうか",""
"CS","Jkxirw8","","読影も","「説明できる」でよいか？","他とあわせて「〜の適応を説明し、結果を解釈できる」としては？","","統合というより知識。他所へ統合∴ここでは削除で良いのでは？","","","適応を述べるだけなら知識ではないでしょうか",""
"CS","JkxirxA","","読影も","「説明できる」でよいか？","79に統合、削除","","統合というより知識。他所へ統合∴ここでは削除で良いのでは？","","","適応を述べるだけなら知識ではないでしょうか","エコーか超音波か、コアカリ全体で統一。"
"CS","JkxirxE","","","","他の検査が「結果を解釈できる」レベルまで求めており、「〜を説明し、結果を解釈して、診断推論や治療・検査方針の決定に適用できる」レベルまで求めては？","","","実践レベルまで必要そうです。","","",""
"CS","JkxirxI","","","","","","","実践レベルまで必要そうです。","","",""
"CS","JkxirxM","","","","","","漠然としているので削除で良いのでは？","実践レベルまで必要そうです。","","",""
"CS","JkxirxQ","","上の７５と統合","","","","統合というより知識。他所へ統合∴ここでは削除で良いのでは？","","","",""
"CS","JkxirxU","","","「結果を解釈できる」はしっくりきます","","","統合というより知識。他所へ統合∴ここでは削除で良いのでは？","","","",""
"CS","JkxirxY","","","","","","統合というより知識。他所へ統合∴ここでは削除で良いのでは？で良いのでは？","","","",""
"CS","Jkxirxc","","","","","","統合というより知識。他所へ統合∴ここでは削除で良いのでは？","","","",""
"CS","Jkxirxg","","","","","","統合というより知識。他所へ統合∴ここでは削除で良いのでは？","","","",""
"CS","Jkxirxk","","「主要な疾患において読影できる（あるいは解釈できる）」まで求めてもいいと思います","","73と統合して「〜の原理、目的と適応を説明し、読影できる」としては？","","統合というより知識。他所へ統合∴ここでは削除で良いのでは？","","","73と統合でどうでしょうか",""
"CS","Jkxirxs","","「主要な疾患において読影できる（あるいは解釈できる）」まで求めてもいいと思います","","主な疾患・病態とは何か、主な疾患や病態で超音波検査は必須なのか、などいろいろ疑問があります。超音波検査が診断や治療において重要となる疾患・病態において、超音波検査を含めた画像検査の特徴を説明できることを明記すべきでは。","","統合というより知識。他所へ統合∴ここでは削除で良いのでは？","","","",""
"CS","Jkxirxw","","７６と重複","７６と重なる","76に統合、削除？","","","","","76と重複",""
"CS","Jkxirx0","","","","「基本症候」が「F/G（多臓器にまたがる症状・症候）」に限定されないような書き方が必要。単一臓器がメインとなる他の重要な症状・症候がDに含まれる予定なので。あるいは、「基本症候」としてDとF/Gに含まれる全ての（症状・）症候を列挙する必要がある。","","","","","",""
"CS","Jkxirx4","","「治療に関して」と単純化してはいかがでしょうか
患者と情報共有や擦り合わせを行うことがマネジメントだと思います","","コミュ23、総合13、15と重複。「治療やマネジメントに関し、患者や家族との情報共有や意見の摺り合わせ、適切な説明を実施することで、患者の理解と同意を踏まえた意思決定を支援することができる。」","","他所で行うので削除で良いのでは？","","","コミュにあります",""
"CS","Jkxirx8","","","","","","","","","",""
"CS","JkxiryA","","","","","","","","","",""
"CS","JkxiryE","","概説でいい？説明できるくらいは学生に求めては","","","","","","","",""
"CS","JkxiryI","","91,92,93を一つずつ独立させる必要はないのでは？","","","","","","","",""
"CS","JkxiryM","","","","","","","","","",""
"CS","JkxiryQ","","薬剤の嗜好とはどのようなことを想定しているのでしょうか？嗜好は不要では？","","","","","","","",""
"CS","JkxiryU","","重篤（あるいは重要）なものに対して対処法を「実演」できる","","","","","説明できる。を、指導医とともに実践できる。？","","",""
"CS","JkxiryY","","薬剤に関しては、説明できるだけでなく（臨床実習で）処方計画をたてる、くらいまでは目標としてほしいです","","","","","注意事項を理解し、処方計画を提案できる","","","臓器の具体名は不要かもしれません。"
"CS","Jkxiryc","","同上","","","","","注意事項を理解し、処方計画を提案できる","","知識と重なります（どちらかに統一？）",""
"CS","Jkxiryg","","抗がん剤はさすがに学生からは外しておくほうが無難か（治療計画はたてていいと思うけど）","","","","","注意事項を理解し、処方計画を提案できる","","知識とかさなります（どちらかに統一）",""
"CS","Jkxiryk","","・・説明でき、実演できる","","","","","","","",""
"CS","Jkxiryo","","薬剤に関しては、説明できるだけでなく（臨床実習で）処方計画をたてる、くらいまでは目標としてほしいです","","オピオイドには麻薬性鎮痛薬と麻薬拮抗性鎮痛薬が含まれますが、非オピオイド性麻薬（ケタミンなど）もありますので、ここで麻薬性鎮痛薬だけ取り上げるのは偏りがありますし、ほかでオピオイドとして扱われていることとも齟齬があります。オピオイドについては技能157で扱っているので、ここは「鎮静薬の〜」だけでよいのでは？","","","注意事項を理解し、処方計画を提案できる","","",""
"CS","Jkxirys","","","","96, 97, 98, 100, 105で有害事象を扱っていますが、これ以外に「主な薬剤」があるわけではないなら、これは削除でよいのでは。あるいは、B-03-01-na-05「副作用と有害事象の違い、報告の意義（医薬品・医療機器等安全性情報報告制度等）を説明できる。」の行き先がないので、それをここにはめ込む？","","","注意事項を理解し、処方計画を提案できる","","",""
"CS","Jkxiryw","","","","「考慮した」","","","注意事項を理解し、処方計画を提案できる","","",""
"CS","Jkxiry0","","","","","","","理解し、処方計画を提案できる","","知識と重なります",""
"CS","Jkxiry4","","処方箋については、「発行はできない」が、下書きなどは可能ですので「実演できる」など適切な動詞を考えてください","","卒業の時点で処方箋は書ける必要があると思いますので、「指導医とともに処方箋を作成することができる」と「服薬の基本・アドヒアランスを説明できる」にわけては？","","","を理解し、処方計画を提案できる","","",""
"CS","Jkxiry8","","この薬は説明程度でOKだと思います","","","","","","","知識と重なります",""
"CS","JkxirzA","","この薬は概説程度でOKだと思います","","","","","理解し、処方計画を提案できる","","",""
"CS","JkxirzE","","","","ポリファーマシーは総合8で扱われている","","","を理解し、処方計画を提案できる","","",""
"CS","JkxirzI","","清潔操作とする方がわかりやすいです。
この項目は説明できるだけで卒業させてはなりません","","実施できるレベルがすでにPost CC OSCE等でも評価されていますし、「清潔の概念と必要性を説明し、実施できる」としては","","","を理解し、実践できる","","実践レベルだと思います",""
"CS","JkxirzM","","行う（DO）の動詞に置き換え","","同上で、「〜を説明し、実施できる」","","","を理解し、実践できる","","実践レベルだと思います",""
"CS","JkxirzQ","","行う（DO）の動詞に置き換え","","同上で、「〜を説明し、実施できる」","","","を理解し、実践できる","","実践レベルだと思います",""
"CS","JkxirzU","","現状、消毒という概念そのものが変わっているのに、コアカリは昭和のまま→書き換え
創治癒の原則を説明でき、実演できる","","","","","を理解し、実践できる","","",""
"CS","JkxirzY","","個々の疾患において、外科的治療の適応について指導医とともに判断ができ、主な合併症について概説できる","","","","","を理解し、基本的な治療計画を提案できる。？？","","",""
"CS","Jkxirzc","","手術の危険因子と対応の基本を説明できる","","","","","","","",""
"CS","Jkxirzg","","手術の合併症とその予防について説明できる（概説かなぁ）","","","","","","","",""
"CS","Jkxirzk","","〜コンセントを指導医とともに得ることができる","","","","","を理解し、指導医の下で実践できる。？","","",""
"CS","Jkxirzo","","周術期におけるリスク評価を指導医とともにたてることができる","","","","","","","",""
"CS","Jkxirzs","","〜服薬管理（継続、中止等）の必要性を判断し、指導医とともに計画をたてることができる","","","","","を理解し、提案できる。？","","116と117はまとめて周術期の管理でいいような気がします",""
"CS","Jkxirzw","","","","","","","を理解し、提案できる。？","","",""
"CS","Jkxirz0","","術後の疼痛に対して、計画的な対応を考案し、指導とともに実施することができる","","","","","を理解し、提案できる。？","","",""
"CS","Jkxirz4","","一定の経験目標を入れてもいいかとは思います","","","","","","","",""
"CS","Jkxirz8","","〜役割を概説でき、指導医とともに患者治療に参加できる","","","","","","","",""
"CS","Jkxir0A","","","","","","","","","",""
"CS","Jkxir0E","","術前評価と呼吸管理計画を指導医とともに立てることができる","","","","","","","",""
"CS","Jkxir0I","","","","","","","","","",""
"CS","Jkxir0M","","吸入麻酔と静脈麻酔の適応、使用方法、禁忌、合併症を説明できる。","","","","","","","",""
"CS","Jkxir0Q","","局所麻酔、末梢神経ブロック、神経叢ブロック、脊髄くも膜下麻酔、硬膜外麻酔の適応と方法、禁忌、合併症を説明でき、指導医のもとで経験する（目標にならないか・・・）","","","","","","","",""
"CS","Jkxir0U","","〜を説明でき、指導医のもとで実施することができる","","","","","","","",""
"CS","Jkxir0Y","","","","","","","","","",""
"CS","Jkxir0c","","","","","","","","","",""
"CS","Jkxir0g","","〜を説明し、指導医とともに実施できる","","","","","を理解し、指導医に提案できる。","","",""
"CS","Jkxir0k","","","","","","","を理解し、指導医に提案できる。","","",""
"CS","Jkxir0o","","","","","","","を理解し、指導医に提案できる。","","",""
"CS","Jkxir0s","","","","","","","を理解し、指導医に提案できる。","","",""
"CS","Jkxir0w","","〜を説明できる","","あまりに漠然としておりカリキュラム策定に反映しにくいのと、主な医療機器の種類を全部あげられる能力は果たして必要なのか疑問があります。「主な医療機器（.....）の原理を概説できる」ではだめでしょうか。","","","を理解し、実習時に安全に留意する？","","医療機器に例示はいかがでしょうか",""
"CS","Jkxir00","","人工臓器は概説で十分","","","","","","","",""
"CS","Jkxir04","","〜を説明でき、指導医のもとで実施できる","","","","","を理解し、指導医に提案できる。","","",""
"CS","Jkxir08","","","","実習で行っており、学生の医行為にも入っているので、「実施できる」でよいのでは。","","","","","",""
"CS","Jkxir1A","","〜を説明でき、指導医のもとで行動できる","","","","","を理解し、実習時に安全に留意する？","","",""
"CS","Jkxir1E","","〜を説明でき、指導医のもとで実施できる","","","","","を理解し、実習時に安全に留意する？","","",""
"CS","Jkxir1I","","移植医療（臓器移植、組織移植、造血幹細胞移植を含む）の我が国と世界の状況を概説できる［厚労省・移植学会と調整済］","","","","","","","",""
"CS","Jkxir1M","","終末期医療における臓器・組織提供選択提示の意義について説明できる［厚労省・移植学会と調整済］","","","","","","","",""
"CS","Jkxir1Q","","移植における免疫応答（拒絶反応、移植片対宿主病）について概説できる［厚労省・移植学会と調整済］","","","","","","","",""
"CS","Jkxir1U","","移植後の免疫抑制について概説できる［厚労省・移植学会と調整済］","","","","","","必要でしょうか？むしろ、臓器提供の項目を入れるべきでは（ほかの層に入っているのかもしれませんが）","",""
"CS","Jkxir1Y","","","","","","","を理解し、指導医に提案できる。","","",""
"CS","Jkxir1c","","","","","","","を理解し、指導医に提案できる。","","",""
"CS","Jkxir1g","","","","","","","","","",""
"CS","Jkxir1k","","","","","","","を理解し、指導医に提案できる。","","",""
"CS","Jkxir1o","","","","","","","","","",""
"CS","Jkxir1s","","総合で扱っているかもしれません。相談を","","「在り方」として全国均一に定められたものはあるのでしょうか？ない場合、カリキュラム作成者独自の解釈により異なる「在り方」が扱われることになります。「在宅医療の適応、現状、今後の必要性と課題を概説できる」のほうが明確では？","","","","","",""
"CS","Jkxir1w","","","","上記同様、「在り方」を「現状」へ変更することを提案","","","","","",""
"CS","Jkxir10","","介護については方略にも記載されると思いますが、説明できればいいというより、指導医とともに参画するような動詞を用いてもよいのではないでしょうか","","","","","","","",""
"CS","Jkxir14","","","","","","","","","",""
"CS","Jkxir18","","技能チームとしては、意見書などを指導医と作成するなどは入れなくていいですか？総合チームでしょうか","","","","","を理解し、指導医に提案できる。","","",""
"CS","Jkxir2A","","","","","","","","","",""
"CS","Jkxir2E","","心理的と社会的は分けて記載？
ここは列挙でなくせめて概説","","全人的苦痛は通常、身体的苦痛・精神心理的苦痛・社会的苦痛・スピリチュアルペインから構成されますので、精神心理的苦痛と社会的苦痛は別にしたほうが適切だと思います。「緩和ケアにおいて頻度の高い、身体的・心理的・社会的苦痛を列挙できる」https://www.mhlw.go.jp/content/10901000/000826532.pdf","","","を理解し、指導医に提案できる？","","",""
"CS","Jkxir2I","","説明でき、指導医とともに実施できる","","医師国家試験出題基準にあわせて薬物療法以外に拡げる必要はない？「疼痛のアセスメント、疼痛緩和の薬物療法（癌疼痛治療法を含む）、緩和的外科治療、緩和的放射線治療について説明できる」とすべきでは。","","","を理解し、指導医に提案できる。？","","",""
"CS","Jkxir2M","","適応、使用方法、禁忌、合併症を説明できる","","「課題」が何をさすか曖昧でわかりにくいので、他とあわせて「オピオイドの適応、有害事象、投与時の注意事項を説明できる。」","","","を理解し、指導医に提案できる？","","100と重なります",""
"CS","Jkxir2Q","","","","死にゆく課程に対する心理ということならば、総合71、コミュ24で扱われており、削除でよい。積極的がん治療と並行した緩和ケアそのものに対する心理を扱うということであれば、知識274に統合し「がん治療と同時に行われる支持療法・緩和ケア、およびそれにおける患者・家族の心理を説明できる」として削除でよいのでは。","","","","","155と重なります",""
"CS","Jkxir2U","","EBMは総合にあるので、ここに必要でしょうか","社会と重なる","ややメタなので、第４層よりは第２層で扱われるべきだと思います。EBMが総合なのでそちらの第２層に入れるか、技能の第２層か迷います。","","","","","総合と重なります",""
"CS","Jkxir2Y","","大きすぎて具体的でない
治療の実施まで記載するなら「指導医の監督のもと」などの文言を入れるほうが無難","抽象的すぎる。削除で良い","削除でよいのでは。","","","削除でよいのでは。","","",""
"CS","Jkxir2c","","","","「指導医とともに手術計画を立案できる」","","","","","方略と思います",""
"CS","Jkxir2g","","参加する、は到達目標となるかどうか？
115,116,117行と統合して指導医とともに実施するような第四層としてはいかがでしょうか","","「指導医とともに周術期管理ができる」","","","","","116-117と合わせてはいかがでしょうか",""
"CS","Jkxir2k","","同上","","「指導医とともに手術を含めた婦人科的治療を実施できる」","","","","","",""
"CS","Jkxir2o","","","","総合7とほぼ重複であり、削除？","","","統合可能では","","",""
"CS","Jkxir2s","","総合との重複","","総合9, 10, 32と重複しており、削除？","","","統合可能では。","","",""
"CS","Jkxir2w","","これも総合？","","149に統合し、削除しては？","","","統合可能では・","","",""
"CS","Jkxir20","","治療を実施できると記載する場合は、「指導医とともに」「指導医の監督のもと」などの文言を入れておくのがよいと思います","","それぞれの科で何が基本的な治療に含まれるのかが記載されていないとカリキュラム策定に反映できない。また、全ての治療において実施できるレベルはが学生に求められるのかも疑問。対象となる治療に関して個別に扱い、これは削除でよいのでは？","","","","","",""
"CS","Jkxir24","","111行と統合してください","","","","","を理解し、管理できる。","","",""
"CS","Jkxir28","","できることを入れることに賛成です。
診断書などの発行は学生では無理ですのでご配慮を","","","","","を作成し、指導医に提案できる","","",""
"CS","Jkxir3A","","各種同意書が読み手にわかるでしょうか？","","「〜説明を指導医とともに行うことができる」","","","指導医とともに？、指導医のもと？","","",""
"CS","Jkxir3E","","この基本的臨床手技はH28年度版から持ってきたでしょうか。内容に関しての吟味が必要だと思います","「定められた目標」とはどこにあるのか？","","","","ここは項目の提示が必要では？","","",""
"CS","Jkxir3I","","この基本的臨床手技はH28年度版から持ってきたでしょうか。内容に関しての吟味が必要だと思います","「定められた目標」とはどこにあるのか？","","","","ここは項目の提示が必要では？","","",""
"CS","Jkxir3M","","気持ちはわかりますが、「ある程度」はアバウトです
緊急性の高い状況を判断して、指導医に報告できる","","174とまとめて「身体徴候、バイタルサインなどから緊急性の高い状況かを判断し、指導医に報告できる」というパフォーマンスのレベルまで求めては？Post CC OSCEの課題でもそのようなレベルまで扱われていると理解しています","","","","","",""
"CS","Jkxir3Q","","同上","","173とまとめてよいのでは","","","１７３と統合可能そうです・","","",""
"CS","Jkxir3U","","","","","","","","","",""
"CS","Jkxir3Y","","","","","","","","","",""
"CS","Jkxir3c","","「実演」の心はシミュレータを想定されているでしょうか。そのような記載のほうがわかりやすいです。あるいは、指導医のもとで実施と書くのも一法ですがちょっとやりすぎかと思います","","","","","","","BVMとかなら実施できてもいいと思います",""
"CS","Jkxir3g","","","","179とまとめて「外傷の鑑別診断、病態生理と診断、初期対応の要点を説明できる」","","","","","",""
"CS","Jkxir3k","","初期対応できるでもいいと思いますが、「鑑別を行い、指導医に報告できる」という記載もあるように思います","","178にまとめて削除？","","","１７８統合可能そうです・","","",""
"CS","Jkxir3o","","作成し、指導医に提示できる","","","","","下書きを作成し、指導医に提案できる","","",""
"CS","Jkxir3s","","各種検案書とはなんでしょうか？しかも実演とはなんでしょうか？行180で十分では？","","","","","下書きを作成し、指導医に提案できる","","",""
"CS","Jkxir3w","","妙に粒が小さい目標のイメージがあるのですが・・・","","総合66と重複","","","","","",""
"CS","Jkxir30","","〜状況を判断し、指導医に相談することができる","","","","","を理解し、指導医に提案できる。","","説明レベルではなくて実演とか、指導医とともに実施できる、とかでどうでしょうか",""
"CS","Jkxir34","","できるだけ体験目標でなく到達目標の形態で
ここでいう他職種連携がチーム医療なのか、IPEなのかわからないです","","多職種連携の第４層はほぼ実践レベルとなっており、ここでの184は削除してよいのでは？","","","","","",""
"CS","Jkxir38","","保健・医療・福祉・介護の連携を臨床現場で経験し、連携の意義を説明できる","","制度に関しては複数のほかの学習目標で説明できるレベルのものがあり、これは削除でよいのでは？","","","","","",""
"CS","Jkxir4A","","他職種のチームの一員として臨床現場でのコミュニケーションをとる","","「チーム医療」という言葉はここ以外では（コミュニケーションでも多職種連携でも）使われていないので、残す？","","","","","",""
"CS","Jkxir4E","","総合に同じ項目あり","","総合で主に扱われており削除でよいのでは？","","","","","総合にあります",""
"CS","Jkxir4I","","救急体制における病院前救護体制とメディカルコントロールについて概説できる","","学生全員に救急隊員と連携する機会を担保するのは困難だと思うのと、「学ぶ」ことは方略だと思うので、「救急隊員との連携、病院前救護体制とメディカルコントロールについて説明できる」","","","","","",""
"CS","Jkxir4M","","地域の災害医療体制について概説できる（社会にもあり）","","社会27-28と重複しており、削除でよいのでは","","","","","",""
"CS","Jkxir4Q","","基本診療科へのコンサルテーションの方法について説明でき、指導医とともに実施することができる","","","","","","","183と合併でいいと思います",""
"CS","Jkxir4U","","医学生に協力を得させるのは無理難題。
「〜施設等での経験をもとに病院外の施設との協力について説明できる」","","教育システムという意味であれば学生の学習目標ではないと思いますので削除でよいと思いますし、医療・福祉・介護の実践のための施設間の連携という意味だとしても、学生レベルを超えています。また後者の場合は総合34.40あたりで扱われているので、結局削除でよいのでは。","","","記載場所？","","学生が自ら協力をえるとは思いにくいです",""
"CS","Jkxir4Y","","この項目は削除 → 方略で記載を","これは学生ではなく教員のやるべきことでは？もしくは方略か？","患者ケアに必要な連携で臨床教授制度を利用する、というのをどうカリキュラムに反映させればいいのか想像がつきません。削除でもよいのでは？","","","不要では・","","学生自らが利用するとは思いにくいです","組織体制などの方略だと思います。主語が医学生ではなくなっています。"
"CS","Jkxir4c","","この項目は削除 → 方略で記載を
「医学生の早い段階から患者と接する経験をもとに、医学と地域医療を含む医療について概説できる」くらいだと目標にすることは不可能ではないか？","これは学生ではなく教員のやるべきことでは？もしくは方略か？","学生のアウトカムとしての表現ではないと思いますし、早期体験実習や継続的な地域医療の実習機会は、総合で扱われているアウトカムを達成するための方略だと思いますので、削除でよいのでは。","","","ここでは不要では？","","主語が学生ではないと思います","総合の「地域におけるプライマリ・ケア」にも属する項目かもしれません。ただ、主語は医学生になるように修正した方がよろしいかと思います。もしくは方略でしょうか。"
"CS","Jkxir4g","","この項目は削除 → 方略で記載を","これは学生ではなく教員のやるべきことでは？もしくは方略か？","総合83に統合：「患者、家族、生活環境、地域社会、病院等の組織等について理解し【誰と？】共有するために、 量的研究のみならず、エスノグラフィ等の質的記述的研究の基本的な視点や方法(参与観察やインタビュー)を用いることができる。」学習機会を作るのは学生の目標ではないと思いますので。","","","
ここでは不要では？
","","主語が学生ではないと思います",""
"CS","Jkxir4k","","この項目は削除 → 方略で記載を","これは学生ではなく教員のやるべきことでは？もしくは方略か？","学習機会を作るのは学生のアウトカムではないと思うのと、あまりに高い統合された能力としての表現であり、学生のカリキュラムに落とし込むにはもう少し細分化したほうがよいと思います。すでに総合83で行動科学・社会科学的アプローチの適用、哲学は社会53、教育学は生涯17-20で扱われており、心理学はコミュ11で扱うことにして、削除でよいのでは？","","","ここでは不要では？","","主語が学生ではないと思います",""
"CS","Jkxir4o","","この項目は削除 → 方略で記載を","多職種連携と重なる","チームトレーニングは方略であり、ここではチーム医療の実践能力として具体的にどのような資質や能力（およびそのために学ぶべき内容）だと思いますが、それは多職種で扱われています。したがって削除を提案します。","","","","","多職種でしょうか。チームトレーニングの意味がわかりかねます",""
"CS","Jkxir4s","","リハビリテーション・チームの目的と構成を理解し、チームのなかでの医師の役割を説明できる。","","","","","","","",""
"CS","Jkxir4w","","在宅医療における多職種連携経験し、その目的と重要性を説明できる","多職種連携と重なる","「重要性を説明できる」がもう少し具体的なほうが、何を学ぶべきかがわかりやすい。「在宅医療に携わる多職種の構成、および多職種連携の目的や課題について説明できる。」","","","","","",""
"CS","Jkxir40","","","","","","","","","",""
"CS","Jkxir44","","緩和ケア（・・・・・）の目的と重要性を説明できる","","緩和ケアそのものに対する説明能力は、技能よりは知識で扱うべき。連携に関するから技術でということだと思うので、「緩和ケアにおける多職種連携（緩和ケアチーム,...）を概説できる」","","","","","",""
"CS","Jkxir48","","医師カンファレンスと限定しなくてよいのでは","","","","","","","",""
"CS","Jkxir5A","","上と合同して、要約・提示でいいと思います","多職種連携と重なる","","","","","","",""
"CS","Jkxir5E","","","","診察所見を説明・報告する（Reporter）レベルでよいのか、所見を解釈した診断推論および必要な検査の提案（Interpreter）レベルなのか。後者を卒業時レベルのアウトカムにするなら、それを明確にしたほうがよい。「診察で得た所見を解釈し、診断および必要な検査についての考察を上級医に説明できる。」","","","","","","201と203の配置を入れ替え。"
"CS","Jkxir5I","","発言が何を意味するか？","いいですね！","M&M (Morbidity and Mortality) カンファレンス","","具体的で良いですが、発言できるかどうかは、学生の態度以上に会の空気次第だと思います。","","","",""
"CS","Jkxir5M","","上とまとめてもいいのでは","いいですね！","CPC (Clinico-pathological conference)。「カンファレンス」が重複するので削除。","","同上","","","",""
"CS","Jkxir5Q","","同時進行がわかっていないと卒業できないという意味でしょうか？学修目標になりますか？","","これをどのようにカリキュラムに落とし込むかが想定しにくい。「緊急性や重症度に応じ、医療面接・身体診察・検査などの情報収集、診断確定、治療の各プロセスの優先度の判断や同時並行での実施といった、全体を俯瞰した臨床マネジメントを指導医と行うことができる」ということでしょうか？","","診断的治療を意図しているのであれば、メタ認知のレベルとは言えません∴削除","","","",""
"CS","Jkxir5U","","その通りで重要なことなのですが、具体的でなく振り返りで省察するという文章も馬から落ちて落馬するような・・","生涯と重なる","パフォーマンスとしての表現に近づけるなら「振り返りによって自己省察的に学習できる」","","","","振り返りと自己省察の違いがよく分かりません。","生涯でしょうか","生涯にわたって共に学ぶ姿勢にも省察があるため、どちらかに統合。その場合、メタ認知は必要なので残す。"
"CS","Jkxir5Y","","医療安全（患者安全）のところへ移しては","","","","","","","","「診断過誤」は「診断エラー」への変更はいかがでしょうか。昨今は後者で呼ばれる機会が増えております。"
"CS","Jkxir5c","","コミュニケーションチームあるいは情報チームへ","","コミュ5-6で扱われており、削除でもよい？","","","","充分→十分ではないでしょうか。","コミュにもありました",""
"CS","Jkxir5g","","医療安全（生涯教育）へ","","卒業時レベルだとひとりで対応できることではなく、まず上級医への報告では。「患者の安全を重視し、有害事象が生じた場合は上級医に報告できる」","","","","","",""
"CS","Jkxir5o","","コミュニケーションチームへ","","コミュ5と重複","","","統合可能そうです。","","",""
"CS","Jkxir5s","","","","213と統合し、「診察前後などに手指衛生等の標準予防策（standard precautions）を実施できる」でよいのでは。","","","","","知識と重なります",""
"CS","Jkxir5w","","","","","標準予防策〈standard precautions〉と記載","","","","生涯と重なります",""
"CM","JkxhhVM","査読コメントなし","","","","","","","","",""
"CM","JkxhhVQ","非言語コミュニケーションというのは3層にあるため、4層では具体的記載にしています。","","","","","","非言語メッセージという文言は不要でしょうか。","","",""
"CM","JkxhhVU","個人情報等の守秘はC-5と同一なので削除し、他を残しました。","下の項目と重複しているので、個人情報はここに描かないほうがよいと思います。","","6で患者情報の守秘を扱っているので、「〜、苦痛に配慮できる」でよいのでは？","","","個人情報は不要そうです。６行目にあり。","","",""
"CM","JkxhhVY","（重複しているか確認し、他チームに重複記載内容が無いことを確認しました","まだ探してはいませんが、今回の改訂で個人情報等の守秘は別チームが扱っているはずだと思います。重複してもいいですが、相互に参照を貼っておくと重複項目がはっきりしていいと思います。","","","","","","","","患者ケアのための診療技能211と重複しますでしょうか。どちらかに統一してもよろしいかもしれません。"
"CM","JkxhhVc","チームでは、「基本的」はこのままの表記で、内容は各大学で考えていただくということではどうかとの意見になった。","基本的とは何を指しますか？","","基本的コミュニケーションスキルとは具体的に何か記載がないと、カリキュラム立案に反映しにくい。入れるとしても「医療面接において」では。","","漠とした問。削除（4で代替可）では？","８行目他とダブり感がありますが、医療面接という場面が重要といういこととすれば理解できます。","","",""
"CM","JkxhhVg","査読者Cのご指摘を参考にし、記載内容を変更しました。","理解（説明）し、どちらかでいいと思います。卒業時レベルなら、理解しでよいのでは。
誰の態度あるいは行動か？「理解し、活用できる」とシンプルにしてはどうか。","（）はない方が良い。影響を活用できる、という日本語が変","コミュニケーション技能はOSCE等でパフォーマンスレベルをすでに評価している。態度・行動は誰のかが具体的なほうがよい。影響を活用するとはどういうことかわかりにくい。「コミュニケーションが医師患者間の互いの態度・行動や役割に及ぼす影響を考慮し、言語的および非言語的コミュニケーション技能を発揮して、良好な人間関係を築くことができる。」","","","","","","4とまとめられますでしょうか。"
"CM","JkxhhVk","C-7,C-9の内容にまとめられると判断して削除しました。","３層目にあるので要らないかもしれませんが、「患者・家族と」","8にまとめる","8にまとめてよいのでは","","漠とした問。他の項目でカバーできるので削除で良いのでは？","","","8と合併でどうでしょうか",""
"CM","JkxhhVo","8とまとめて残りました。","これは改めて必要か？","8にまとめる","8にまとめてよいのでは？","","同上","","","",""
"CM","JkxhhVs","心理的要因の記述がなく、わかりにくいので査読者Cのコメントに基づき記載変更しました。","心理的要因とは何か。
3つ上でいいのではないか","","曖昧で、カリキュラムに反映させにくい。一般的な対人関係なのか、医療における対人関係なのかを特定し、また心理的要因を活用するとはどのようなことかを具体的に記載するほうがよい。心理学との絡みも入れて、「心理学の知識を用い、医療における対人関係に関わる心理的要因（陽性感情・陰性感情など）を理解し活用できる」","","同上","","","",""
"CM","JkxhhVw","査読者Cの指摘通り、態度も必要と考え、記載追加しています。","あえてコアカリの1コンピテンシーに入れる必要はないのでは。","","ここで家族に対する言葉遣いを求めるなら、3.4でも「患者と家族」にすべきでは。言葉遣いだけではなく非言語も必要では？「〜に敬意を持った言葉遣いや態度で接することができる」","","同上","","","",""
"CM","JkxhhV0","このまま残すので良い（4層項目を読者は読むためです）","第３層と同じ文言で不要","プロフェッショナリズムの「信頼」と重なる","","","同上","","","",""
"CM","JkxhhV4","査読者Cの指摘通り、社会的苦痛への配慮も必要と考え、記載追加しました","上の段と合同してひとつにしてはどうか","","社会的苦痛も入れたほうがよいのでは？16とあわせて「患者と家族が経験しうる、（その診療科特有のものも含めた）身体的・精神的・社会的苦痛に十分配慮できる」","","同上","","","",""
"CM","JkxhhV8","放射線被害に限らず、災害全般ということで記載変更をしています。","放射線については、旧E-6が扱っているので、ここにはあまりにspecificで不要（知識チームの山本先生に渡してください）","","〜特有というものがいくらでも挙げられる。身体的苦痛は必要ない？14とわけるなら、「患者と家族が経験しうる、診療科特有の身体的・精神的・社会的苦痛に対して十分に配慮できる」","","総論で放射線だけ取り上げるのは不自然。削除で良いのでは？重要なら放射線領域に移動。","放射線に特化せず、各種検査や治療特有の・・はいかがでしょうか。","","",""
"CM","JkxhhWA","（C-29とは内容が異なるので、それぞれこのまま残すことにします）","","","30とまとめて「患者・家族の話を傾聴し、怒りや悲しみ、不安などの感情を理解し、共感することができる」","","漠とした問。他の項目でカバーできれば削除で良いのでは？","","","",""
"CM","JkxhhWI","例示は必要ないとのご指摘をいただきましたが、大学関係者が読んだ際にどのような対象について学ばせるか例示があったほうが教育計画を組みやすいのではないかと考え、残しました。","そもそも、第２層と同じことが書かれており、意味がないのでは。
細かく、高齢者、小児、障害者、LGBTQなど指定する必要がない
言葉に限らないので第２層「患者に接する言葉遣い・態度・身だしなみ・配慮」へ移動するのがよい","","必要なのは言語的だけではないように思うので、「患者の多様性に配慮した言語、言葉使い、視線・表情・ジェスチャーなどを用いて説明できる」","","","","人種？国籍？も追加が必要ではないでしょうか。","",""
"CM","JkxhhWM","漠然とした不安という文言を削除しました","この第４層が患者への分かりやすい言葉の説明の下位項目になっているかどうか？
専門用語を使わないとか、のほうが普通ではないでしょうか？","","漠然としていない不安も受けとめる対象である必要がある。「患者の不安を軽減するために、わかりやすい言葉で説明や対話ができる」","","","漠然とした云々を削除","","",""
"CM","JkxhhWQ","行動科学(総合チーム)で対応いただくのがよいと考え、この項目を削除します。","行動変容については、行動科学に移してはどうか
ここにはコミュニケーションについて書きたいが、そもそも第３層は必要ないのでは","","総合27と重複","","","","","","行動科学と重複に留意。"
"CM","JkxhhWU","総合チーム：行動科学で対応いただくのがよいと考え、この項目を削除します。","生活習慣病の支援と指導だけか？もしそうなら、生活習慣病のところへ移動されたい
ここにはコミュニケーションについて書きたいが、そもそも第３層は必要ないのでは","","「指導を活用できる」は「指導できる」能力としてよい？「〜や保健指導ができる」","","","","","",""
"CM","JkxhhWY","技能チームで対応いただくのがよいと考え、この項目を削除します。","コミュニケーションの下位コンピテンシーになっているか？情報チーム、あるいは、技能チームと重複しているならここは削除","「診断仮説」が重なっている","「診断仮説の生成と検証のために、情報を収集できる」","","臨床推論に移す（既にあれば削除）","２個目の診断仮説は、臨床推論？","","","臨床推論と重複。"
"CM","JkxhhWc","指導医監督の元と記載追加するのは全体とのバランスからとりやめます。","学生がどの程度のICをとるか、検討が必要","","23と統合","","","ICに関しては、指導医の指導のもと…は不要でしょうか。　","","",""
"CM","JkxhhWg","査読者Cの提案がよりわかりやすいため、その文言に変更しております。","上の項目より、このくらいのコンピテンシーが学生には妥当ではないか","","総合13、15と重複。「治療やマネジメントに関し、患者や家族との情報共有や意見の摺り合わせ、適切な説明を実施することで、患者の理解と同意を踏まえた意思決定を支援することができる。」","","","","何のマネジメントか分かりづらいのではないでしょうか。","",""
"CM","JkxhhWk","総合チームで対応いただくのがよいと考え、この項目を削除します。","人の死、を扱うチーム（旧E-9)と相談して統合を","","総合71と重複","","","","","",""
"CM","JkxhhWo","総合チーム記載内容（９，１０）をもとに、統合するか、残すかを決定します","","","総合9.10に反映されており削除でよいのでは？","","","","","",""
"CM","JkxhhWs","保護者だけでないというご指摘はもっともで、査読者Cのコメントの通り、代理人を追加させていただき、記載変更させていただきました","この項目なら、小児科と統合してはどうかと思います。具体的に旧E-7にはそのような項目はなく、G-4-1)-(3)の小児科ですが、H28は薄っぺらいので、今回の技能チームと相談してください","","技能6と重複。小児の項目なのでしょうが、一般化して「患者自身から情報が得られない場合、代理人や保護者などから必要な情報を得ることができる」","","他領域で重複あり","保護者等キーパーソンから・・・でしょうか。","","","保護者に限定されない。"
"CM","JkxhhWw","総合チームで対応いただくのがよいと考え、この項目を削除します。","","","総合4に反映されており、削除でよいのでは","","他領域で重複あり","","","",""
"CM","JkxhhW0","総合１０での対応も可能かと思いますが、概説だけではなく、""does""レベルの内容記載変更をお願いできればと思います。","","多職種連携との重なり","総合10に反映されており、削除でよいのでは","","他領域で重複あり","","「参加する」という目標はいいのでしょうか。（経験目標を目標にすることの是非）","",""
"CM","JkxhhW4","指導医監督の元と記載追加するのは全体とのバランスからとりやめます。","","","転医・紹介を実践するレベルは学生には高すぎるので、「診察・紹介（転医を含む）に関する患者の要望を理解し、指導医とともに実践できる」","","","","","",""
"CM","JkxhhW8","（C-15と内容が異なるので、それぞれこのまま残すことにします）","","","16とまとめて、削除でよいのでは？","","","","","","これは共感なので16と同じではないでしょうか？"
"CM","JkxhhXA","種々の患者の症状に対する不確実性や医学的に説明困難な身体症状（medically un- explained symptoms，MUS）の対応は必要と考えますが、医学生レベルではまずは理解するまでが目標になると考え、「説明できる」と変更しました。","この表現だと学生も指導医も抽象的で戸惑わないか。何を持って達成したと判断するか。","","カリキュラムに反映させるにはもう一段具体的である必要がある。患者・家族の視点に関連した医学的に説明困難な状況とはどういうことか？「患者や家族の視点に立ち、不確実な状況に配慮した声かけや態度がとれる」など？","","重要だが多くの臨床医でも実現できていないスキル。学生ではハードルが高すぎて、誤用の怖れあり（エセ医者のマストスキル）∴割愛で良いのでは？","","","",""
"CM","JkxhhXE","情報チームで対応いただくのがよいと考え、この項目を削除します。","情報チームにもあり","","情報12に統合し、削除でよいのでは","","","","","",""
"IP","Jkxp2HQ","（返信）統合し、削除しました。","他職種で共有できるのほうがすんなり落ちるのですが、学生レベルをやや超えますか？","","","","","２，３，４統合？","","",""
"IP","Jkxp2HU","（返信）統合し、削除しました。","","","","","","","","",""
"IP","Jkxp2HY","","「伝えた内容」に限る理由がありますか？","","","","","","","",""
"IP","Jkxp2Hc","（返信）統合し、削除しました。","伝えるだけでなく、他職種から得られることもあると思います。","","","","","５，６，７統合？？","","",""
"IP","Jkxp2Hg","(返信）（　）は削除しました。","非言語コミュニケーションを含む（助詞漏れ）
コミュニケーションチームとどちらでどう記載するかで整合を","","orではなくてandでよいのでは「返答や問いかけができる」","","","","","",""
"IP","Jkxp2Hk","（返信）統合し、削除しました。","自職種の見解とまで構えずに「自身の考えを」くらいのほうが学生にはわかりやすくないでしょうか","","","","","","","",""
"IP","Jkxp2Ho","（返信）査読者のコメントを参考に、修正しました。","「回避可能な合併症を防ぐために」という限定表現は不要では。
適切な◯◯を目指し、・・・紹介や相談ができる。という素直な表現を","","「適切な診断・検査・治療、回避可能な合併症の予防のために」","","","","","",""
"IP","Jkxp2Hs","（返信）統合し、削除しました。","これは医師間の紹介と相談の項目でしょうか？ 削除","","","","","","","",""
"IP","Jkxp2Hw","（返信）医師観を削除し、共有できるまでとしました。","日本語をもう少しブラッシュアップ
・◯◯のために、の部分は不要で、明確な達成目標のみを記載するほうが読みやすい","","「医師間」を少し省いたほうが読みやすい。「考えや期待」は患者の？医師の？「患者のケアと責任が継続できるよう、医師間で考えや期待を共有し、責任を常に明確にできる」。","","","","","",""
"IP","Jkxp2H0","（返信）文章を読みやすいように修正しました。","読みにくい
一般的なが必要か、自学部は必要か、自身ではだめか？","","","","","","","",""
"IP","Jkxp2H4","（返信）査読者のコメントを参考に、修正しました。","なぜここだけ家族はなくなったのか
読みにくい　","","","","","","","",""
"IP","Jkxp2H8","（返信）統合し、削除しました。","2行上と似ています。
役割を担う、は学生レベルでしょうか。","","12との違いがわかりにくい","","","１２と統合","","",""
"IP","Jkxp2IA","（返信）統合し、削除しました。","対等とはどのような意味をもつのでしょうか？ある程度の権力勾配は医療安全のために役立つこともありますので、慎重な形容詞を","","","","","","","",""
"IP","Jkxp2IE","（返信）査読者のコメントを参考に、修正しました。","学生が、志を醸成することが卒業時に求められるでしょうか","","peer learningの機会は既に学生からあると思うので、「〜と一緒に学び合い、成長できる」レベルでよいのでは？","","","","","",""
"IP","Jkxp2II","（返信）統合し、削除しました。","学生レベルではコミュニケーションの項目や14行目で十分では？","","起きないようにするのは現実として難しいと思うので、「〜との対人葛藤が起きうる状況で、省察的に振る舞うことができる」","","","","","",""
"IP","Jkxp2IM","（返信）査読者のコメントを参考に、修正しました。","持ちやすい価値観とは？
持ちがちな（悪い）価値観のように読めます
この項は不要では","","","","","削除候補と思います・","","",""
"IP","Jkxp2IQ","（返信）統合し、削除しました。","改めて必要でしょうか","","13とまとめて「多職種（多学部）から求められる役割を理解した上で、自職種が果たすべき役割を担うことができる」求められる役割をそのまま担えばいいわけでもなく、自職種の役割は説明できるレベル以上に行動できるレベルが求められると思うので。","","","","","",""
"IP","Jkxp2IU","（返信）査読者のコメントを参考に、修正しました。","","","","","","削除候補と思います。","18に統合してはいかがでしょうか。","",""
"IP","Jkxp2IY","","","","","","","他のところにあるのでは。","","",""
"IP","Jkxp2Ic","（返信）統合し、削除しました。","他職種の価値観まで学生が確実に説明できるでしょうか
直上の項目で十分かと思います","","「価値観を説明する」ためにはそこに至るまでに他の能力が必要で、学生には難しい（カリキュラム提供者側もどういう学習機会を設ければいいかわかりにくい）と思うので、「他職種（他学部）が異なる価値観を持ちうることに興味を持ち、対話と協働の中でそれを理解することができる」はどうでしょうか。","","","削除候補と思います。","削除でよいのではないでしょうか。","",""
"IP","Jkxp2Ig","（返信）査読者のコメントを参考に、修正しました。","IPEを想定しているのだとは思いますが、削除でいいと思います","","","","","削除候補と思います","削除でよいのではないでしょうか。","",""
"SO","JkxoNsc","","","","健康については総合75で扱っているので、「公衆衛生〜」以下だけでよいのでは？","","","","","",""
"SO","JkxoNsg","","","","総合25と重複しており、削除？","","","","","",""
"SO","JkxoNsk","公衆衛生活動（健診、健康づくりイベント等）の意義を理解し、役割の一部を担うことができる。参加する。地域診断、PDCAサイクルなど科学的根拠に基づく～は削除した","PDCAサイクルに参加する、という文章ですが・・・意味がわかりません
「参加する」という動詞は適切でしょうか（体験目標は方略に）","","","","","","","",""
"SO","JkxoNso","","","","","","","","","",""
"SO","JkxoNss","","財源と支払い方式のみで1項目とする必要はない","","","","","","","",""
"SO","JkxoNsw","国民皆保険は特記が必要と考える。生存権などの健康に関する基本的人権と社会保障（社会保険、社会福祉、公的扶助）を説明できる。に言及されている","上記の項目とまとめて削除
公的扶助について、第３層にあるが第４層にないように思います","","","","","","","",""
"SO","JkxoNs0","障害者については特記すべきと考える。社会福祉は、「生存権などの健康に関する基本的人権と社会保障（社会保険、社会福祉、公的扶助）を説明できる。」で触れる","社会福祉が障害者だけになっていませんか（ただし項目は増やさない方針で）","","","","","","","",""
"SO","JkxoNs4","","","","","","","","","",""
"SO","JkxoNs8","","","","","","","","","",""
"SO","JkxoNtA","ご指摘のように各論の説明を避けるため、地域保健に関連する基本的な制度や法律を説明できる、とし各論はまとめました。","","","","","","","","",""
"SO","JkxoNtE","統合したため削除","","","","","","","","",""
"SO","JkxoNtI","統合したため削除","新規になる理由はわかりますが、地域保健で8項目・・・もう少しまとめられないでしょうか","","","","","","","",""
"SO","JkxoNtM","統合したため削除","","","","","","","","",""
"SO","JkxoNtQ","統合したため削除","","","","","","","","",""
"SO","JkxoNtU","","","","","","","","8020「運動」でしょうか。","",""
"SO","JkxoNtY","","","","","","","","","",""
"SO","JkxoNtc","ご指摘のように各論の説明を避けるため、産業保健・環境保健に関連する基本的な制度や法律を説明できる、とし各論はまとめました。","","","","","","","","",""
"SO","JkxoNtg","","","","","","","","","",""
"SO","JkxoNtk","","","","","","","","","",""
"SO","JkxoNto","統合したため削除","新設する理由はなんでしょうか？
 国試出題基準にも出てきますが、本当に法律を「説明できる」能力が必要なのか疑問です","","","","","","","",""
"SO","JkxoNts","統合したため削除","医学生が細かい個別の法律を説明できる・・・は、外科の手術術式を選択できるや白血病の抗がん剤3種併用療法を述べられる、などと同様コアカリからも国試出題基準からも削除してはどうかと思います","","","","","","","",""
"SO","JkxoNtw","24と統合し、まとめました。","","","句点","","","","","",""
"SO","JkxoNt0","","健康危機時のリスクコミュニケーションの意味が読み手に通じるでしょうか？
健康危機に関する上の項目まではよしとして、その際のコミュニケーションを学生に求めるのはいかがか（しかも説明できる・・・はナンセンス）","","","","","","","23と違いはありますでしょうか？",""
"SO","JkxoNt4","ご指摘のように各論の説明を避けるため、健康危機管理（食品感染症、放射線事故、災害などさまざまな有事）に関連する基本的な制度や法律を説明できる。としました","","","","","","","","",""
"SO","JkxoNt8","統合したため削除","旧Eの感染症領域との相談はされているでしょうか
社会チームは法律に特化して、その他は関係ないということと理解しました","","句点","","","","","",""
"SO","JkxoNuA","統合したため削除","法律を知っておくのが重要で、自然災害の対応の説明は二の次という意味ですね","","","","","","","",""
"SO","JkxoNuE","意義を理解できる、という表現に変更。","多くの卒業生は医師となり災害専門家ではないと思われるのですが、そういう卒業生にとっても災害時の医療で担う責務は大きいと思います。
６年間で災害医療（すぐに経験するかもしれない）について何を学ぶべきかというメッセージを投げてほしいです","","","","","","","","「を説明できる」の前の半角スペース削除。"
"SO","JkxoNuI","統合したため削除","","","","","","","","",""
"SO","JkxoNuM","","","","","","","","ICDの和名は不要ではないでしょうか（略語集にも記載予定とのこと）。","",""
"SO","JkxoNuQ","","なぜこの二つだけ特別に挙げられるのでしょうか？
保健統計は大きな視野で2つの第四層くらいにまとめられませんか？","","","","","","","",""
"SO","JkxoNuU","方略に送るため削除。","二つ上の項目と統合できると思います
利用できる・・・は到達目標なのか方略なのかも含めてご検討ください","","","","e-Statをとりあげるのであれば、せめてOECDのデータ利用も追記したい。あるいは全削除で良いのでは？","","","",""
"SO","JkxoNuY","","","","","","","","","",""
"SO","JkxoNuc","","","","","","","","","",""
"SO","JkxoNug","","","","","","","","","",""
"SO","JkxoNuk","","","","","","","","","",""
"SO","JkxoNuo","","","","","","","","","",""
"SO","JkxoNus","疫学者との協議の結果であったが、「慢性疾患との対比」を削除した。","この項目のレベル感
旧性感染症と慢性疾患？ はたして第四層に入れるべきものか？","","","","各論知識で絶対必要とまでは言えないので割愛で良いのでは？","","","",""
"SO","JkxoNuw","不確実性を含む、限られた情報を評価し、人間の生命や健康を守る意思決定につなげていくには何が必要か考えることが","何をしてよいかわからず、禅問答のようでもあり、分野別認証に出てくる意味不明な小項目（将来起こるべき云々）と似ています
達成可能な具体的記述のほうが望ましいです。
情報チームの記載に任せては？","","やや漠然としていて、カリキュラム開発者が具体的にどのような学習機会を設けるべきかに結びつきにくいと思います。「得られる情報の不確実性や制限の中で、生命や健康を守るための意思決定に必要な対応策を挙げることができる」という意味でしょうか？","","重要だが、疫学、統計学で教えられるのか疑問∴割愛または他所へ統合で良いのでは？","","","",""
"SO","JkxoNu0","疫学者から整理していただいた結果であり採用","データ解析と統計手法の第三層は、個別に5つの方法を書くのがよいのでしょうか？別表化も一案です
別にするなら、学生が到達すべきレベルを動詞で明示したいところです","","EBMでの「批判的吟味」「患者への適用」で適用するレベルが求められていますが、「説明できる」でよい？「〜の知識を適用できる」にする？","","","","","",""
"SO","JkxoNu4","疫学者から整理していただいた結果であり採用","同上","","","","","","","",""
"SO","JkxoNu8","疫学者から整理していただいた結果であり採用","同上","","EBMでの「批判的吟味」「患者への適用」で適用するレベルが求められていますが、「説明できる」でよい？「〜の知識を適用できる」にする？","","","","","",""
"SO","JkxoNvA","疫学者から整理していただいた結果であり採用","同上","","","","","","","",""
"SO","JkxoNvE","疫学者から整理していただいた結果であり採用","同上","","EBMでの「批判的吟味」「患者への適用」で適用するレベルが求められていますが、「説明できる」でよい？「〜の知識を適用できる」にする？","","","","","",""
"SO","JkxoNvI","","","","","","","","","",""
"SO","JkxoNvM","","","","","","","","","",""
"SO","JkxoNvQ","すべての医行為は指導医とともに行う前提であると考えられる。方略などで述べる。","死亡診断書/死体検案書は、厚労省医行為検討部会でも、学生単独では発行できないことになっているので、作成できるレベルは修正が必要です","","指導医とともに作成できる","","","","","","記載方法を説明できる"
"SO","JkxoNvU","","","","","","","","","",""
"SO","JkxoNvY","","","","","","","","","",""
"SO","JkxoNvc","","他チーム（総合など）と類似があるかどうか検討をお願いします
代弁者となることができる、は卒業時のレベルとして適切でしょうか","","","","","漠然としていて、できるの評価が困難∴割愛","","","句点"
"SO","JkxoNvg","30年後を見据えた場合必要と考える。","他チーム（総合など）と類似があるかどうか検討をお願いします
社会に対して行動できる、は卒業時のレベルとして適切でしょうか","","","","","漠然としていて、できるの評価が困難∴割愛","","","句点"
"SO","JkxoNvk","","生活者への積極的な働きかけをおこなうことができる・・・方略と評価は？","上記の「健康の概念」と重なる","","","","","","","句点"
"SO","JkxoNvo","一部文言修正。","バリヤ？バリア？
文節の切れがよくないので、バリアフリーなどの障害と読める","","バリアフリーのほうが適切かと思います。https://www8.cao.go.jp/souki/barrier-free/link/bfsyoutyou.html","","","","","","句点"
"SO","JkxoNvs","30年後を見据えた場合必要と考える。一部文言修正。","積極的な行動をとる、は学生レベルの到達目標ではありません
LGBTQでしょうか？ 性的マイノリティとどちらの表現がいい？","","H28年度版 C-05-06-05 「ジェンダーの形成並びに性的指向及び性自認への配慮方法を説明できる。」はR4年度版のどこからも消えています。ジェンダー不平等をなくすためにはこれらの知識は必要だと思うので、あえて消したのでなければ別立てにして残してもよいのでは。","","","","","","句点"
"SO","JkxoNvw","30年後を見据えた場合必要と考える。","気候変動で3つの項目を作るのは論外です
国試出題基準にもなくすべて削除でよいと思います","","","","","","","","句点"
"SO","JkxoNv0","30年後を見据えた場合必要と考える。","気候変動で3つの項目を作るのは論外です
国試出題基準にもなくすべて削除でよいと思います","","アウトカムとしての表現を意識するなら、「〜に関する課題を説明しうる仮説として、気候変動の影響を想起できる」","","55に統合、または割愛で良いのでは？","","","","句点"
"SO","JkxoNv4","30年後を見据えた場合必要と考える。","気候変動で3つの項目を作るのは論外です
国試出題基準にもなくすべて削除でよいと思います","","医学生・医師としての能力という意味を明確にしたほうが良いように思います。「〜を認識し、医療の中でその解決のために行動できる」","","","５５，５６と５７は、統合できそうです。","","","句点"
"SO","JkxoNv8","教養教育の内容を組み込んだ","この項目で、学修目標となるかどうか疑問
もともとH28年版から無理があったのではないか","","あまりにもひろいので、「医学・医療に関連した現代思想・哲学の語彙を概説できる」。この項目の文中か、どこか他に具体的に何が含まれるかがまとまっていないと、カリキュラム策定に利用しにくい。","","問が漠然としているので削除で良いのでは？","","","","句点"
"SO","JkxoNwA","","学生の到達の確認が非常に困難ですが","","カリキュラムに反映させるならもう少し具体的なほうがよいですし、倫理的問題について医学生に対応できるレベルを求めるのは現実的ではないと思うので、「〜倫理的問題について、Jonsenの四分割法などの臨床倫理アプローチを用いて分析し、対応を説明できる」","","","何科に進んでも大切な各科特有の倫理課題を確実に触れていただく必要がありますので、　　各科診療現場　　　としてもよいかもしれません。","","",""
"SO","JkxoNwE","６１、６２を統合","下の項目と統合","","","","","","","",""
"SO","JkxoNwI","","上の項目と統合","","","","","","","",""
"SO","JkxoNwM","","","","","","","","","",""
"SO","JkxoNwQ","","","","","","","","","",""
"SO","JkxoNwU","","","","","","","","","",""
"SO","JkxoNwY","医療計画に変更しました。","","","","","","","「地域医療計画」という用語はなく（ローカルにそのような名称の都道府県はあるかもしれませんが）、全国的には「医療計画」です","",""
"SO","JkxoNwc","67,68を含む文言に変更しました。","新設する意義はなんでしょうか？
下の項目と統合可能かと思います","","アウトカムとしての表現を意識するなら、「〜医療・健康課題について、歴史・社会的背景を踏まえて分析できる」","","","","","",""
"SO","JkxoNwg","削除、66に統合","詳細は別表とすることも可能かと思います
その際、どれを削除するのかを専門家以外が考えるべきです","","","","","","","",""
"SO","JkxoNwk","削除、66に統合","","","","","","","","",""
"SO","JkxoNwo","H28のうち、66, 70に含まれない内容をこちらに記載しました。","H２８版からUHCだけをことさら選んだ理由が知りたいです
他の項目はどのように扱うのでしょうか","","日本語（英語<略語>」に統一するなら「ユニバーサル・ヘルス・カバレッジ(Universal Health Coverage :<UHC>)　https://www.mhlw.go.jp/stf/seisakunitsuite/bunya/0000158223_00002.html","UHC〈Universal health coverage〉と記載","","","","",""
"SO","JkxoNws","H28のうち、66, 69に含まれない内容をこちらに記載しました。SDGから国連関連開発指標、国際援助組織を国際機関・組織・団体へと文言を変更しています。","H２８版からSDGsだけをことさら選んだ理由が知りたいです
他の項目はどのように扱うのでしょうか","","保健関連の持続可能な開発目標（Sustainable Development Goals <SDGs>）」","","","","SDGsは2030年で終了（一方、このコアカリは2036年まで使われる）。「国際援助組織」も何を指すかわかりづらい。もしWHO等国連機関を指すなら、まとめて、「保健関連の国連開発目標や国際機関を概説できる」としたほうがいいと思います。","67と合わせて、SDGｓの言葉は少しぼやかしてはいかがでしょうか",""
"SO","JkxoNww","査読コメントにあるように、具体的に何にどう実践できることを求めるか明確に記載できていないため、総合に一部移しました。ここでは、総合にあった項目を社会に移し、整合性を取りました。「日常生活や外来診療・在宅療養・入院・施設入所等において、健康・病気・死の捉え方を探索できる。」","","","具体的に何にどう実践できることを求めるか、総合82-84に記載されている内容以外なら明確に記載したほうがよいし、重複するなら削除でよいのでは？","","問が漠然としているので削除で良いのでは？","","","",""
"SO","JkxoNw0","システム論という言葉を削除し、なるべく理解しやすいような形に修正しました。","システム論という文言の使用について吟味をお願いします
医学の領域ですと、System biologyなど最近の流れのほうを想定する人がおおいと思います","","","","","","","",""
"SO","JkxoNw4","総合に移したため、この文言は削除しました。","総合と同様の内容について検討をお願いします","","かなり大きな統合された能力。「人びとの生活の場において健康・病気・死とそれらをめぐる医療がどのようにとらえられているかを探索することを通じて」の部分は、71、72にも関連するように思えるので、第2層の説明に移動しては。後半部分は71と統合し、「社会科学（主に医療人類学や医療社会学）の基本的な視点・方法・理論を用いて、予防医学や健康維持増進、在宅療養・入院・施設入所等の関係を総合的に考察できる。」","","問が漠然としているので割愛で良いのでは？","削除考慮です。","","",""
"","JkxpswU","","","","","","","","","",""
"","Jkxnuc0","","","","","","","","","",""
"","Jkxp2Ik","","","","","","","","","",""
"","JkxoNw8","(返答）項目を超えた査読コメントにあるように、「C-05-07-na-07 個と集団に及ぼす文化的影響を例示できる。」「C-05-07-na-08 文化・慣習によってコミュニケーションのあり方が異なることを例示できる。」は他でも全く扱われていません。この総合で捉えている範囲よりもより国際的な意味合いも含まれていると思いますが、コミュニケーションか社会か総合かで扱うことはできるでしょうか。に対応し、社会科学と医療との関係に追記し、71と統合しました。また、総合との違いを明確にわかるようにも修正しました。","","","","","","","","",""
"","JkxoNxA","","","","","","","","","",""
